Experiment Name,Feature Combo,Model Type,Horizon,Bear Threshold,Test Market Regime,Test Market Return,Test Bull Ratio,Test Bear Ratio,MAE,MSE,RMSE,Direction Acc,Correlation,R2,Sharpe,Sortino,Max DD,CAGR,Total Return,Win Rate,N Trades,Avg Trade Return,Buy & Hold Benchmark Name,Buy & Hold Return,Buy & Hold CAGR,Buy & Hold Sharpe,Buy & Hold Max DD,Buy & Hold Return Raw,Buy & Hold Return After Cost,Excess Return vs B&H,Beats Buy & Hold,Val Sharpe,Val CAGR,Best Holding Days,Best Cooldown,Best Threshold,Best Base Exposure,Best Defensive Exposure,Best Signal EMA Alpha
stock_only_regime_embedding_h1_t10,stock_only,regime_embedding,1,-0.1,bull,0.31420705833501517,0.8853503184713376,0.11464968152866242,0.05283561,0.0050555416,0.07110233,0.5859872611464968,-0.0332056697035935,-44.144577,1.737916366459515,2.4694825200332344,-0.07229461945736322,0.3496366868789098,0.20395553168813607,0.5733333333333334,2,0.0015068187612121678,after_cost,0.3038350128170939,0.5350724548676411,2.5032908936382015,-0.067043511167818,0.31420705833501494,0.3038350128170939,-0.09987948112895784,False,0.4498721546006826,0.08665349409723944,5,0,0.004,,,
stock_only_regime_embedding_h1_t12,stock_only,regime_embedding,1,-0.12,bull,0.31420705833501517,0.9681528662420382,0.03184713375796178,0.044592973,0.0025048233,0.05004821,0.5732484076433121,-0.051865460117692073,-21.367374,2.131427620371172,3.253919680886858,-0.06704351116781826,0.43529000497510895,0.2506999232342473,0.5789473684210527,4,0.0017360947111388352,after_cost,0.3038350128170939,0.5350724548676411,2.5032908936382015,-0.067043511167818,0.31420705833501494,0.3038350128170939,-0.05313508958284663,False,0.6975788883671118,0.12030390004173519,2,0,0.004,,,
stock_only_regime_embedding_h1_t15,stock_only,regime_embedding,1,-0.15,bull,0.31420705833501517,1.0,0.0,0.04986616,0.0035602734,0.059668027,0.5732484076433121,-0.05730300751162923,-30.792252,2.2817655350454458,3.4495422720364792,-0.06704351116781805,0.48137357450068685,0.27540909632509725,0.5806451612903226,2,0.0017803451393598843,after_cost,0.3038350128170939,0.5350724548676411,2.5032908936382015,-0.067043511167818,0.31420705833501494,0.3038350128170939,-0.02842591649199666,False,1.1468683304290768,0.20202887037925632,5,0,0.008,,,
stock_only_regime_embedding_h1_t18,stock_only,regime_embedding,1,-0.18,bull,0.31420705833501517,1.0,0.0,0.065549344,0.004970764,0.070503645,0.5859872611464968,0.03577468904072848,-43.38754,2.2840940517282777,3.4740367397470875,-0.06704351116781855,0.4835298373039487,0.27655801772744604,0.5844155844155844,3,0.0018490768732241712,after_cost,0.3038350128170939,0.5350724548676411,2.5032908936382015,-0.067043511167818,0.31420705833501494,0.3038350128170939,-0.02727699508964787,False,1.1959178138648932,0.23251319913604096,3,0,0.006,,,
stock_only_regime_embedding_h1_t20,stock_only,regime_embedding,1,-0.2,bull,0.31420705833501517,1.0,0.0,0.06353424,0.0049986662,0.07070125,0.5796178343949044,0.0568204292893754,-43.6367,2.2861903238090635,3.4539100665946716,-0.06704351116781826,0.48212755701626175,0.27581091318309303,0.5806451612903226,2,0.0017823058841435818,after_cost,0.3038350128170939,0.5350724548676411,2.5032908936382015,-0.067043511167818,0.31420705833501494,0.3038350128170939,-0.028024099634000876,False,1.669121252680953,0.2900526787307085,2,0,0.004,,,
stock_only_regime_embedding_h2_t10,stock_only,regime_embedding,2,-0.1,bull,0.31895716091487736,0.8846153846153846,0.11538461538461539,0.06575812,0.006004783,0.07749053,0.6346153846153846,-0.1494576663343509,-30.557894,2.352414392926513,3.5131592834032177,-0.0670435111678181,0.498603392325077,0.2825115084150791,0.5882352941176471,2,0.0018394721526616734,after_cost,0.3086365680704901,0.5485497707825309,2.558576556416447,-0.067043511167818,0.31895716091487736,0.3086365680704901,-0.02612505965541101,False,1.082112917086575,0.2149718615712759,5,0,0.006,,,
stock_only_regime_embedding_h2_t12,stock_only,regime_embedding,2,-0.12,bull,0.31895716091487736,0.967948717948718,0.03205128205128205,0.06495358,0.0057013817,0.07550749,0.5769230769230769,-0.07260376911078853,-28.963383,2.0911046851815023,3.1893042220515317,-0.061919749422876834,0.3913864876514648,0.22526991569261368,0.5625,2,0.0018292693765419774,after_cost,0.3086365680704901,0.5485497707825309,2.558576556416447,-0.067043511167818,0.31895716091487736,0.3086365680704901,-0.08336665237787644,False,1.1404747449218133,0.2278458182642602,2,0,0.008,,,
stock_only_regime_embedding_h2_t15,stock_only,regime_embedding,2,-0.15,bull,0.31895716091487736,1.0,0.0,0.08704769,0.009912911,0.0995636,0.6346153846153846,0.06861865776697938,-51.096905,2.468276362948573,3.6772873768729273,-0.06704351116781794,0.528680910520863,0.2982833466886383,0.5870967741935483,1,0.0018441506546506376,after_cost,0.3086365680704901,0.5485497707825309,2.558576556416447,-0.067043511167818,0.31895716091487736,0.3086365680704901,-0.010353221381851796,False,1.2939761873340672,0.2627599952027111,5,0,0.008,,,
stock_only_regime_embedding_h2_t18,stock_only,regime_embedding,2,-0.18,bull,0.31895716091487736,1.0,0.0,0.13673533,0.027609024,0.16615963,0.6346153846153846,0.005720217297642067,-144.09811,2.468276362948573,3.6772873768729273,-0.06704351116781794,0.528680910520863,0.2982833466886383,0.5870967741935483,1,0.0018441506546506376,after_cost,0.3086365680704901,0.5485497707825309,2.558576556416447,-0.067043511167818,0.31895716091487736,0.3086365680704901,-0.010353221381851796,False,1.3164242090451954,0.2689678650287659,2,0,0.004,,,
stock_only_regime_embedding_h2_t20,stock_only,regime_embedding,2,-0.2,bull,0.31895716091487736,1.0,0.0,0.058089856,0.0046430076,0.06813962,0.6346153846153846,-0.20286964135207292,-23.40114,2.468276362948573,3.6772873768729273,-0.06704351116781794,0.528680910520863,0.2982833466886383,0.5870967741935483,1,0.0018441506546506376,after_cost,0.3086365680704901,0.5485497707825309,2.558576556416447,-0.067043511167818,0.31895716091487736,0.3086365680704901,-0.010353221381851796,False,1.171478950476585,0.23658581504160625,3,0,0.008,,,
stock_only_regime_embedding_h3_t10,stock_only,regime_embedding,3,-0.1,bull,0.30728921011851873,0.8838709677419355,0.11612903225806452,0.062246766,0.004637898,0.068102114,0.5483870967741935,-0.09328911705018049,-16.034676,2.1922958407461155,3.3249330667117336,-0.06191974942287694,0.41409965202767873,0.2358336305050961,0.5658914728682171,1,0.0018207374071255308,after_cost,0.2970429271582975,0.5305037237903183,2.4831610529317247,-0.067043511167818,0.30728921011851873,0.2970429271582975,-0.061209296653201406,False,1.0835870560807968,0.20959798409521335,3,0,0.004,,,
stock_only_regime_embedding_h3_t12,stock_only,regime_embedding,3,-0.12,bull,0.30728921011851873,0.967741935483871,0.03225806451612903,0.09626268,0.01536561,0.123958096,0.5096774193548387,-0.09048848085223872,-55.43681,1.7981128040788863,2.4559026960715107,-0.0670435111678183,0.3420390431414695,0.19695742524762827,0.568,2,0.0016898841653157073,after_cost,0.2970429271582975,0.5305037237903183,2.4831610529317247,-0.067043511167818,0.30728921011851873,0.2970429271582975,-0.10008550191066923,False,0.910065209031987,0.17851011635166447,5,0,0.004,,,
stock_only_regime_embedding_h3_t15,stock_only,regime_embedding,3,-0.15,bull,0.30728921011851873,1.0,0.0,0.084029,0.007829006,0.08848167,0.5483870967741935,-0.06148065783846874,-27.755392,1.7282437226415064,2.3933687317457055,-0.07210480011973266,0.3314192101861413,0.191160180972356,0.5615384615384615,1,0.0015286668634079984,after_cost,0.2970429271582975,0.5305037237903183,2.4831610529317247,-0.067043511167818,0.30728921011851873,0.2970429271582975,-0.10588274618594151,False,1.384982516383769,0.27935901892575954,5,0,0.004,,,
stock_only_regime_embedding_h3_t18,stock_only,regime_embedding,3,-0.18,bull,0.30728921011851873,1.0,0.0,0.08664341,0.011850706,0.10886095,0.6129032258064516,0.10790768996117132,-42.526817,2.0808447226151587,3.103797334390935,-0.06704351116781787,0.42949049500495895,0.24403614713690258,0.5862068965517241,5,0.0018921509488230386,after_cost,0.2970429271582975,0.5305037237903183,2.4831610529317247,-0.067043511167818,0.30728921011851873,0.2970429271582975,-0.05300678002139492,False,1.4742206364354804,0.2955925838958142,8,0,0.01,,,
stock_only_regime_embedding_h3_t20,stock_only,regime_embedding,3,-0.2,bull,0.30728921011851873,1.0,0.0,0.10534946,0.012579642,0.11215901,0.6193548387096774,0.07006683140143118,-45.204144,2.39304000776874,3.574187681434888,-0.06704351116781794,0.5107397174056729,0.2867814283630783,0.5844155844155844,1,0.0017981691534278193,after_cost,0.2970429271582975,0.5305037237903183,2.4831610529317247,-0.067043511167818,0.30728921011851873,0.2970429271582975,-0.010261498795219204,False,1.3164242090451954,0.2689678650287659,3,0,0.004,,,
stock_only_regime_embedding_h4_t10,stock_only,regime_embedding,4,-0.1,bull,0.29886393640754916,0.8831168831168831,0.11688311688311688,0.079836115,0.008782465,0.0937148,0.5909090909090909,-0.07900075023669734,-24.45253,1.9243803156159522,2.833101987470689,-0.06700883478225786,0.345999917926167,0.1977019876272439,0.5625,1,0.0015862327158123759,after_cost,0.2886536270514266,0.5184510658808212,2.427438682999829,-0.067043511167818,0.29886393640754894,0.2886536270514266,-0.09095163942418272,False,1.1141595094441834,0.2212746198356581,8,0,0.004,,,
stock_only_regime_embedding_h4_t12,stock_only,regime_embedding,4,-0.12,bull,0.29886393640754916,0.9675324675324676,0.032467532467532464,0.07026135,0.006268351,0.07917292,0.6688311688311688,-0.08355072309674538,-17.166355,2.337504310704812,3.519282540736502,-0.06704351116781794,0.4987153775124664,0.2784584998397046,0.5816993464052288,1,0.0017675254980400398,after_cost,0.2886536270514266,0.5184510658808212,2.427438682999829,-0.067043511167818,0.29886393640754894,0.2886536270514266,-0.010195127211722,False,1.076595395851448,0.2113950495642518,3,0,0.008,,,
stock_only_regime_embedding_h4_t15,stock_only,regime_embedding,4,-0.15,bull,0.29886393640754916,1.0,0.0,0.11228623,0.013966626,0.118180476,0.5909090909090909,-0.14570103262123565,-39.476784,2.200445842163908,3.3479480793010126,-0.06191974942287694,0.41730573647856284,0.2358336305050961,0.5658914728682171,1,0.0018207374071255308,after_cost,0.2886536270514266,0.5184510658808212,2.427438682999829,-0.067043511167818,0.29886393640754894,0.2886536270514266,-0.05281999654633052,False,1.3477642149985078,0.272125788314733,3,0,0.004,,,
stock_only_regime_embedding_h4_t18,stock_only,regime_embedding,4,-0.18,bull,0.29886393640754916,1.0,0.0,0.08387193,0.009695742,0.09846696,0.45454545454545453,-0.017529362483777438,-27.099304,0.4843771304659176,0.593534450908845,-0.06700883478225751,0.07050179705095894,0.04223050169200682,0.5138888888888888,6,0.0012820112041013506,after_cost,0.2886536270514266,0.5184510658808212,2.427438682999829,-0.067043511167818,0.29886393640754894,0.2886536270514266,-0.2464231253594198,False,1.6024777003824584,0.2900779925153123,3,0,0.006,,,
stock_only_regime_embedding_h4_t20,stock_only,regime_embedding,4,-0.2,bull,0.29886393640754916,1.0,0.0,0.0717213,0.0072387084,0.0850806,0.6298701298701299,0.12905238705995833,-19.978558,2.2058857013371287,3.3296766234201907,-0.06704351116781812,0.44694525792490003,0.25146107764566783,0.5821917808219178,3,0.0017552612370281065,after_cost,0.2886536270514266,0.5184510658808212,2.427438682999829,-0.067043511167818,0.29886393640754894,0.2886536270514266,-0.03719254940575878,False,1.3519601738376283,0.2755422749404228,8,0,0.008,,,
stock_only_regime_embedding_h5_t10,stock_only,regime_embedding,5,-0.1,bull,0.2960480308913589,0.8823529411764706,0.11764705882352941,0.041128207,0.0029089719,0.053934887,0.5228758169934641,-0.1392352719776412,-6.1379275,0.3520942293798521,0.4605843066731473,-0.09341442140897294,0.06421909551189553,0.03825598011997222,0.5636363636363636,9,0.0012624538851689175,after_cost,0.28588449631363577,0.5172088068686505,2.417718838753931,-0.067043511167818,0.2960480308913589,0.28588449631363577,-0.24762851619366355,False,1.384982516383769,0.27935901892575954,5,0,0.006,,,
stock_only_regime_embedding_h5_t12,stock_only,regime_embedding,5,-0.12,bull,0.2960480308913589,0.9673202614379085,0.032679738562091505,0.064861506,0.0064342273,0.080213636,0.5882352941176471,-0.21911979484267427,-14.788069,1.9316815367159628,2.8530326838319957,-0.06700883478225786,0.34863371910636776,0.1977019876272439,0.5625,1,0.0015862327158123759,after_cost,0.28588449631363577,0.5172088068686505,2.417718838753931,-0.067043511167818,0.2960480308913589,0.28588449631363577,-0.08818250868639188,False,1.3477642149985078,0.272125788314733,8,0,0.004,,,
stock_only_regime_embedding_h5_t15,stock_only,regime_embedding,5,-0.15,bull,0.2960480308913589,1.0,0.0,0.056030117,0.004355705,0.065997764,0.48366013071895425,-0.06510734397073933,-9.687868,1.5372520025962098,2.027382909612657,-0.061919749422876924,0.2610558945739707,0.15016565082769628,0.5784313725490197,6,0.0020499275428665074,after_cost,0.28588449631363577,0.5172088068686505,2.417718838753931,-0.067043511167818,0.2960480308913589,0.28588449631363577,-0.1357188454859395,False,1.303851081563838,0.264837151267036,3,0,0.004,,,
stock_only_regime_embedding_h5_t18,stock_only,regime_embedding,5,-0.18,bull,0.2960480308913589,1.0,0.0,0.094446555,0.021280061,0.14587687,0.5816993464052288,-0.13528715648633277,-51.21623,2.055916920158456,3.1673788539631436,-0.06191974942287727,0.3882976999946026,0.21882650011831362,0.5625,2,0.0017881685709483363,after_cost,0.28588449631363577,0.5172088068686505,2.417718838753931,-0.067043511167818,0.2960480308913589,0.28588449631363577,-0.06705799619532216,False,1.3477642149985078,0.272125788314733,8,0,0.004,,,
stock_only_regime_embedding_h5_t20,stock_only,regime_embedding,5,-0.2,bull,0.2960480308913589,1.0,0.0,0.10334486,0.013088943,0.11440692,0.6862745098039216,-0.10714733130800842,-31.117165,2.3274826539876554,3.497589782817188,-0.06704351116781794,0.49736038293425344,0.27571127695949893,0.5789473684210527,1,0.001764859967893226,after_cost,0.28588449631363577,0.5172088068686505,2.417718838753931,-0.067043511167818,0.2960480308913589,0.28588449631363577,-0.010173219354136842,False,1.3164242090451954,0.2689678650287659,3,0,0.004,,,
stock_only_regime_embedding_h6_t10,stock_only,regime_embedding,6,-0.1,bull,0.2886852601254528,0.881578947368421,0.11842105263157894,0.06714026,0.0055963113,0.0748085,0.6644736842105263,0.014331396541426306,-11.046202,0.7473506131946993,1.1197769037037362,-0.08753697953981536,0.13951650245673797,0.0814024646202145,0.5639097744360902,14,0.0015365749727947128,after_cost,0.27865214585187514,0.5071495315190908,2.379655415337988,-0.067043511167818,0.2886852601254528,0.27865214585187514,-0.19724968123166065,False,0.3350394283936336,0.06397344595187215,10,1,0.008,,,
stock_only_regime_embedding_h6_t12,stock_only,regime_embedding,6,-0.12,bull,0.2886852601254528,0.9671052631578947,0.03289473684210526,0.13589935,0.034461178,0.18563722,0.631578947368421,0.02241692804981763,-73.17856,1.3966336709543252,1.8262331436628128,-0.06650278280887173,0.2621977325681717,0.14973083119240882,0.5739130434782609,5,0.0018283705184477682,after_cost,0.27865214585187514,0.5071495315190908,2.379655415337988,-0.067043511167818,0.2886852601254528,0.27865214585187514,-0.12892131465946632,False,1.4386447959092246,0.28440190637372487,10,0,0.008,,,
stock_only_regime_embedding_h6_t15,stock_only,regime_embedding,6,-0.15,bull,0.2886852601254528,1.0,0.0,0.08531358,0.011007994,0.10491899,0.6513157894736842,-0.10558239158466627,-22.694986,0.20238848397906062,0.283564607546337,-0.09151301677228756,0.04054064213129993,0.024098502407639222,0.55,12,0.0011821611748338175,after_cost,0.27865214585187514,0.5071495315190908,2.379655415337988,-0.067043511167818,0.2886852601254528,0.27865214585187514,-0.2545536434442359,False,0.2551628770978702,0.050421529159157874,10,1,0.004,,,
stock_only_regime_embedding_h6_t18,stock_only,regime_embedding,6,-0.18,bull,0.2886852601254528,1.0,0.0,0.07788152,0.007982428,0.089344434,0.7302631578947368,0.015675137852651583,-16.182379,0.3327763574551992,0.5020705090101324,-0.09646532079588761,0.0645618644204915,0.03819988987161227,0.5579710144927537,14,0.0013038071271231652,after_cost,0.27865214585187514,0.5071495315190908,2.379655415337988,-0.067043511167818,0.2886852601254528,0.27865214585187514,-0.24045225598026287,False,0.21428166677123556,0.043027768619008366,10,1,0.004,,,
stock_only_regime_embedding_h6_t20,stock_only,regime_embedding,6,-0.2,bull,0.2886852601254528,1.0,0.0,0.06304437,0.0060580955,0.07783377,0.7236842105263158,-0.06499246071470027,-12.040204,0.3327763574551992,0.5020705090101324,-0.09646532079588761,0.0645618644204915,0.03819988987161227,0.5579710144927537,14,0.0013038071271231652,after_cost,0.27865214585187514,0.5071495315190908,2.379655415337988,-0.067043511167818,0.2886852601254528,0.27865214585187514,-0.24045225598026287,False,0.21428166677123556,0.043027768619008366,10,1,0.004,,,
stock_only_regime_embedding_h7_t10,stock_only,regime_embedding,7,-0.1,bull,0.2679336825772676,0.8807947019867549,0.11920529801324503,0.11275433,0.015221302,0.12337464,0.7218543046357616,0.013604398189610354,-27.476784,2.1453856332711245,3.2211685488636626,-0.06704351116781794,0.45101831131242065,0.24805540358907696,0.5733333333333334,1,0.0016411924299905081,after_cost,0.25800807988514984,0.4705106128846732,2.2357005059453803,-0.067043511167818,0.2679336825772676,0.25800807988514984,-0.009952676296072882,False,1.1545204521210108,0.22990456128699432,5,0,0.008,,,
stock_only_regime_embedding_h7_t12,stock_only,regime_embedding,7,-0.12,bull,0.2679336825772676,0.9668874172185431,0.033112582781456956,0.14308013,0.034676064,0.1862151,0.6357615894039735,-0.12825879385281153,-63.87374,0.20386907579164065,0.2865892019209107,-0.09151301677228756,0.04081635551079277,0.024098502407639222,0.55,12,0.0011821611748338175,after_cost,0.25800807988514984,0.4705106128846732,2.2357005059453803,-0.067043511167818,0.2679336825772676,0.25800807988514984,-0.23390957747751062,False,0.2551628770978702,0.050421529159157874,10,1,0.004,,,
stock_only_regime_embedding_h7_t15,stock_only,regime_embedding,7,-0.15,bull,0.2679336825772676,1.0,0.0,0.0963324,0.012704493,0.11271421,0.7152317880794702,-0.041502002501099304,-22.768208,0.17707229427368162,0.2667547884400799,-0.09646532079588761,0.03627770641396988,0.021437968278873454,0.5547445255474452,14,0.0011938608038598918,after_cost,0.25800807988514984,0.4705106128846732,2.2357005059453803,-0.067043511167818,0.2679336825772676,0.25800807988514984,-0.2365701116062764,False,0.21428166677123556,0.043027768619008366,10,1,0.004,,,
stock_only_regime_embedding_h7_t18,stock_only,regime_embedding,7,-0.18,bull,0.2679336825772676,1.0,0.0,0.1154432,0.022984436,0.15160619,0.6556291390728477,0.04391224067339105,-42.000446,1.7537401356088707,2.5672544997878974,-0.06704351116781787,0.3488673279204819,0.19498551247664175,0.5714285714285714,5,0.0016130979154560894,after_cost,0.25800807988514984,0.4705106128846732,2.2357005059453803,-0.067043511167818,0.2679336825772676,0.25800807988514984,-0.06302256740850809,False,1.1730258906580973,0.23744217023919356,5,0,0.01,,,
stock_only_regime_embedding_h7_t20,stock_only,regime_embedding,7,-0.2,bull,0.2679336825772676,1.0,0.0,0.10645893,0.015043821,0.12265325,0.7284768211920529,-0.06270430518629098,-27.144743,0.17707229427368162,0.2667547884400799,-0.09646532079588761,0.03627770641396988,0.021437968278873454,0.5547445255474452,14,0.0011938608038598918,after_cost,0.25800807988514984,0.4705106128846732,2.2357005059453803,-0.067043511167818,0.2679336825772676,0.25800807988514984,-0.2365701116062764,False,0.21428166677123556,0.043027768619008366,10,1,0.004,,,
stock_only_regime_embedding_h8_t10,stock_only,regime_embedding,8,-0.1,bull,0.257504111465259,0.88,0.12,0.11541557,0.01856165,0.13624115,0.74,-0.14439058861883514,-32.00137,0.0973681359787648,0.14816279887725217,-0.10137710377809098,0.022049640096706513,0.012979139206229506,0.5514705882352942,14,0.0011416548802766196,after_cost,0.24759014394559964,0.4537310890390409,2.1576149349818396,-0.067043511167818,0.257504111465259,0.24759014394559964,-0.23461100473937013,False,0.21428166677123556,0.043027768619008366,10,1,0.004,,,
stock_only_regime_embedding_h8_t12,stock_only,regime_embedding,8,-0.12,bull,0.257504111465259,0.9666666666666667,0.03333333333333333,0.06809893,0.007024552,0.0838126,0.5133333333333333,-0.1340739684078725,-11.489183,1.2254865897971527,1.8115503235891155,-0.067043511167818,0.22823888311278506,0.12925039673428707,0.5615384615384615,5,0.0012972822690979486,after_cost,0.24759014394559964,0.4537310890390409,2.1576149349818396,-0.067043511167818,0.257504111465259,0.24759014394559964,-0.11833974721131257,False,1.5519214170053395,0.3174825211007337,8,0,0.004,,,
stock_only_regime_embedding_h8_t15,stock_only,regime_embedding,8,-0.15,bull,0.257504111465259,1.0,0.0,0.05719087,0.004610062,0.06789744,0.6466666666666666,-0.13949361897464066,-7.1963816,0.0973681359787648,0.14816279887725217,-0.10137710377809098,0.022049640096706513,0.012979139206229506,0.5514705882352942,14,0.0011416548802766196,after_cost,0.24759014394559964,0.4537310890390409,2.1576149349818396,-0.067043511167818,0.257504111465259,0.24759014394559964,-0.23461100473937013,False,0.3161784831301725,0.06120131601237322,10,1,0.004,,,
stock_only_regime_embedding_h8_t18,stock_only,regime_embedding,8,-0.18,bull,0.257504111465259,1.0,0.0,0.091626264,0.010388664,0.1019248,0.74,0.0987866064687865,-17.470348,0.0973681359787648,0.14816279887725217,-0.10137710377809098,0.022049640096706513,0.012979139206229506,0.5514705882352942,14,0.0011416548802766196,after_cost,0.24759014394559964,0.4537310890390409,2.1576149349818396,-0.067043511167818,0.257504111465259,0.24759014394559964,-0.23461100473937013,False,0.21428166677123556,0.043027768619008366,10,1,0.004,,,
stock_only_regime_embedding_h8_t20,stock_only,regime_embedding,8,-0.2,bull,0.257504111465259,1.0,0.0,0.10228187,0.024139157,0.1553678,0.6533333333333333,-0.08153928048228326,-41.917805,0.20536185024088294,0.2896543948776934,-0.09151301677228756,0.04109584427474111,0.024098502407639222,0.55,12,0.0011821611748338175,after_cost,0.24759014394559964,0.4537310890390409,2.1576149349818396,-0.067043511167818,0.257504111465259,0.24759014394559964,-0.22349164153796042,False,0.2551628770978702,0.050421529159157874,10,1,0.004,,,
stock_only_regime_embedding_h9_t10,stock_only,regime_embedding,9,-0.1,bull,0.2600971086382662,0.8791946308724832,0.12080536912751678,0.113078356,0.014396097,0.11998373,0.7718120805369127,-0.04063277251203357,-23.626068,0.11858519106114546,0.18066022687925168,-0.09952799865279559,0.025784304988278217,0.015063556291526004,0.5555555555555556,14,0.0011653543658401851,after_cost,0.25017391301634007,0.46255368795869867,2.188047295203274,-0.067043511167818,0.2600971086382662,0.25017391301634007,-0.23511035672481406,False,0.21428166677123556,0.043027768619008366,10,1,0.004,,,
stock_only_regime_embedding_h9_t12,stock_only,regime_embedding,9,-0.12,bull,0.2600971086382662,0.9664429530201343,0.03355704697986577,0.072590224,0.008788621,0.093747646,0.7516778523489933,-0.15176639391929556,-14.033879,2.0821885613733735,3.169933711737246,-0.06704351116781813,0.436328812762377,0.236959410447259,0.5753424657534246,2,0.0016781049115285034,after_cost,0.25017391301634007,0.46255368795869867,2.188047295203274,-0.067043511167818,0.2600971086382662,0.25017391301634007,-0.013214502569081077,False,1.1026451151445265,0.21501599396407123,5,0,0.008,,,
stock_only_regime_embedding_h9_t15,stock_only,regime_embedding,9,-0.15,bull,0.2600971086382662,1.0,0.0,0.07594415,0.0070507447,0.083968714,0.7718120805369127,-0.13232404161015365,-11.061055,0.11858519106114546,0.18066022687925168,-0.09952799865279559,0.025784304988278217,0.015063556291526004,0.5555555555555556,14,0.0011653543658401851,after_cost,0.25017391301634007,0.46255368795869867,2.188047295203274,-0.067043511167818,0.2600971086382662,0.25017391301634007,-0.23511035672481406,False,0.21428166677123556,0.043027768619008366,10,1,0.004,,,
stock_only_regime_embedding_h9_t18,stock_only,regime_embedding,9,-0.18,bull,0.2600971086382662,1.0,0.0,0.09381156,0.011313155,0.10636332,0.7651006711409396,0.0812804875035723,-18.352365,2.3563054946930593,3.6241183193793542,-0.06704351116781776,0.49984705785755557,0.2687985339369152,0.5782312925170068,1,0.0017318767065486098,after_cost,0.25017391301634007,0.46255368795869867,2.188047295203274,-0.067043511167818,0.2600971086382662,0.25017391301634007,0.018624620920575152,True,1.1763677544537212,0.22714946611984366,10,0,0.008,,,
stock_only_regime_embedding_h9_t20,stock_only,regime_embedding,9,-0.2,bull,0.2600971086382662,1.0,0.0,0.039300624,0.0028118866,0.053027224,0.7583892617449665,-0.0322917112872182,-3.8100338,0.11858519106114546,0.18066022687925168,-0.09952799865279559,0.025784304988278217,0.015063556291526004,0.5555555555555556,14,0.0011653543658401851,after_cost,0.25017391301634007,0.46255368795869867,2.188047295203274,-0.067043511167818,0.2600971086382662,0.25017391301634007,-0.23511035672481406,False,0.2551628770978702,0.050421529159157874,10,1,0.004,,,
stock_only_regime_embedding_h10_t10,stock_only,regime_embedding,10,-0.1,bull,0.26062312940960397,0.8783783783783784,0.12162162162162163,0.11551668,0.015439114,0.12425423,0.7635135135135135,-0.009805662368329755,-24.003063,0.2012894637301391,0.3049463633209098,-0.09202149479406263,0.04066720231847509,0.02352531689125792,0.5597014925373134,14,0.001177164998740043,after_cost,0.25061681442805317,0.4672318210107913,2.192813067202661,-0.067043511167818,0.2606231294096042,0.25061681442805317,-0.22709149753679525,False,0.21428166677123556,0.043027768619008366,10,1,0.004,,,
stock_only_regime_embedding_h10_t12,stock_only,regime_embedding,10,-0.12,bull,0.26062312940960397,0.9662162162162162,0.033783783783783786,0.11168683,0.01926444,0.13879639,0.7567567567567568,0.1885687876457972,-30.198032,1.0674977722191241,1.534516701576888,-0.10691181141964216,0.19815787231075888,0.1112195153274742,0.5984251968503937,13,0.0018191619097482404,after_cost,0.25061681442805317,0.4672318210107913,2.192813067202661,-0.067043511167818,0.2606231294096042,0.25061681442805317,-0.13939729910057896,False,0.0066919980370507,0.005622528054771259,10,1,0.01,,,
stock_only_regime_embedding_h10_t15,stock_only,regime_embedding,10,-0.15,bull,0.26062312940960397,1.0,0.0,0.14545582,0.025742514,0.16044474,0.7364864864864865,-0.0340651578605148,-40.68903,2.1024399880611293,3.170055115741284,-0.06704351116781794,0.44738876228261737,0.24072261380768478,0.5782312925170068,1,0.0016351023415029711,after_cost,0.25061681442805317,0.4672318210107913,2.192813067202661,-0.067043511167818,0.2606231294096042,0.25061681442805317,-0.009894200620368387,False,1.4589464679791517,0.2924937757765518,8,0,0.004,,,
stock_only_regime_embedding_h10_t18,stock_only,regime_embedding,10,-0.18,bull,0.26062312940960397,1.0,0.0,0.078749515,0.009101632,0.09540247,0.7094594594594594,-0.16723903845245577,-13.73975,1.8119565701457019,2.747804489824809,-0.0670435111678178,0.37396474779712685,0.20360992659517319,0.5694444444444444,3,0.001511780665899805,after_cost,0.25061681442805317,0.4672318210107913,2.192813067202661,-0.067043511167818,0.2606231294096042,0.25061681442805317,-0.047006887832879984,False,1.370298849284851,0.2792055728405416,5,0,0.004,,,
stock_only_regime_embedding_h10_t20,stock_only,regime_embedding,10,-0.2,bull,0.26062312940960397,1.0,0.0,0.1479309,0.028460357,0.16870198,0.7364864864864865,-0.1467096876762636,-45.090477,1.883249448211577,2.852347454183887,-0.06704351116781812,0.3934587124315061,0.21354223230633895,0.5734265734265734,2,0.0015806310165697411,after_cost,0.25061681442805317,0.4672318210107913,2.192813067202661,-0.067043511167818,0.2606231294096042,0.25061681442805317,-0.03707458212171422,False,1.2007375774043587,0.24282068125122636,5,0,0.004,,,
stock_only_regime_switch_h1_t10,stock_only,regime_switch,1,-0.1,bull,0.31420705833501517,0.8853503184713376,0.11464968152866242,0.008820394,0.00012907588,0.011361157,0.5859872611464968,-0.046322908764214195,-0.15261161,0.37603507289793925,0.2769049834861573,-0.04615479758251645,0.04409742797762117,0.027073650284527462,0.6333333333333333,4,0.0022459999383994847,after_cost,0.3038350128170939,0.5350724548676411,2.5032908936382015,-0.067043511167818,0.31420705833501494,0.3038350128170939,-0.27676136253256645,False,1.409908037557397,0.2499649032708875,3,0,0.006,,,
stock_only_regime_switch_h1_t12,stock_only,regime_switch,1,-0.12,bull,0.31420705833501517,0.9681528662420382,0.03184713375796178,0.009286652,0.00014443883,0.012018271,0.5859872611464968,0.0453399224951359,-0.28979862,2.4140782506336724,3.629239413034517,-0.06704351116781794,0.5155019647285639,0.29351977873112567,0.5833333333333334,1,0.0018092432287920767,after_cost,0.3038350128170939,0.5350724548676411,2.5032908936382015,-0.067043511167818,0.31420705833501494,0.3038350128170939,-0.010315234085968239,False,1.3164242090451954,0.2689678650287659,2,0,0.004,,,
stock_only_regime_switch_h1_t15,stock_only,regime_switch,1,-0.15,bull,0.31420705833501517,1.0,0.0,0.008288854,0.0001131924,0.010639192,0.5859872611464968,0.053751153049731284,-0.010776639,0.37727946580872185,0.21880052765659397,-0.01690154068233107,0.03569468819540922,0.021948893742152142,0.6,1,0.0020077843608597703,after_cost,0.3038350128170939,0.5350724548676411,2.5032908936382015,-0.067043511167818,0.31420705833501494,0.3038350128170939,-0.28188611907494177,False,0.05630870005110088,0.018418424138254563,5,0,0.004,,,
stock_only_regime_switch_h1_t18,stock_only,regime_switch,1,-0.18,bull,0.31420705833501517,1.0,0.0,0.011027864,0.00020325044,0.014256593,0.5859872611464968,0.04343104973343752,-0.8149699,2.4140782506336724,3.629239413034517,-0.06704351116781794,0.5155019647285639,0.29351977873112567,0.5833333333333334,1,0.0018092432287920767,after_cost,0.3038350128170939,0.5350724548676411,2.5032908936382015,-0.067043511167818,0.31420705833501494,0.3038350128170939,-0.010315234085968239,False,1.3164242090451954,0.2689678650287659,2,0,0.004,,,
stock_only_regime_switch_h1_t20,stock_only,regime_switch,1,-0.2,bull,0.31420705833501517,1.0,0.0,0.012423578,0.00023927003,0.015468355,0.5859872611464968,0.0510500848563022,-1.1366148,2.614096541721477,3.5775200170567665,-0.06704351116781783,0.5172024933551849,0.29441810022383375,0.6015037593984962,1,0.002058110934884001,after_cost,0.3038350128170939,0.5350724548676411,2.5032908936382015,-0.067043511167818,0.31420705833501494,0.3038350128170939,-0.009416912593260163,False,1.3784151199794876,0.2806185822408773,2,0,0.01,,,
stock_only_regime_switch_h2_t10,stock_only,regime_switch,2,-0.1,bull,0.31895716091487736,0.8846153846153846,0.11538461538461539,0.010834469,0.0001921919,0.01386333,0.6346153846153846,-0.06944335851279454,-0.010056853,2.468276362948573,3.6772873768729273,-0.06704351116781794,0.528680910520863,0.2982833466886383,0.5870967741935483,1,0.0018441506546506376,after_cost,0.3086365680704901,0.5485497707825309,2.558576556416447,-0.067043511167818,0.31895716091487736,0.3086365680704901,-0.010353221381851796,False,1.2366527261751101,0.2440122998824099,5,0,0.004,,,
stock_only_regime_switch_h2_t12,stock_only,regime_switch,2,-0.12,bull,0.31895716091487736,0.967948717948718,0.03205128205128205,0.010840571,0.00019194446,0.013854402,0.6346153846153846,-0.05041427523108203,-0.008756399,2.468276362948573,3.6772873768729273,-0.06704351116781794,0.528680910520863,0.2982833466886383,0.5870967741935483,1,0.0018441506546506376,after_cost,0.3086365680704901,0.5485497707825309,2.558576556416447,-0.067043511167818,0.31895716091487736,0.3086365680704901,-0.010353221381851796,False,0.5214458104491998,0.09737724113740742,5,0,0.004,,,
stock_only_regime_switch_h2_t15,stock_only,regime_switch,2,-0.15,bull,0.31895716091487736,1.0,0.0,0.0110489875,0.00020200376,0.014212803,0.6346153846153846,0.049762077177217146,-0.06162262,-0.3347954372267092,-0.19630018626078619,-0.010278224625688148,0.012257482072608461,0.007521638342556258,0.8333333333333334,1,0.0025834201561420957,after_cost,0.3086365680704901,0.5485497707825309,2.558576556416447,-0.067043511167818,0.31895716091487736,0.3086365680704901,-0.30111492972793386,False,0.4015456606740804,0.06739347870089185,3,0,0.008,,,
stock_only_regime_switch_h2_t18,stock_only,regime_switch,2,-0.18,bull,0.31895716091487736,1.0,0.0,0.013014431,0.00025111562,0.015846629,0.36538461538461536,-0.051441676398577434,-0.31972802,0.0,0.0,0.0,0.0,0.0,0.0,0,0.0,after_cost,0.3086365680704901,0.5485497707825309,2.558576556416447,-0.067043511167818,0.31895716091487736,0.3086365680704901,-0.3086365680704901,False,0.0,0.0,2,0,0.004,,,
stock_only_regime_switch_h2_t20,stock_only,regime_switch,2,-0.2,bull,0.31895716091487736,1.0,0.0,0.011251815,0.00019780562,0.014064339,0.6346153846153846,-0.027792618795025148,-0.039559484,-0.20883178629985272,-0.14535456018158455,-0.04615479758251645,0.0032927277773073804,0.002024007392821048,0.52,2,0.0010809113695138576,after_cost,0.3086365680704901,0.5485497707825309,2.558576556416447,-0.067043511167818,0.31895716091487736,0.3086365680704901,-0.30661256067766907,False,1.406463346693689,0.14176898594869125,5,0,0.004,,,
stock_only_regime_switch_h3_t10,stock_only,regime_switch,3,-0.1,bull,0.30728921011851873,0.8838709677419355,0.11612903225806452,0.013438107,0.00027297827,0.016522054,0.6193548387096774,0.09552707266290217,-0.0026301146,0.5495018690774048,0.7326694933977301,-0.07396654932992018,0.09536913436893202,0.0572455370947087,0.5660377358490566,14,0.0018491187700345494,after_cost,0.2970429271582975,0.5305037237903183,2.4831610529317247,-0.067043511167818,0.30728921011851873,0.2970429271582975,-0.2397973900635888,False,0.2084211641094865,0.04122357909622387,8,1,0.004,,,
stock_only_regime_switch_h3_t12,stock_only,regime_switch,3,-0.12,bull,0.30728921011851873,0.967741935483871,0.03225806451612903,0.014946107,0.00033951926,0.018426048,0.38064516129032255,0.045255266153355504,-0.2470305,0.0,0.0,0.0,0.0,0.0,0.0,0,0.0,after_cost,0.2970429271582975,0.5305037237903183,2.4831610529317247,-0.067043511167818,0.30728921011851873,0.2970429271582975,-0.2970429271582975,False,0.0,0.0,3,0,0.004,,,
stock_only_regime_switch_h3_t15,stock_only,regime_switch,3,-0.15,bull,0.30728921011851873,1.0,0.0,0.013688355,0.00028228006,0.016801191,0.6193548387096774,-0.059550571421775,-0.0367949,2.39304000776874,3.574187681434888,-0.06704351116781794,0.5107397174056729,0.2867814283630783,0.5844155844155844,1,0.0017981691534278193,after_cost,0.2970429271582975,0.5305037237903183,2.4831610529317247,-0.067043511167818,0.30728921011851873,0.2970429271582975,-0.010261498795219204,False,0.4679549993236943,0.08209220476452628,3,0,0.004,,,
stock_only_regime_switch_h3_t18,stock_only,regime_switch,3,-0.18,bull,0.30728921011851873,1.0,0.0,0.013620527,0.000278701,0.01669434,0.6193548387096774,-0.0859625073812067,-0.023649216,2.39304000776874,3.574187681434888,-0.06704351116781794,0.5107397174056729,0.2867814283630783,0.5844155844155844,1,0.0017981691534278193,after_cost,0.2970429271582975,0.5305037237903183,2.4831610529317247,-0.067043511167818,0.30728921011851873,0.2970429271582975,-0.010261498795219204,False,1.3164242090451954,0.2689678650287659,3,0,0.004,,,
stock_only_regime_switch_h3_t20,stock_only,regime_switch,3,-0.2,bull,0.30728921011851873,1.0,0.0,0.015832623,0.00038970142,0.019740857,0.6193548387096774,0.007934806249112976,-0.43134606,2.39304000776874,3.574187681434888,-0.06704351116781794,0.5107397174056729,0.2867814283630783,0.5844155844155844,1,0.0017981691534278193,after_cost,0.2970429271582975,0.5305037237903183,2.4831610529317247,-0.067043511167818,0.30728921011851873,0.2970429271582975,-0.010261498795219204,False,1.3164242090451954,0.2689678650287659,3,0,0.004,,,
stock_only_regime_switch_h4_t10,stock_only,regime_switch,4,-0.1,bull,0.29886393640754916,0.8831168831168831,0.11688311688311688,0.015189496,0.00035640728,0.018878752,0.6688311688311688,0.09353347785791752,-0.03290665,2.2209559876762937,3.332285020036768,-0.08394250030114309,0.3419977703784529,0.19553856359113753,0.6363636363636364,11,0.0031567966964564584,after_cost,0.2886536270514266,0.5184510658808212,2.427438682999829,-0.067043511167818,0.29886393640754894,0.2886536270514266,-0.09311506346028908,False,0.07164865407632537,0.01984365764902507,8,1,0.004,,,
stock_only_regime_switch_h4_t12,stock_only,regime_switch,4,-0.12,bull,0.29886393640754916,0.9675324675324676,0.032467532467532464,0.01633069,0.00040753843,0.020187581,0.43506493506493504,-0.029524000373898993,-0.18109024,0.0,0.0,0.0,0.0,0.0,0.0,0,0.0,after_cost,0.2886536270514266,0.5184510658808212,2.427438682999829,-0.067043511167818,0.29886393640754894,0.2886536270514266,-0.2886536270514266,False,0.0,0.0,3,0,0.004,,,
stock_only_regime_switch_h4_t15,stock_only,regime_switch,4,-0.15,bull,0.29886393640754916,1.0,0.0,0.016716033,0.00041929772,0.02047676,0.33116883116883117,0.05965477060482547,-0.21517003,0.0,0.0,0.0,0.0,0.0,0.0,0,0.0,after_cost,0.2886536270514266,0.5184510658808212,2.427438682999829,-0.067043511167818,0.29886393640754894,0.2886536270514266,-0.2886536270514266,False,0.0,0.0,3,0,0.004,,,
stock_only_regime_switch_h4_t18,stock_only,regime_switch,4,-0.18,bull,0.29886393640754916,1.0,0.0,0.014823488,0.0003492322,0.018687755,0.6688311688311688,-0.04531049677437417,-0.012112498,1.1841762010650103,1.4546235992760437,-0.0538119584182473,0.17809050357074563,0.10462689259731617,0.5795454545454546,4,0.0016341897609637285,after_cost,0.2886536270514266,0.5184510658808212,2.427438682999829,-0.067043511167818,0.29886393640754894,0.2886536270514266,-0.18402673445411044,False,0.8899518859329171,0.17265957730040737,8,0,0.008,,,
stock_only_regime_switch_h4_t20,stock_only,regime_switch,4,-0.2,bull,0.29886393640754916,1.0,0.0,0.0150192,0.00036401476,0.019079171,0.6688311688311688,-0.04120149288729316,-0.054953933,2.337504310704812,3.519282540736502,-0.06704351116781794,0.4987153775124664,0.2784584998397046,0.5816993464052288,1,0.0017675254980400398,after_cost,0.2886536270514266,0.5184510658808212,2.427438682999829,-0.067043511167818,0.29886393640754894,0.2886536270514266,-0.010195127211722,False,1.3164242090451954,0.2689678650287659,3,0,0.004,,,
stock_only_regime_switch_h5_t10,stock_only,regime_switch,5,-0.1,bull,0.2960480308913589,0.8823529411764706,0.11764705882352941,0.016005322,0.00040756312,0.020188192,0.6862745098039216,0.054993296426724826,-6.330013e-05,2.3511289199192413,3.0421605016689925,-0.0670435111678182,0.43955712646868617,0.2457751290695489,0.5847457627118644,1,0.001988922841496172,after_cost,0.28588449631363577,0.5172088068686505,2.417718838753931,-0.067043511167818,0.2960480308913589,0.28588449631363577,-0.04010936724408687,False,0.7081252793920244,0.12970958419822587,5,0,0.01,,,
stock_only_regime_switch_h5_t12,stock_only,regime_switch,5,-0.12,bull,0.2960480308913589,0.9673202614379085,0.032679738562091505,0.016595664,0.00042603578,0.020640634,0.6862745098039216,-0.07603331251031878,-0.045390844,2.3274826539876554,3.497589782817188,-0.06704351116781794,0.49736038293425344,0.27571127695949893,0.5789473684210527,1,0.001764859967893226,after_cost,0.28588449631363577,0.5172088068686505,2.417718838753931,-0.067043511167818,0.2960480308913589,0.28588449631363577,-0.010173219354136842,False,1.3164242090451954,0.2689678650287659,3,0,0.004,,,
stock_only_regime_switch_h5_t15,stock_only,regime_switch,5,-0.15,bull,0.2960480308913589,1.0,0.0,0.015955094,0.0004059944,0.020149302,0.6862745098039216,0.06829367221341391,0.0037859678,2.4521368726817983,3.1095624985149795,-0.06704351116781795,0.45945399735256354,0.25613259643364583,0.5948275862068966,1,0.002094169183582053,after_cost,0.28588449631363577,0.5172088068686505,2.417718838753931,-0.067043511167818,0.2960480308913589,0.28588449631363577,-0.02975189987998994,False,0.9242068610865533,0.16908653474563629,5,0,0.008,,,
stock_only_regime_switch_h5_t18,stock_only,regime_switch,5,-0.18,bull,0.2960480308913589,1.0,0.0,0.015991526,0.00040688404,0.020171367,0.6862745098039216,0.0543200733256091,0.0016029477,2.4866292200879596,3.310517186103454,-0.06704351116781801,0.47844403922861645,0.2659658703409067,0.5952380952380952,1,0.0019923757181788894,after_cost,0.28588449631363577,0.5172088068686505,2.417718838753931,-0.067043511167818,0.2960480308913589,0.28588449631363577,-0.019918625972729087,False,1.005495653698741,0.19570782627907457,5,0,0.008,,,
stock_only_regime_switch_h5_t20,stock_only,regime_switch,5,-0.2,bull,0.2960480308913589,1.0,0.0,0.016046321,0.00041218617,0.020302368,0.6862745098039216,-0.048275475680295846,-0.011407256,0.3860955870739831,0.36175576531132525,-0.04615479758251645,0.05156487505047669,0.03079182013212245,0.5777777777777777,2,0.0012498744845629568,after_cost,0.28588449631363577,0.5172088068686505,2.417718838753931,-0.067043511167818,0.2960480308913589,0.28588449631363577,-0.2550926761815133,False,1.0360094684230283,0.1351010570493143,5,0,0.01,,,
stock_only_regime_switch_h6_t10,stock_only,regime_switch,6,-0.1,bull,0.2886852601254528,0.881578947368421,0.11842105263157894,0.017720675,0.0004837371,0.021994025,0.7302631578947368,-0.04105057458303038,-0.04125631,2.289029242452969,3.4382726813368425,-0.06704351116781794,0.4873029935018147,0.26853614492435773,0.5761589403973509,1,0.0017387107146540914,after_cost,0.27865214585187514,0.5071495315190908,2.379655415337988,-0.067043511167818,0.2886852601254528,0.27865214585187514,-0.01011600092751741,False,0.8924236687026846,0.1682508842179511,5,0,0.006,,,
stock_only_regime_switch_h6_t12,stock_only,regime_switch,6,-0.12,bull,0.2886852601254528,0.9671052631578947,0.03289473684210526,0.018308587,0.0005031193,0.022430321,0.7302631578947368,-0.0850738209700043,-0.08297706,0.8412027025856951,1.3224738254340347,-0.08346100054209997,0.1604265786477388,0.09324957349021834,0.5851851851851851,17,0.001771813149534671,after_cost,0.27865214585187514,0.5071495315190908,2.379655415337988,-0.067043511167818,0.2886852601254528,0.27865214585187514,-0.1854025723616568,False,0.1829106223228383,0.03637339368348402,8,1,0.004,,,
stock_only_regime_switch_h6_t15,stock_only,regime_switch,6,-0.15,bull,0.2886852601254528,1.0,0.0,0.020271076,0.00058871176,0.024263384,0.34210526315789475,0.009845837223346992,-0.26721692,0.0,0.0,0.0,0.0,0.0,0.0,0,0.0,after_cost,0.27865214585187514,0.5071495315190908,2.379655415337988,-0.067043511167818,0.2886852601254528,0.27865214585187514,-0.27865214585187514,False,0.0,0.0,5,0,0.004,,,
stock_only_regime_switch_h6_t18,stock_only,regime_switch,6,-0.18,bull,0.2886852601254528,1.0,0.0,0.016738437,0.00046773945,0.021627285,0.7302631578947368,0.20878802870919141,-0.0068210363,0.3327763574551992,0.5020705090101324,-0.09646532079588761,0.0645618644204915,0.03819988987161227,0.5579710144927537,14,0.0013038071271231652,after_cost,0.27865214585187514,0.5071495315190908,2.379655415337988,-0.067043511167818,0.2886852601254528,0.27865214585187514,-0.24045225598026287,False,0.21428166677123556,0.043027768619008366,10,1,0.004,,,
stock_only_regime_switch_h6_t20,stock_only,regime_switch,6,-0.2,bull,0.2886852601254528,1.0,0.0,0.01685272,0.00046189586,0.021491762,0.7302631578947368,0.11571377510361987,0.0057575107,1.7296369123407296,2.2991347943602087,-0.06166777047073729,0.3340755550223198,0.18852660095225215,0.5772357723577236,4,0.0019164414845388343,after_cost,0.27865214585187514,0.5071495315190908,2.379655415337988,-0.067043511167818,0.2886852601254528,0.27865214585187514,-0.09012554489962299,False,1.3307935032965175,0.26559799325553346,5,0,0.01,,,
stock_only_regime_switch_h7_t10,stock_only,regime_switch,7,-0.1,bull,0.2679336825772676,0.8807947019867549,0.11920529801324503,0.018884927,0.0005428045,0.023298165,0.7218543046357616,0.028117000904510085,-0.015506148,2.1715757078327123,2.878283068855483,-0.06704351116781773,0.4065463772731013,0.225143438413147,0.5853658536585366,1,0.0017728442654206303,after_cost,0.25800807988514984,0.4705106128846732,2.2357005059453803,-0.067043511167818,0.2679336825772676,0.25800807988514984,-0.03286464147200285,False,0.5124075776319728,0.09454734494474937,8,0,0.008,,,
stock_only_regime_switch_h7_t12,stock_only,regime_switch,7,-0.12,bull,0.2679336825772676,0.9668874172185431,0.033112582781456956,0.020220324,0.0006092418,0.024682824,0.7218543046357616,-0.10747287135296259,-0.13980043,-0.21566684184419804,-0.2641458507839624,-0.09051677110233257,-0.020378349405408724,-0.012180479475544015,0.5632183908045977,11,0.001100839899585347,after_cost,0.25800807988514984,0.4705106128846732,2.2357005059453803,-0.067043511167818,0.2679336825772676,0.25800807988514984,-0.27018855936069386,False,-0.06502778955733293,0.003516927788373758,8,1,0.004,,,
stock_only_regime_switch_h7_t15,stock_only,regime_switch,7,-0.15,bull,0.2679336825772676,1.0,0.0,0.02032453,0.00060758693,0.02464928,0.7218543046357616,0.05615976942607206,-0.13670444,1.7904031142060988,2.2648205067234772,-0.06704351116781815,0.3150168275349323,0.1770433190526688,0.5740740740740741,3,0.001788619980176856,after_cost,0.25800807988514984,0.4705106128846732,2.2357005059453803,-0.067043511167818,0.2679336825772676,0.25800807988514984,-0.08096476083248105,False,0.4767765635287146,0.08156122512055508,8,0,0.004,,,
stock_only_regime_switch_h7_t18,stock_only,regime_switch,7,-0.18,bull,0.2679336825772676,1.0,0.0,0.019633984,0.0005728086,0.02393342,0.7218543046357616,0.019729605573378117,-0.07163942,1.7253760533066274,2.3656979462254326,-0.06745194604628453,0.34031387200350594,0.19046919571910537,0.5846153846153846,3,0.0017072466080569656,after_cost,0.25800807988514984,0.4705106128846732,2.2357005059453803,-0.067043511167818,0.2679336825772676,0.25800807988514984,-0.06753888416604448,False,1.0707643101260802,0.21229936898922652,5,0,0.006,,,
stock_only_regime_switch_h7_t20,stock_only,regime_switch,7,-0.2,bull,0.2679336825772676,1.0,0.0,0.020530084,0.0007120411,0.026684098,0.7218543046357616,0.025582691576814417,-0.33212256,0.17707229427368162,0.2667547884400799,-0.09646532079588761,0.03627770641396988,0.021437968278873454,0.5547445255474452,14,0.0011938608038598918,after_cost,0.25800807988514984,0.4705106128846732,2.2357005059453803,-0.067043511167818,0.2679336825772676,0.25800807988514984,-0.2365701116062764,False,0.21428166677123556,0.043027768619008366,10,1,0.004,,,
stock_only_regime_switch_h8_t10,stock_only,regime_switch,8,-0.1,bull,0.257504111465259,0.88,0.12,0.021711592,0.00068936264,0.026255716,0.74,0.07564876154266205,-0.22564054,1.2816067652344727,1.371441965075909,-0.07462772651908789,0.20866131053062165,0.1185727623398185,0.575,3,0.0018662412326831811,after_cost,0.24759014394559964,0.4537310890390409,2.1576149349818396,-0.067043511167818,0.257504111465259,0.24759014394559964,-0.12901738160578113,False,0.890760302034232,0.15909594083913414,10,0,0.004,,,
stock_only_regime_switch_h8_t12,stock_only,regime_switch,8,-0.12,bull,0.257504111465259,0.9666666666666667,0.03333333333333333,0.026348416,0.00097067415,0.031155644,0.26,0.05466711773101101,-0.7257936,0.0,0.0,0.0,0.0,0.0,0.0,0,0.0,after_cost,0.24759014394559964,0.4537310890390409,2.1576149349818396,-0.067043511167818,0.257504111465259,0.24759014394559964,-0.24759014394559964,False,0.0,0.0,5,0,0.004,,,
stock_only_regime_switch_h8_t15,stock_only,regime_switch,8,-0.15,bull,0.257504111465259,1.0,0.0,0.03199194,0.0013779869,0.037121244,0.26,0.07064663263891433,-1.4499683,0.0,0.0,0.0,0.0,0.0,0.0,0,0.0,after_cost,0.24759014394559964,0.4537310890390409,2.1576149349818396,-0.067043511167818,0.257504111465259,0.24759014394559964,-0.24759014394559964,False,0.0,0.0,5,0,0.004,,,
stock_only_regime_switch_h8_t18,stock_only,regime_switch,8,-0.18,bull,0.257504111465259,1.0,0.0,0.038070753,0.0018875265,0.043445673,0.26,0.07494587818051707,-2.3558958,0.0,0.0,0.0,0.0,0.0,0.0,0,0.0,after_cost,0.24759014394559964,0.4537310890390409,2.1576149349818396,-0.067043511167818,0.257504111465259,0.24759014394559964,-0.24759014394559964,False,0.0,0.0,5,0,0.004,,,
stock_only_regime_switch_h8_t20,stock_only,regime_switch,8,-0.2,bull,0.257504111465259,1.0,0.0,0.024451608,0.00085021864,0.029158508,0.5866666666666667,0.06135083255750287,-0.5116317,0.0,0.0,0.0,0.0,0.0,0.0,0,0.0,after_cost,0.24759014394559964,0.4537310890390409,2.1576149349818396,-0.067043511167818,0.257504111465259,0.24759014394559964,-0.24759014394559964,False,0.6982632784141315,0.05545048051138024,8,1,0.006,,,
stock_only_regime_switch_h9_t10,stock_only,regime_switch,9,-0.1,bull,0.2600971086382662,0.8791946308724832,0.12080536912751678,0.02186908,0.00069956394,0.02644927,0.7718120805369127,0.08681615644672103,-0.19667923,2.917216952819487,3.27417206159705,-0.03500783802218572,0.3794075494747533,0.20792977019102277,0.6666666666666666,3,0.0035972294482445196,after_cost,0.25017391301634007,0.46255368795869867,2.188047295203274,-0.067043511167818,0.2600971086382662,0.25017391301634007,-0.0422441428253173,False,1.2530041752965864,0.21431983853231795,10,0,0.006,,,
stock_only_regime_switch_h9_t12,stock_only,regime_switch,9,-0.12,bull,0.2600971086382662,0.9664429530201343,0.03355704697986577,0.020275753,0.00061524526,0.024804138,0.7718120805369127,0.07496362289107772,-0.052443027,0.11858519106114546,0.18066022687925168,-0.09952799865279559,0.025784304988278217,0.015063556291526004,0.5555555555555556,14,0.0011653543658401851,after_cost,0.25017391301634007,0.46255368795869867,2.188047295203274,-0.067043511167818,0.2600971086382662,0.25017391301634007,-0.23511035672481406,False,0.21428166677123556,0.043027768619008366,10,1,0.004,,,
stock_only_regime_switch_h9_t15,stock_only,regime_switch,9,-0.15,bull,0.2600971086382662,1.0,0.0,0.019842211,0.000593525,0.024362369,0.7718120805369127,0.04765263416350481,-0.015288234,0.11858519106114546,0.18066022687925168,-0.09952799865279559,0.025784304988278217,0.015063556291526004,0.5555555555555556,14,0.0011653543658401851,after_cost,0.25017391301634007,0.46255368795869867,2.188047295203274,-0.067043511167818,0.2600971086382662,0.25017391301634007,-0.23511035672481406,False,0.21428166677123556,0.043027768619008366,10,1,0.004,,,
stock_only_regime_switch_h9_t18,stock_only,regime_switch,9,-0.18,bull,0.2600971086382662,1.0,0.0,0.01953602,0.00058473117,0.024181215,0.7718120805369127,0.08143178760272578,-0.00024545193,0.11858519106114546,0.18066022687925168,-0.09952799865279559,0.025784304988278217,0.015063556291526004,0.5555555555555556,14,0.0011653543658401851,after_cost,0.25017391301634007,0.46255368795869867,2.188047295203274,-0.067043511167818,0.2600971086382662,0.25017391301634007,-0.23511035672481406,False,0.21428166677123556,0.043027768619008366,10,1,0.004,,,
stock_only_regime_switch_h9_t20,stock_only,regime_switch,9,-0.2,bull,0.2600971086382662,1.0,0.0,0.019892545,0.00061922456,0.024884224,0.7718120805369127,0.07684378532314949,-0.059249997,0.11858519106114546,0.18066022687925168,-0.09952799865279559,0.025784304988278217,0.015063556291526004,0.5555555555555556,14,0.0011653543658401851,after_cost,0.25017391301634007,0.46255368795869867,2.188047295203274,-0.067043511167818,0.2600971086382662,0.25017391301634007,-0.23511035672481406,False,0.21428166677123556,0.043027768619008366,10,1,0.004,,,
stock_only_regime_switch_h10_t10,stock_only,regime_switch,10,-0.1,bull,0.26062312940960397,0.8783783783783784,0.12162162162162163,0.021023097,0.00067418214,0.025965018,0.7635135135135135,-0.1378240379781414,-0.09181249,0.2012894637301391,0.3049463633209098,-0.09202149479406263,0.04066720231847509,0.02352531689125792,0.5597014925373134,14,0.001177164998740043,after_cost,0.25061681442805317,0.4672318210107913,2.192813067202661,-0.067043511167818,0.2606231294096042,0.25061681442805317,-0.22709149753679525,False,0.21428166677123556,0.043027768619008366,10,1,0.004,,,
stock_only_regime_switch_h10_t12,stock_only,regime_switch,10,-0.12,bull,0.26062312940960397,0.9662162162162162,0.033783783783783786,0.021375334,0.00069597457,0.02638133,0.7635135135135135,-0.0658217495401256,-0.12710464,0.2012894637301391,0.3049463633209098,-0.09202149479406263,0.04066720231847509,0.02352531689125792,0.5597014925373134,14,0.001177164998740043,after_cost,0.25061681442805317,0.4672318210107913,2.192813067202661,-0.067043511167818,0.2606231294096042,0.25061681442805317,-0.22709149753679525,False,0.21428166677123556,0.043027768619008366,10,1,0.004,,,
stock_only_regime_switch_h10_t15,stock_only,regime_switch,10,-0.15,bull,0.26062312940960397,1.0,0.0,0.02029561,0.000631446,0.02512859,0.7635135135135135,-0.05328872903002418,-0.022603035,0.2012894637301391,0.3049463633209098,-0.09202149479406263,0.04066720231847509,0.02352531689125792,0.5597014925373134,14,0.001177164998740043,after_cost,0.25061681442805317,0.4672318210107913,2.192813067202661,-0.067043511167818,0.2606231294096042,0.25061681442805317,-0.22709149753679525,False,0.21428166677123556,0.043027768619008366,10,1,0.004,,,
stock_only_regime_switch_h10_t18,stock_only,regime_switch,10,-0.18,bull,0.26062312940960397,1.0,0.0,0.019945497,0.000615144,0.024802096,0.7635135135135135,0.07374619369776332,0.0037975311,0.2012894637301391,0.3049463633209098,-0.09202149479406263,0.04066720231847509,0.02352531689125792,0.5597014925373134,14,0.001177164998740043,after_cost,0.25061681442805317,0.4672318210107913,2.192813067202661,-0.067043511167818,0.2606231294096042,0.25061681442805317,-0.22709149753679525,False,0.21428166677123556,0.043027768619008366,10,1,0.004,,,
stock_only_regime_switch_h10_t20,stock_only,regime_switch,10,-0.2,bull,0.26062312940960397,1.0,0.0,0.020494165,0.000671574,0.025914744,0.7635135135135135,-0.003486747914448975,-0.08758879,0.2012894637301391,0.3049463633209098,-0.09202149479406263,0.04066720231847509,0.02352531689125792,0.5597014925373134,14,0.001177164998740043,after_cost,0.25061681442805317,0.4672318210107913,2.192813067202661,-0.067043511167818,0.2606231294096042,0.25061681442805317,-0.22709149753679525,False,0.21428166677123556,0.043027768619008366,10,1,0.004,,,
stock_tech1_regime_embedding_h1_t10,stock_tech1,regime_embedding,1,-0.1,bull,0.31420705833501517,0.8853503184713376,0.11464968152866242,0.100827105,0.01257321,0.11213032,0.5923566878980892,-0.011687536156547478,-111.27526,2.1656663715479425,3.2220549639023974,-0.08894597454573552,0.4584453612700432,0.2631525859183781,0.5806451612903226,2,0.0017700288762197672,after_cost,0.3038350128170939,0.5350724548676411,2.5032908936382015,-0.067043511167818,0.31420705833501494,0.3038350128170939,-0.04068242689871582,False,0.9031489794686672,0.17613628989128505,5,0,0.004,,,
stock_tech1_regime_embedding_h1_t12,stock_tech1,regime_embedding,1,-0.12,bull,0.31420705833501517,0.9681528662420382,0.03184713375796178,0.029186212,0.0012468407,0.03531063,0.6050955414012739,0.0752207791922492,-10.133941,2.644429108701024,3.943774273976036,-0.06704351116781823,0.5593579675883975,0.3165660527178684,0.6041666666666666,5,0.0022432894963472414,after_cost,0.3038350128170939,0.5350724548676411,2.5032908936382015,-0.067043511167818,0.31420705833501494,0.3038350128170939,0.01273103990077451,True,0.8514082766647236,0.16556041649010966,5,0,0.004,,,
stock_tech1_regime_embedding_h1_t15,stock_tech1,regime_embedding,1,-0.15,bull,0.31420705833501517,1.0,0.0,0.047603797,0.0034228046,0.05850474,0.5668789808917197,-0.003672369175903462,-29.564693,1.5323371211935024,1.715680552513299,-0.04853871045914781,0.24760626134377395,0.14677066754000134,0.5980392156862745,3,0.001785625339517943,after_cost,0.3038350128170939,0.5350724548676411,2.5032908936382015,-0.067043511167818,0.31420705833501494,0.3038350128170939,-0.15706434527709257,False,0.4069922707389873,0.07585484353271288,5,0,0.004,,,
stock_tech1_regime_embedding_h1_t18,stock_tech1,regime_embedding,1,-0.18,bull,0.31420705833501517,1.0,0.0,0.052055262,0.0033443347,0.057830222,0.5859872611464968,-0.01145599124215691,-28.863977,2.4140782506336724,3.629239413034517,-0.06704351116781794,0.5155019647285639,0.29351977873112567,0.5833333333333334,1,0.0018092432287920767,after_cost,0.3038350128170939,0.5350724548676411,2.5032908936382015,-0.067043511167818,0.31420705833501494,0.3038350128170939,-0.010315234085968239,False,1.3060354230136697,0.2542992713151939,3,0,0.006,,,
stock_tech1_regime_embedding_h1_t20,stock_tech1,regime_embedding,1,-0.2,bull,0.31420705833501517,1.0,0.0,0.087876074,0.008982771,0.09477748,0.5859872611464968,-0.05134327743993573,-79.21365,2.4140782506336724,3.629239413034517,-0.06704351116781794,0.5155019647285639,0.29351977873112567,0.5833333333333334,1,0.0018092432287920767,after_cost,0.3038350128170939,0.5350724548676411,2.5032908936382015,-0.067043511167818,0.31420705833501494,0.3038350128170939,-0.010315234085968239,False,1.4409157174596057,0.2912013339910575,5,0,0.004,,,
stock_tech1_regime_embedding_h2_t10,stock_tech1,regime_embedding,2,-0.1,bull,0.31895716091487736,0.8846153846153846,0.11538461538461539,0.07913961,0.007549261,0.08688649,0.6410256410256411,0.0589880382624713,-38.67484,2.468276362948573,3.6772873768729273,-0.06704351116781794,0.528680910520863,0.2982833466886383,0.5870967741935483,1,0.0018441506546506376,after_cost,0.3086365680704901,0.5485497707825309,2.558576556416447,-0.067043511167818,0.31895716091487736,0.3086365680704901,-0.010353221381851796,False,1.3072887711662917,0.2642964908611176,5,0,0.008,,,
stock_tech1_regime_embedding_h2_t12,stock_tech1,regime_embedding,2,-0.12,bull,0.31895716091487736,0.967948717948718,0.03205128205128205,0.08003148,0.0077046966,0.0877764,0.6282051282051282,0.09173736919306363,-39.491722,2.2165984127614236,3.29118630054934,-0.06704351116781822,0.4597794849092989,0.2619719476635165,0.5844155844155844,2,0.0017214738859591336,after_cost,0.3086365680704901,0.5485497707825309,2.558576556416447,-0.067043511167818,0.31895716091487736,0.3086365680704901,-0.04666462040697361,False,1.1671741856483382,0.23257516957442315,5,0,0.004,,,
stock_tech1_regime_embedding_h2_t15,stock_tech1,regime_embedding,2,-0.15,bull,0.31895716091487736,1.0,0.0,0.091375396,0.0092059905,0.095947854,0.5833333333333334,-0.002380133162779545,-47.381714,2.18422374534891,3.302215022026832,-0.06191974942287694,0.41094204918805644,0.2358336305050961,0.5658914728682171,1,0.0018207374071255308,after_cost,0.3086365680704901,0.5485497707825309,2.558576556416447,-0.067043511167818,0.31895716091487736,0.3086365680704901,-0.07280293756539402,False,1.2939300595677492,0.25805590556507463,3,0,0.004,,,
stock_tech1_regime_embedding_h2_t18,stock_tech1,regime_embedding,2,-0.18,bull,0.31895716091487736,1.0,0.0,0.05794919,0.0043269047,0.06577921,0.5833333333333334,-0.09229579287907073,-21.739874,2.024477081150605,3.0825371705591675,-0.06191974942287681,0.3765246424769584,0.2172034335574793,0.5625,2,0.0017774081407949738,after_cost,0.3086365680704901,0.5485497707825309,2.558576556416447,-0.067043511167818,0.31895716091487736,0.3086365680704901,-0.09143313451301083,False,1.2315888703571092,0.24741119950986068,2,0,0.006,,,
stock_tech1_regime_embedding_h2_t20,stock_tech1,regime_embedding,2,-0.2,bull,0.31895716091487736,1.0,0.0,0.07592681,0.006836449,0.08268282,0.6346153846153846,0.032193401766223685,-34.92868,2.3411990876370807,3.506690735298373,-0.06704351116781822,0.4982564303419057,0.2823288637624026,0.5882352941176471,3,0.0018903774701183361,after_cost,0.3086365680704901,0.5485497707825309,2.558576556416447,-0.067043511167818,0.31895716091487736,0.3086365680704901,-0.026307704308087487,False,1.3164242090451954,0.2689678650287659,2,0,0.004,,,
stock_tech1_regime_embedding_h3_t10,stock_tech1,regime_embedding,3,-0.1,bull,0.30728921011851873,0.8838709677419355,0.11612903225806452,0.056979056,0.0050446563,0.071025744,0.5870967741935483,0.047624428714589266,-17.528671,2.119898611599046,3.283973153665824,-0.06704351116781826,0.42015691505407093,0.23906595868809566,0.5774647887323944,5,0.001899025420274299,after_cost,0.2970429271582975,0.5305037237903183,2.4831610529317247,-0.067043511167818,0.30728921011851873,0.2970429271582975,-0.05797696847020184,False,1.0846434963974403,0.21572490297856595,8,0,0.004,,,
stock_tech1_regime_embedding_h3_t12,stock_tech1,regime_embedding,3,-0.12,bull,0.30728921011851873,0.967741935483871,0.03225806451612903,0.12308153,0.018527344,0.1361152,0.6129032258064516,-0.05636495127350884,-67.049644,2.210042006197044,3.251815161197359,-0.0670435111678181,0.45668612134775155,0.2584465285164792,0.5855263157894737,2,0.001724999457723457,after_cost,0.2970429271582975,0.5305037237903183,2.4831610529317247,-0.067043511167818,0.30728921011851873,0.2970429271582975,-0.0385963986418183,False,1.3535660637285916,0.27612033100162003,8,0,0.004,,,
stock_tech1_regime_embedding_h3_t15,stock_tech1,regime_embedding,3,-0.15,bull,0.30728921011851873,1.0,0.0,0.08529665,0.009689825,0.09843691,0.4967741935483871,-0.0952871498352284,-34.59005,1.4036975261783606,1.9754248972939301,-0.06191974942287721,0.23257547008710167,0.13631084435653307,0.5523809523809524,4,0.001649904252866202,after_cost,0.2970429271582975,0.5305037237903183,2.4831610529317247,-0.067043511167818,0.30728921011851873,0.2970429271582975,-0.16073208280176443,False,1.22900083610161,0.243437177186006,3,0,0.008,,,
stock_tech1_regime_embedding_h3_t18,stock_tech1,regime_embedding,3,-0.18,bull,0.30728921011851873,1.0,0.0,0.08091388,0.008063089,0.0897947,0.5741935483870968,0.044568432341256715,-28.615162,1.9545483780570974,2.712467062999035,-0.06704351116781791,0.37249885512672076,0.2134869368387189,0.5714285714285714,3,0.001749499913453178,after_cost,0.2970429271582975,0.5305037237903183,2.4831610529317247,-0.067043511167818,0.30728921011851873,0.2970429271582975,-0.08355599031957861,False,1.3206664719477732,0.2696697726341346,3,0,0.004,,,
stock_tech1_regime_embedding_h3_t20,stock_tech1,regime_embedding,3,-0.2,bull,0.30728921011851873,1.0,0.0,0.068234056,0.0065781316,0.08110568,0.5161290322580645,-0.01566068061554075,-23.161018,1.681126873390078,2.265970757332152,-0.0745002745213574,0.3324785664082919,0.19173927672447477,0.5797101449275363,3,0.0016752683889719277,after_cost,0.2970429271582975,0.5305037237903183,2.4831610529317247,-0.067043511167818,0.30728921011851873,0.2970429271582975,-0.10530365043382273,False,1.0277193384530703,0.20992293129587192,8,0,0.006,,,
stock_tech1_regime_embedding_h4_t10,stock_tech1,regime_embedding,4,-0.1,bull,0.29886393640754916,0.8831168831168831,0.11688311688311688,0.074027345,0.012337542,0.11107449,0.538961038961039,-0.07216157901989717,-34.755527,1.69655177931638,2.382524157432734,-0.08777607098459586,0.32477456175744024,0.18619921106471016,0.578125,6,0.001826221401560399,after_cost,0.2886536270514266,0.5184510658808212,2.427438682999829,-0.067043511167818,0.29886393640754894,0.2886536270514266,-0.10245441598671645,False,1.1593483088987706,0.2149619497226114,8,0,0.008,,,
stock_tech1_regime_embedding_h4_t12,stock_tech1,regime_embedding,4,-0.12,bull,0.29886393640754916,0.9675324675324676,0.032467532467532464,0.12592363,0.018386466,0.13559671,0.6623376623376623,-0.14079265392770304,-52.285957,2.2326216144891484,3.405270108542009,-0.06704351116781784,0.47308715721325756,0.26514032221982475,0.5789473684210527,2,0.0017620082745190499,after_cost,0.2886536270514266,0.5184510658808212,2.427438682999829,-0.067043511167818,0.29886393640754894,0.2886536270514266,-0.023513304831601856,False,1.343159806382359,0.2732939029193049,3,0,0.004,,,
stock_tech1_regime_embedding_h4_t15,stock_tech1,regime_embedding,4,-0.15,bull,0.29886393640754916,1.0,0.0,0.07656757,0.008762775,0.0936097,0.6623376623376623,-0.11796073831650943,-24.395464,2.1411523502507417,3.232855315920632,-0.06704351116781823,0.4482532579051466,0.2521478088521123,0.5789473684210527,2,0.0016935208672756354,after_cost,0.2886536270514266,0.5184510658808212,2.427438682999829,-0.067043511167818,0.29886393640754894,0.2886536270514266,-0.03650581819931431,False,1.3428830772225477,0.2730177666267677,3,0,0.01,,,
stock_tech1_regime_embedding_h4_t18,stock_tech1,regime_embedding,4,-0.18,bull,0.29886393640754916,1.0,0.0,0.14048932,0.023454465,0.1531485,0.5909090909090909,-0.054283373887683256,-66.973564,2.200445842163908,3.3479480793010126,-0.06191974942287694,0.41730573647856284,0.2358336305050961,0.5658914728682171,1,0.0018207374071255308,after_cost,0.2886536270514266,0.5184510658808212,2.427438682999829,-0.067043511167818,0.29886393640754894,0.2886536270514266,-0.05281999654633052,False,1.3477642149985078,0.272125788314733,3,0,0.004,,,
stock_tech1_regime_embedding_h4_t20,stock_tech1,regime_embedding,4,-0.2,bull,0.29886393640754916,1.0,0.0,0.07765585,0.0077725463,0.08816204,0.6688311688311688,0.08390750913301867,-21.525677,2.337504310704812,3.519282540736502,-0.06704351116781794,0.4987153775124664,0.2784584998397046,0.5816993464052288,1,0.0017675254980400398,after_cost,0.2886536270514266,0.5184510658808212,2.427438682999829,-0.067043511167818,0.29886393640754894,0.2886536270514266,-0.010195127211722,False,1.3164242090451954,0.2689678650287659,3,0,0.004,,,
stock_tech1_regime_embedding_h5_t10,stock_tech1,regime_embedding,5,-0.1,bull,0.2960480308913589,0.8823529411764706,0.11764705882352941,0.07615542,0.008258003,0.090873554,0.6601307189542484,-0.22322083890609082,-19.263184,1.8486725342555006,2.8145200446769407,-0.06704351116781829,0.37789746718217687,0.21331090093872662,0.5753424657534246,6,0.0017616975943885813,after_cost,0.28588449631363577,0.5172088068686505,2.417718838753931,-0.067043511167818,0.2960480308913589,0.28588449631363577,-0.07257359537490915,False,1.0960981654213025,0.19514447797818835,3,0,0.008,,,
stock_tech1_regime_embedding_h5_t12,stock_tech1,regime_embedding,5,-0.12,bull,0.2960480308913589,0.9673202614379085,0.032679738562091505,0.08355615,0.011866474,0.108933344,0.6274509803921569,-0.13713435822530756,-28.117516,2.1472217922808525,3.163226920483917,-0.0670435111678181,0.4425971712893422,0.2473613071892682,0.5804195804195804,3,0.001825987266706771,after_cost,0.28588449631363577,0.5172088068686505,2.417718838753931,-0.067043511167818,0.2960480308913589,0.28588449631363577,-0.038523189124367585,False,1.2363932992283677,0.2444956628759858,3,0,0.004,,,
stock_tech1_regime_embedding_h5_t15,stock_tech1,regime_embedding,5,-0.15,bull,0.2960480308913589,1.0,0.0,0.08797927,0.014429741,0.120123856,0.5228758169934641,-0.1593133874786813,-34.407166,1.2829929423222486,1.7678957750157318,-0.07710801984664843,0.24055731793162893,0.1388520221475289,0.5625,4,0.0014467632891982172,after_cost,0.28588449631363577,0.5172088068686505,2.417718838753931,-0.067043511167818,0.2960480308913589,0.28588449631363577,-0.14703247416610687,False,1.294346196610486,0.2537891535111201,8,0,0.008,,,
stock_tech1_regime_embedding_h5_t18,stock_tech1,regime_embedding,5,-0.18,bull,0.2960480308913589,1.0,0.0,0.1350651,0.019407306,0.1393101,0.5882352941176471,-0.03366448573788958,-46.62093,1.9316815367159628,2.8530326838319957,-0.06700883478225786,0.34863371910636776,0.1977019876272439,0.5625,1,0.0015862327158123759,after_cost,0.28588449631363577,0.5172088068686505,2.417718838753931,-0.067043511167818,0.2960480308913589,0.28588449631363577,-0.08818250868639188,False,1.3477642149985078,0.272125788314733,8,0,0.004,,,
stock_tech1_regime_embedding_h5_t20,stock_tech1,regime_embedding,5,-0.2,bull,0.2960480308913589,1.0,0.0,0.058371812,0.004568054,0.06758738,0.6797385620915033,-0.1328323055565385,-10.208922,2.3274826539876554,3.497589782817188,-0.06704351116781794,0.49736038293425344,0.27571127695949893,0.5789473684210527,1,0.001764859967893226,after_cost,0.28588449631363577,0.5172088068686505,2.417718838753931,-0.067043511167818,0.2960480308913589,0.28588449631363577,-0.010173219354136842,False,1.3164242090451954,0.2689678650287659,3,0,0.004,,,
stock_tech1_regime_embedding_h6_t10,stock_tech1,regime_embedding,6,-0.1,bull,0.2886852601254528,0.881578947368421,0.11842105263157894,0.14798033,0.02428238,0.15582804,0.7302631578947368,0.2216748606685059,-51.268436,0.3327763574551992,0.5020705090101324,-0.09646532079588761,0.0645618644204915,0.03819988987161227,0.5579710144927537,14,0.0013038071271231652,after_cost,0.27865214585187514,0.5071495315190908,2.379655415337988,-0.067043511167818,0.2886852601254528,0.27865214585187514,-0.24045225598026287,False,0.8243207710865658,0.15107092981151293,10,1,0.004,,,
stock_tech1_regime_embedding_h6_t12,stock_tech1,regime_embedding,6,-0.12,bull,0.2886852601254528,0.9671052631578947,0.03289473684210526,0.12949023,0.019101152,0.13820691,0.7302631578947368,0.07767793870177671,-40.115715,0.3327763574551992,0.5020705090101324,-0.09646532079588761,0.0645618644204915,0.03819988987161227,0.5579710144927537,14,0.0013038071271231652,after_cost,0.27865214585187514,0.5071495315190908,2.379655415337988,-0.067043511167818,0.2886852601254528,0.27865214585187514,-0.24045225598026287,False,0.21428166677123556,0.043027768619008366,10,1,0.004,,,
stock_tech1_regime_embedding_h6_t15,stock_tech1,regime_embedding,6,-0.15,bull,0.2886852601254528,1.0,0.0,0.15833463,0.030715384,0.17525806,0.7302631578947368,0.09563088205298173,-65.11564,2.289029242452969,3.4382726813368425,-0.06704351116781794,0.4873029935018147,0.26853614492435773,0.5761589403973509,1,0.0017387107146540914,after_cost,0.27865214585187514,0.5071495315190908,2.379655415337988,-0.067043511167818,0.2886852601254528,0.27865214585187514,-0.01011600092751741,False,1.4185794672180205,0.27625008284867825,5,0,0.01,,,
stock_tech1_regime_embedding_h6_t18,stock_tech1,regime_embedding,6,-0.18,bull,0.2886852601254528,1.0,0.0,0.13015418,0.028638648,0.16922957,0.6513157894736842,-0.052848628521022345,-60.645416,0.20238848397906062,0.283564607546337,-0.09151301677228756,0.04054064213129993,0.024098502407639222,0.55,12,0.0011821611748338175,after_cost,0.27865214585187514,0.5071495315190908,2.379655415337988,-0.067043511167818,0.2886852601254528,0.27865214585187514,-0.2545536434442359,False,0.2551628770978702,0.050421529159157874,10,1,0.004,,,
stock_tech1_regime_embedding_h6_t20,stock_tech1,regime_embedding,6,-0.2,bull,0.2886852601254528,1.0,0.0,0.08071096,0.0108870845,0.104341194,0.5526315789473685,0.2034639210033483,-22.434725,1.8951468914757865,2.7227438230174092,-0.061919749422876834,0.3337343234520018,0.18834443116372235,0.5454545454545454,2,0.001842663994804636,after_cost,0.27865214585187514,0.5071495315190908,2.379655415337988,-0.067043511167818,0.2886852601254528,0.27865214585187514,-0.0903077146881528,False,1.7331525737447058,0.3180085221210547,10,0,0.004,,,
stock_tech1_regime_embedding_h7_t10,stock_tech1,regime_embedding,7,-0.1,bull,0.2679336825772676,0.8807947019867549,0.11920529801324503,0.055867612,0.005466095,0.07393304,0.543046357615894,-0.18112948106115612,-9.226248,0.4051407547120915,0.5281828710955841,-0.08879865965436069,0.07421550481481098,0.04353446113230719,0.5517241379310345,7,0.0011086881011298482,after_cost,0.25800807988514984,0.4705106128846732,2.2357005059453803,-0.067043511167818,0.2679336825772676,0.25800807988514984,-0.21447361875284265,False,1.568877688568883,0.2695438717474936,5,0,0.006,,,
stock_tech1_regime_embedding_h7_t12,stock_tech1,regime_embedding,7,-0.12,bull,0.2679336825772676,0.9668874172185431,0.033112582781456956,0.15317166,0.030777141,0.17543416,0.5231788079470199,0.02107614115888919,-56.579437,1.17124910479204,1.3715317942118206,-0.06967226713119126,0.1962421442484017,0.11255346875276007,0.5555555555555556,4,0.0016912354275282553,after_cost,0.25800807988514984,0.4705106128846732,2.2357005059453803,-0.067043511167818,0.2679336825772676,0.25800807988514984,-0.14545461113238978,False,2.2660609703093377,0.38514831368331715,5,0,0.004,,,
stock_tech1_regime_embedding_h7_t15,stock_tech1,regime_embedding,7,-0.15,bull,0.2679336825772676,1.0,0.0,0.0779245,0.0084571745,0.0919629,0.7218543046357616,-0.2168014224611065,-14.82211,0.9040128515838264,1.3923730180816882,-0.08237443990984541,0.16828519019550803,0.09700261172308311,0.5735294117647058,14,0.0016641730760867226,after_cost,0.25800807988514984,0.4705106128846732,2.2357005059453803,-0.067043511167818,0.2679336825772676,0.25800807988514984,-0.16100546816206673,False,0.21428166677123556,0.043027768619008366,10,1,0.004,,,
stock_tech1_regime_embedding_h7_t18,stock_tech1,regime_embedding,7,-0.18,bull,0.2679336825772676,1.0,0.0,0.092367955,0.0103982845,0.10197198,0.7218543046357616,0.1393570214359862,-18.453638,0.17707229427368162,0.2667547884400799,-0.09646532079588761,0.03627770641396988,0.021437968278873454,0.5547445255474452,14,0.0011938608038598918,after_cost,0.25800807988514984,0.4705106128846732,2.2357005059453803,-0.067043511167818,0.2679336825772676,0.25800807988514984,-0.2365701116062764,False,0.21428166677123556,0.043027768619008366,10,1,0.004,,,
stock_tech1_regime_embedding_h7_t20,stock_tech1,regime_embedding,7,-0.2,bull,0.2679336825772676,1.0,0.0,0.11438451,0.015121356,0.12296892,0.6357615894039735,-0.022604050063833758,-27.289799,0.20386907579164065,0.2865892019209107,-0.09151301677228756,0.04081635551079277,0.024098502407639222,0.55,12,0.0011821611748338175,after_cost,0.25800807988514984,0.4705106128846732,2.2357005059453803,-0.067043511167818,0.2679336825772676,0.25800807988514984,-0.23390957747751062,False,0.2551628770978702,0.050421529159157874,10,1,0.004,,,
stock_tech1_regime_embedding_h8_t10,stock_tech1,regime_embedding,8,-0.1,bull,0.257504111465259,0.88,0.12,0.05249089,0.004271126,0.06535385,0.36,-0.20671418081319276,-6.5937757,-0.7533657015343365,-0.7874328207687,-0.08984193785228767,-0.08188441099054866,-0.049258768213902515,0.5277777777777778,6,0.00023914874130734405,after_cost,0.24759014394559964,0.4537310890390409,2.1576149349818396,-0.067043511167818,0.257504111465259,0.24759014394559964,-0.29684891215950215,False,1.4732136794625559,0.29337465709643484,8,0,0.008,,,
stock_tech1_regime_embedding_h8_t12,stock_tech1,regime_embedding,8,-0.12,bull,0.257504111465259,0.9666666666666667,0.03333333333333333,0.09201291,0.015006129,0.1224995,0.6733333333333333,0.026381062837439115,-25.679892,1.7712038592676005,2.711702148194432,-0.06704351116781805,0.36178570502242047,0.20031289490413173,0.5694444444444444,3,0.0015471814740619918,after_cost,0.24759014394559964,0.4537310890390409,2.1576149349818396,-0.067043511167818,0.257504111465259,0.24759014394559964,-0.047277249041467906,False,1.166257711944443,0.23637897962744603,10,0,0.004,,,
stock_tech1_regime_embedding_h8_t15,stock_tech1,regime_embedding,8,-0.15,bull,0.257504111465259,1.0,0.0,0.07311614,0.008431781,0.09182473,0.6066666666666667,-0.16553837634260934,-13.991142,1.8974090601064293,2.8981756746905303,-0.06704351116781804,0.3921089174171424,0.2160449800982498,0.5793103448275863,4,0.0016807367450427729,after_cost,0.24759014394559964,0.4537310890390409,2.1576149349818396,-0.067043511167818,0.257504111465259,0.24759014394559964,-0.031545163847349844,False,1.2791618454234985,0.2595657733689549,10,0,0.004,,,
stock_tech1_regime_embedding_h8_t18,stock_tech1,regime_embedding,8,-0.18,bull,0.257504111465259,1.0,0.0,0.12392728,0.019728241,0.14045726,0.74,0.16536114580898628,-34.075493,1.7614861010937102,2.4794301596761272,-0.07210480011973266,0.34426984652119996,0.191160180972356,0.5615384615384615,1,0.0015286668634079984,after_cost,0.24759014394559964,0.4537310890390409,2.1576149349818396,-0.067043511167818,0.257504111465259,0.24759014394559964,-0.05642996297324365,False,1.3047840956465988,0.2623304716924253,5,0,0.006,,,
stock_tech1_regime_embedding_h8_t20,stock_tech1,regime_embedding,8,-0.2,bull,0.257504111465259,1.0,0.0,0.05633742,0.0044650957,0.066821374,0.7133333333333334,0.15814250369134594,-6.938641,1.3333464065271405,2.089910549696947,-0.08237443990984529,0.2523062315679059,0.1422819031986462,0.5851851851851851,14,0.0019169142770768725,after_cost,0.24759014394559964,0.4537310890390409,2.1576149349818396,-0.067043511167818,0.257504111465259,0.24759014394559964,-0.10530824074695344,False,0.21428166677123556,0.043027768619008366,10,1,0.004,,,
stock_tech1_regime_embedding_h9_t10,stock_tech1,regime_embedding,9,-0.1,bull,0.2600971086382662,0.8791946308724832,0.12080536912751678,0.08438945,0.009197086,0.09590144,0.697986577181208,0.15469230390888977,-14.732603,2.0729881545836206,2.9917032535420627,-0.06704351116781825,0.4142859992352359,0.22577500470465695,0.5801526717557252,3,0.0018552454509283183,after_cost,0.25017391301634007,0.46255368795869867,2.188047295203274,-0.067043511167818,0.2600971086382662,0.25017391301634007,-0.02439890831168312,False,1.439929418476013,0.2868646112931377,5,0,0.006,,,
stock_tech1_regime_embedding_h9_t12,stock_tech1,regime_embedding,9,-0.12,bull,0.2600971086382662,0.9664429530201343,0.03355704697986577,0.07128868,0.0065091224,0.08067913,0.6510067114093959,0.18507141091665574,-10.134552,2.0362329699668558,2.862140893875572,-0.06704351116781793,0.40358154067137475,0.2203176826522104,0.5736434108527132,2,0.001787895837470757,after_cost,0.25017391301634007,0.46255368795869867,2.188047295203274,-0.067043511167818,0.2600971086382662,0.25017391301634007,-0.029856230364129654,False,1.0844088212974508,0.21399554179138902,8,0,0.004,,,
stock_tech1_regime_embedding_h9_t15,stock_tech1,regime_embedding,9,-0.15,bull,0.2600971086382662,1.0,0.0,0.12483167,0.026688026,0.16336471,0.5704697986577181,-0.10773517007877734,-44.652733,1.0891831561660092,1.4123329560277713,-0.07349877730121888,0.1859065382796503,0.1053249028440919,0.584070796460177,6,0.0014995275312338053,after_cost,0.25017391301634007,0.46255368795869867,2.188047295203274,-0.067043511167818,0.2600971086382662,0.25017391301634007,-0.14484901017224816,False,1.2723895292194984,0.24873095802091427,5,0,0.004,,,
stock_tech1_regime_embedding_h9_t18,stock_tech1,regime_embedding,9,-0.18,bull,0.2600971086382662,1.0,0.0,0.08281198,0.008832807,0.09398301,0.7181208053691275,-0.017007478469725182,-14.109464,0.8373747849591345,1.2805717535400716,-0.08708412562849654,0.15903864425433323,0.09054805615851014,0.5714285714285714,14,0.001600873117903042,after_cost,0.25017391301634007,0.46255368795869867,2.188047295203274,-0.067043511167818,0.2600971086382662,0.25017391301634007,-0.15962585685782993,False,0.2551628770978702,0.050421529159157874,10,1,0.004,,,
stock_tech1_regime_embedding_h9_t20,stock_tech1,regime_embedding,9,-0.2,bull,0.2600971086382662,1.0,0.0,0.083753504,0.008875523,0.09420999,0.7651006711409396,0.22492360453969543,-14.182534,0.11858519106114546,0.18066022687925168,-0.09952799865279559,0.025784304988278217,0.015063556291526004,0.5555555555555556,14,0.0011653543658401851,after_cost,0.25017391301634007,0.46255368795869867,2.188047295203274,-0.067043511167818,0.2600971086382662,0.25017391301634007,-0.23511035672481406,False,0.7919769674691665,0.14291871166293024,10,1,0.004,,,
stock_tech1_regime_embedding_h10_t10,stock_tech1,regime_embedding,10,-0.1,bull,0.26062312940960397,0.8783783783783784,0.12162162162162163,0.11488471,0.015488351,0.1244522,0.7027027027027027,0.1261477166441059,-24.0828,1.7752427148213428,2.515493996142209,-0.07210480011973266,0.3496916841971365,0.191160180972356,0.5615384615384615,1,0.0015286668634079984,after_cost,0.25061681442805317,0.4672318210107913,2.192813067202661,-0.067043511167818,0.2606231294096042,0.25061681442805317,-0.05945663345569718,False,1.1739337576493885,0.23306523198737517,10,0,0.008,,,
stock_tech1_regime_embedding_h10_t12,stock_tech1,regime_embedding,10,-0.12,bull,0.26062312940960397,0.9662162162162162,0.033783783783783786,0.09604235,0.013413844,0.11581815,0.7297297297297297,-0.09411755278732412,-20.723215,1.8127209104088147,2.7107830274431937,-0.06704351116781795,0.37130839832376883,0.20225196581963245,0.5694444444444444,2,0.0014485515581335907,after_cost,0.25061681442805317,0.4672318210107913,2.192813067202661,-0.067043511167818,0.2606231294096042,0.25061681442805317,-0.04836484860842072,False,1.1436413506347844,0.22435170898783485,5,0,0.004,,,
stock_tech1_regime_embedding_h10_t15,stock_tech1,regime_embedding,10,-0.15,bull,0.26062312940960397,1.0,0.0,0.09721034,0.018794678,0.13709368,0.5945945945945946,0.022339559498682663,-29.437273,1.58713947983602,2.1936963155696314,-0.06704351116781804,0.29016705503323537,0.1602283403104654,0.5583333333333333,3,0.0014943026890816933,after_cost,0.25061681442805317,0.4672318210107913,2.192813067202661,-0.067043511167818,0.2606231294096042,0.25061681442805317,-0.09038847411758777,False,1.2418783586260849,0.24965007702262043,8,0,0.01,,,
stock_tech1_regime_embedding_h10_t18,stock_tech1,regime_embedding,10,-0.18,bull,0.26062312940960397,1.0,0.0,0.10981265,0.016397817,0.12805396,0.6013513513513513,0.11090062910949891,-25.555647,1.8708360170321616,2.9042429562361165,-0.061919749422877084,0.34357838163497534,0.18800997626482951,0.55,4,0.0018208391155373786,after_cost,0.25061681442805317,0.4672318210107913,2.192813067202661,-0.067043511167818,0.2606231294096042,0.25061681442805317,-0.06260683816322365,False,1.3764744040132724,0.27311789512170326,5,0,0.006,,,
stock_tech1_regime_embedding_h10_t20,stock_tech1,regime_embedding,10,-0.2,bull,0.26062312940960397,1.0,0.0,0.07427676,0.0070818905,0.08415397,0.7635135135135135,-0.07265951489183291,-10.468854,0.20838473724822343,0.29590989070786217,-0.09151301677228756,0.04166646240175442,0.024098502407639222,0.55,12,0.0011821611748338175,after_cost,0.25061681442805317,0.4672318210107913,2.192813067202661,-0.067043511167818,0.2606231294096042,0.25061681442805317,-0.22651831202041395,False,0.2551628770978702,0.050421529159157874,10,1,0.006,,,
stock_tech1_regime_switch_h1_t10,stock_tech1,regime_switch,1,-0.1,bull,0.31420705833501517,0.8853503184713376,0.11464968152866242,0.010847972,0.00019019657,0.013791177,0.5859872611464968,0.05730014698788173,-0.6984024,2.4140782506336724,3.629239413034517,-0.06704351116781794,0.5155019647285639,0.29351977873112567,0.5833333333333334,1,0.0018092432287920767,after_cost,0.3038350128170939,0.5350724548676411,2.5032908936382015,-0.067043511167818,0.31420705833501494,0.3038350128170939,-0.010315234085968239,False,1.3164242090451954,0.2689678650287659,2,0,0.004,,,
stock_tech1_regime_switch_h1_t12,stock_tech1,regime_switch,1,-0.12,bull,0.31420705833501517,0.9681528662420382,0.03184713375796178,0.009173436,0.00013271807,0.011520333,0.4140127388535032,-0.03861113402868166,-0.18513536,0.0,0.0,0.0,0.0,0.0,0.0,0,0.0,after_cost,0.3038350128170939,0.5350724548676411,2.5032908936382015,-0.067043511167818,0.31420705833501494,0.3038350128170939,-0.3038350128170939,False,0.0,0.0,2,0,0.004,,,
stock_tech1_regime_switch_h1_t15,stock_tech1,regime_switch,1,-0.15,bull,0.31420705833501517,1.0,0.0,0.008844705,0.00013135087,0.011460841,0.5859872611464968,-0.0007910009268894818,-0.17292666,2.5523671528229417,3.5555017183903472,-0.06704351116781825,0.509481128105788,0.290336119385493,0.5985401459854015,1,0.001976293052631073,after_cost,0.3038350128170939,0.5350724548676411,2.5032908936382015,-0.067043511167818,0.31420705833501494,0.3038350128170939,-0.013498893431600933,False,0.8074324486314401,0.14267300633547797,3,0,0.004,,,
stock_tech1_regime_switch_h1_t18,stock_tech1,regime_switch,1,-0.18,bull,0.31420705833501517,1.0,0.0,0.008939485,0.00013358967,0.0115581,0.5859872611464968,-0.01719179936100614,-0.19291854,0.0,0.0,0.0,0.0,0.0,0.0,0,0.0,after_cost,0.3038350128170939,0.5350724548676411,2.5032908936382015,-0.067043511167818,0.31420705833501494,0.3038350128170939,-0.3038350128170939,False,0.811451021334624,0.06378432062840456,3,1,0.01,,,
stock_tech1_regime_switch_h1_t20,stock_tech1,regime_switch,1,-0.2,bull,0.31420705833501517,1.0,0.0,0.012371926,0.00022147279,0.014881962,0.4140127388535032,0.017651957840340144,-0.97769034,0.0,0.0,0.0,0.0,0.0,0.0,0,0.0,after_cost,0.3038350128170939,0.5350724548676411,2.5032908936382015,-0.067043511167818,0.31420705833501494,0.3038350128170939,-0.3038350128170939,False,0.0,0.0,2,0,0.004,,,
stock_tech1_regime_switch_h2_t10,stock_tech1,regime_switch,2,-0.1,bull,0.31895716091487736,0.8846153846153846,0.11538461538461539,0.011703988,0.00021419738,0.014635484,0.5192307692307693,-0.09503992846207318,-0.12570572,0.6027728733770507,0.5358060935620957,-0.04615479758251645,0.0699080223894668,0.042438378732792215,0.6,2,0.0016832728187142286,after_cost,0.3086365680704901,0.5485497707825309,2.558576556416447,-0.067043511167818,0.31895716091487736,0.3086365680704901,-0.2661981893376979,False,1.313378753305559,0.13205616447616464,5,0,0.004,,,
stock_tech1_regime_switch_h2_t12,stock_tech1,regime_switch,2,-0.12,bull,0.31895716091487736,0.967948717948718,0.03205128205128205,0.011339651,0.00020302836,0.014248802,0.5448717948717948,-0.05795058922421907,-0.06700742,0.0,0.0,0.0,0.0,0.0,0.0,0,0.0,after_cost,0.3086365680704901,0.5485497707825309,2.558576556416447,-0.067043511167818,0.31895716091487736,0.3086365680704901,-0.3086365680704901,False,0.0,0.0,2,0,0.004,,,
stock_tech1_regime_switch_h2_t15,stock_tech1,regime_switch,2,-0.15,bull,0.31895716091487736,1.0,0.0,0.011479312,0.00020707016,0.014389932,0.48717948717948717,-0.09607053038499898,-0.08824897,-0.52018174776957,-0.2525424415629378,-0.04436056304033927,-0.004952274992969019,-0.0030489520481081778,0.5333333333333333,2,0.0008864548950256753,after_cost,0.3086365680704901,0.5485497707825309,2.558576556416447,-0.067043511167818,0.31895716091487736,0.3086365680704901,-0.3116855201185983,False,0.9532647541250385,0.07126569024596918,5,0,0.004,,,
stock_tech1_regime_switch_h2_t18,stock_tech1,regime_switch,2,-0.18,bull,0.31895716091487736,1.0,0.0,0.011576877,0.00021824685,0.01477318,0.6346153846153846,-0.037360750700524165,-0.14698756,1.782207863982651,2.2341172659753368,-0.06704351116781776,0.31372243395255595,0.18273957583399603,0.5727272727272728,2,0.001730731013757991,after_cost,0.3086365680704901,0.5485497707825309,2.558576556416447,-0.067043511167818,0.31895716091487736,0.3086365680704901,-0.1258969922364941,False,0.7135063098977787,0.12489377711473693,3,0,0.008,,,
stock_tech1_regime_switch_h2_t20,stock_tech1,regime_switch,2,-0.2,bull,0.31895716091487736,1.0,0.0,0.012427648,0.00023094453,0.015196859,0.34615384615384615,0.052029526394879344,-0.2137196,0.0,0.0,0.0,0.0,0.0,0.0,0,0.0,after_cost,0.3086365680704901,0.5485497707825309,2.558576556416447,-0.067043511167818,0.31895716091487736,0.3086365680704901,-0.3086365680704901,False,0.3972764357409331,0.035435502270126484,5,0,0.004,,,
stock_tech1_regime_switch_h3_t10,stock_tech1,regime_switch,3,-0.1,bull,0.30728921011851873,0.8838709677419355,0.11612903225806452,0.013351459,0.00027216825,0.016497523,0.6258064516129033,0.09043941985304849,0.00034499168,2.0602861275075877,2.5560089350643493,-0.06704351116781798,0.36917427686650695,0.2116897857548028,0.5818181818181818,1,0.0018791583878488031,after_cost,0.2970429271582975,0.5305037237903183,2.4831610529317247,-0.067043511167818,0.30728921011851873,0.2970429271582975,-0.0853531414034947,False,0.47046912739650015,0.08025319095970795,8,0,0.004,,,
stock_tech1_regime_switch_h3_t12,stock_tech1,regime_switch,3,-0.12,bull,0.30728921011851873,0.967741935483871,0.03225806451612903,0.015649496,0.00036495482,0.01910379,0.38064516129032255,-0.01792495438624664,-0.3404535,0.0,0.0,0.0,0.0,0.0,0.0,0,0.0,after_cost,0.2970429271582975,0.5305037237903183,2.4831610529317247,-0.067043511167818,0.30728921011851873,0.2970429271582975,-0.2970429271582975,False,0.0,0.0,3,0,0.004,,,
stock_tech1_regime_switch_h3_t15,stock_tech1,regime_switch,3,-0.15,bull,0.30728921011851873,1.0,0.0,0.014038742,0.00030045808,0.017333727,0.567741935483871,0.09039547421634804,-0.10356152,1.1585399105147036,0.9262978707422158,-0.022921908883472206,0.07837656405091953,0.047192156248796024,0.6111111111111112,1,0.003038750504437332,after_cost,0.2970429271582975,0.5305037237903183,2.4831610529317247,-0.067043511167818,0.30728921011851873,0.2970429271582975,-0.24985077090950147,False,0.0,0.0,3,0,0.004,,,
stock_tech1_regime_switch_h3_t18,stock_tech1,regime_switch,3,-0.18,bull,0.30728921011851873,1.0,0.0,0.015546558,0.0003521461,0.018765556,0.38064516129032255,-0.0013654429517767558,-0.29340804,0.0,0.0,0.0,0.0,0.0,0.0,0,0.0,after_cost,0.2970429271582975,0.5305037237903183,2.4831610529317247,-0.067043511167818,0.30728921011851873,0.2970429271582975,-0.2970429271582975,False,0.0,0.0,3,0,0.004,,,
stock_tech1_regime_switch_h3_t20,stock_tech1,regime_switch,3,-0.2,bull,0.30728921011851873,1.0,0.0,0.013981182,0.00030443113,0.017447954,0.6193548387096774,0.04873595970894591,-0.11815429,2.4267858978757038,3.1214917920659095,-0.0670435111678182,0.4531627508595064,0.25658550563569693,0.5916666666666667,1,0.0020279352483721846,after_cost,0.2970429271582975,0.5305037237903183,2.4831610529317247,-0.067043511167818,0.30728921011851873,0.2970429271582975,-0.04045742152260057,False,0.9594990411913885,0.18511872311564836,5,0,0.008,,,
stock_tech1_regime_switch_h4_t10,stock_tech1,regime_switch,4,-0.1,bull,0.29886393640754916,0.8831168831168831,0.11688311688311688,0.014813324,0.0003468694,0.01862443,0.6688311688311688,-0.04617075359554296,-0.0052648783,1.579746287390817,1.9516545278367623,-0.04615479758251645,0.19819218623206658,0.11603237518303944,0.5846153846153846,3,0.0022243000023478895,after_cost,0.2886536270514266,0.5184510658808212,2.427438682999829,-0.067043511167818,0.29886393640754894,0.2886536270514266,-0.17262125186838717,False,0.7527846967360657,0.11417239737700435,5,0,0.008,,,
stock_tech1_regime_switch_h4_t12,stock_tech1,regime_switch,4,-0.12,bull,0.29886393640754916,0.9675324675324676,0.032467532467532464,0.016761808,0.00042282697,0.020562757,0.474025974025974,-0.12551379631114565,-0.22539818,-2.0308736292589162,-1.6440419966877466,-0.0897544110089019,-0.10572130938527524,-0.0655907971558688,0.47619047619047616,7,-0.0005541025748825692,after_cost,0.2886536270514266,0.5184510658808212,2.427438682999829,-0.067043511167818,0.29886393640754894,0.2886536270514266,-0.3542444242072954,False,0.1589810155603467,0.026158993693785382,3,1,0.006,,,
stock_tech1_regime_switch_h4_t15,stock_tech1,regime_switch,4,-0.15,bull,0.29886393640754916,1.0,0.0,0.015460606,0.00037725907,0.019423159,0.6363636363636364,-0.03903235786864014,-0.09333742,-1.4257885079605361,-0.8497802876373335,-0.07320592081550197,-0.10273447023345794,-0.06369722275046774,0.52,5,-0.0006548062818803874,after_cost,0.2886536270514266,0.5184510658808212,2.427438682999829,-0.067043511167818,0.29886393640754894,0.2886536270514266,-0.35235084980189435,False,1.3815618766819355,0.11756564416978432,5,1,0.008,,,
stock_tech1_regime_switch_h4_t18,stock_tech1,regime_switch,4,-0.18,bull,0.29886393640754916,1.0,0.0,0.014848288,0.00036527094,0.019112064,0.6688311688311688,-0.07111961425309964,-0.058594465,1.6270139114321447,2.1102696199259605,-0.06704351116781798,0.2883578202282231,0.1662935497622584,0.5675675675675675,2,0.0015899992028877575,after_cost,0.2886536270514266,0.5184510658808212,2.427438682999829,-0.067043511167818,0.29886393640754894,0.2886536270514266,-0.1223600772891682,False,1.1179841035828086,0.21675754430197247,8,0,0.006,,,
stock_tech1_regime_switch_h4_t20,stock_tech1,regime_switch,4,-0.2,bull,0.29886393640754916,1.0,0.0,0.015037687,0.00037333908,0.019321984,0.6688311688311688,0.038985371346860656,-0.08197689,2.0105152808645674,2.4867727370051096,-0.06704351116781808,0.36140989849048677,0.20600860335221394,0.5833333333333334,1,0.001870753063009681,after_cost,0.2886536270514266,0.5184510658808212,2.427438682999829,-0.067043511167818,0.29886393640754894,0.2886536270514266,-0.08264502369921267,False,1.3460361777788492,0.2707989885268258,8,0,0.01,,,
stock_tech1_regime_switch_h5_t10,stock_tech1,regime_switch,5,-0.1,bull,0.2960480308913589,0.8823529411764706,0.11764705882352941,0.016029762,0.00041050644,0.020260958,0.6862745098039216,0.01564172533799424,-0.007285595,2.3274826539876554,3.497589782817188,-0.06704351116781794,0.49736038293425344,0.27571127695949893,0.5789473684210527,1,0.001764859967893226,after_cost,0.28588449631363577,0.5172088068686505,2.417718838753931,-0.067043511167818,0.2960480308913589,0.28588449631363577,-0.010173219354136842,False,1.3164242090451954,0.2689678650287659,3,0,0.004,,,
stock_tech1_regime_switch_h5_t12,stock_tech1,regime_switch,5,-0.12,bull,0.2960480308913589,0.9673202614379085,0.032679738562091505,0.017515741,0.00046137974,0.021479752,0.6862745098039216,-0.03887075316564136,-0.13211656,0.05440067796552888,0.034266740630740006,-0.047956183452131575,0.02170188571963494,0.013034223817215418,0.5625,2,0.001858155903797606,after_cost,0.28588449631363577,0.5172088068686505,2.417718838753931,-0.067043511167818,0.2960480308913589,0.28588449631363577,-0.27285027249642035,False,0.2594704034236323,0.034747765528304164,8,1,0.004,,,
stock_tech1_regime_switch_h5_t15,stock_tech1,regime_switch,5,-0.15,bull,0.2960480308913589,1.0,0.0,0.017197035,0.00045562102,0.02134528,0.6601307189542484,0.009189447800135975,-0.11798608,-2.668977727064317,-2.0631334166816293,-0.15790134357315408,-0.2065101030915404,-0.13022699441852492,0.5384615384615384,13,-0.0006911185551910893,after_cost,0.28588449631363577,0.5172088068686505,2.417718838753931,-0.067043511167818,0.2960480308913589,0.28588449631363577,-0.4161114907321607,False,-0.011845074577849085,0.018764482181474307,3,1,0.004,,,
stock_tech1_regime_switch_h5_t18,stock_tech1,regime_switch,5,-0.18,bull,0.2960480308913589,1.0,0.0,0.016403545,0.00041507345,0.020373352,0.6862745098039216,0.07259653031985905,-0.018491864,2.288847714223654,2.9861875934118367,-0.04615479758251645,0.3585927457184981,0.2030289556486049,0.6,3,0.0024595292546891355,after_cost,0.28588449631363577,0.5172088068686505,2.417718838753931,-0.067043511167818,0.2960480308913589,0.28588449631363577,-0.08285554066503087,False,1.5790004537857858,0.21332218072381282,5,0,0.006,,,
stock_tech1_regime_switch_h5_t20,stock_tech1,regime_switch,5,-0.2,bull,0.2960480308913589,1.0,0.0,0.016314466,0.0004309917,0.020760339,0.6862745098039216,0.12839123048718107,-0.057551503,2.3274826539876554,3.497589782817188,-0.06704351116781794,0.49736038293425344,0.27571127695949893,0.5789473684210527,1,0.001764859967893226,after_cost,0.28588449631363577,0.5172088068686505,2.417718838753931,-0.067043511167818,0.2960480308913589,0.28588449631363577,-0.010173219354136842,False,1.3164242090451954,0.2689678650287659,3,0,0.004,,,
stock_tech1_regime_switch_h6_t10,stock_tech1,regime_switch,6,-0.1,bull,0.2886852601254528,0.881578947368421,0.11842105263157894,0.02492388,0.00085324,0.029210273,0.26973684210526316,-0.16930573072365337,-0.8366207,0.0,0.0,0.0,0.0,0.0,0.0,0,0.0,after_cost,0.27865214585187514,0.5071495315190908,2.379655415337988,-0.067043511167818,0.2886852601254528,0.27865214585187514,-0.27865214585187514,False,0.0,0.0,5,0,0.004,,,
stock_tech1_regime_switch_h6_t12,stock_tech1,regime_switch,6,-0.12,bull,0.2886852601254528,0.9671052631578947,0.03289473684210526,0.020013377,0.00058412325,0.024168642,0.4868421052631579,-0.19297193189684875,-0.25734007,-0.28317823881012993,-0.2718596302909723,-0.07499565458444811,-0.024783118733205045,-0.014924821390480125,0.5692307692307692,7,0.0009331720833058472,after_cost,0.27865214585187514,0.5071495315190908,2.379655415337988,-0.067043511167818,0.2886852601254528,0.27865214585187514,-0.29357696724235527,False,1.5800229211469794,0.16969414518397818,10,1,0.004,,,
stock_tech1_regime_switch_h6_t15,stock_tech1,regime_switch,6,-0.15,bull,0.2886852601254528,1.0,0.0,0.019195229,0.0005444809,0.023334116,0.7302631578947368,-0.1715017904863832,-0.17200899,-0.7617875336897555,-0.8026107641395194,-0.09453317190342314,-0.08492370558435391,-0.051789036734963045,0.547945205479452,8,0.00041807092552098774,after_cost,0.27865214585187514,0.5071495315190908,2.379655415337988,-0.067043511167818,0.2886852601254528,0.27865214585187514,-0.3304411825868382,False,1.4780310692638439,0.17628743716580364,10,1,0.004,,,
stock_tech1_regime_switch_h6_t18,stock_tech1,regime_switch,6,-0.18,bull,0.2886852601254528,1.0,0.0,0.017444294,0.0005007607,0.022377683,0.7302631578947368,-0.10947943278727923,-0.07790005,0.3327763574551992,0.5020705090101324,-0.09646532079588761,0.0645618644204915,0.03819988987161227,0.5579710144927537,14,0.0013038071271231652,after_cost,0.27865214585187514,0.5071495315190908,2.379655415337988,-0.067043511167818,0.2886852601254528,0.27865214585187514,-0.24045225598026287,False,0.21428166677123556,0.043027768619008366,10,1,0.004,,,
stock_tech1_regime_switch_h6_t20,stock_tech1,regime_switch,6,-0.2,bull,0.2886852601254528,1.0,0.0,0.018020138,0.0004911973,0.02216297,0.6644736842105263,0.0715923952988279,-0.057314515,1.3474712203980763,1.6308537363508053,-0.04615479758251645,0.1908711661697471,0.11034683229226938,0.569620253164557,4,0.0018770438278564274,after_cost,0.27865214585187514,0.5071495315190908,2.379655415337988,-0.067043511167818,0.2886852601254528,0.27865214585187514,-0.16830531355960576,False,1.5379336953077356,0.21644268213725093,5,0,0.006,,,
stock_tech1_regime_switch_h7_t10,stock_tech1,regime_switch,7,-0.1,bull,0.2679336825772676,0.8807947019867549,0.11920529801324503,0.020062933,0.00059087545,0.024307929,0.7218543046357616,-0.038451763934818126,-0.10543978,2.1461970248784517,2.7680894256395563,-0.0670435111678182,0.394271957764023,0.2187682350804303,0.5775862068965517,1,0.0018328710747875356,after_cost,0.25800807988514984,0.4705106128846732,2.2357005059453803,-0.067043511167818,0.2679336825772676,0.25800807988514984,-0.03923984480471954,False,0.7631389616086256,0.1398170736415565,8,0,0.004,,,
stock_tech1_regime_switch_h7_t12,stock_tech1,regime_switch,7,-0.12,bull,0.2679336825772676,0.9668874172185431,0.033112582781456956,0.01886484,0.00055065803,0.023466105,0.7218543046357616,0.010966091637791992,-0.03019905,2.2675946715780575,3.143746523653587,-0.06704351116781825,0.4450235483089502,0.2449836428670249,0.5877862595419847,1,0.0017915196108203757,after_cost,0.25800807988514984,0.4705106128846732,2.2357005059453803,-0.067043511167818,0.2679336825772676,0.25800807988514984,-0.013024437018124946,False,1.162591307156314,0.22807343353573395,8,0,0.004,,,
stock_tech1_regime_switch_h7_t15,stock_tech1,regime_switch,7,-0.15,bull,0.2679336825772676,1.0,0.0,0.01838385,0.00052228034,0.022853455,0.7218543046357616,0.1521714287302721,0.022891402,2.1453856332711245,3.2211685488636626,-0.06704351116781794,0.45101831131242065,0.24805540358907696,0.5733333333333334,1,0.0016411924299905081,after_cost,0.25800807988514984,0.4705106128846732,2.2357005059453803,-0.067043511167818,0.2679336825772676,0.25800807988514984,-0.009952676296072882,False,1.0365324101674915,0.2017574634149948,5,0,0.004,,,
stock_tech1_regime_switch_h7_t18,stock_tech1,regime_switch,7,-0.18,bull,0.2679336825772676,1.0,0.0,0.018551547,0.0005295407,0.023011751,0.7218543046357616,0.11556038729582725,0.009308457,0.17707229427368162,0.2667547884400799,-0.09646532079588761,0.03627770641396988,0.021437968278873454,0.5547445255474452,14,0.0011938608038598918,after_cost,0.25800807988514984,0.4705106128846732,2.2357005059453803,-0.067043511167818,0.2679336825772676,0.25800807988514984,-0.2365701116062764,False,0.21428166677123556,0.043027768619008366,10,1,0.004,,,
stock_tech1_regime_switch_h7_t20,stock_tech1,regime_switch,7,-0.2,bull,0.2679336825772676,1.0,0.0,0.020666335,0.0006489769,0.025475025,0.7218543046357616,0.04301332259452982,-0.21413887,-0.4305293792350552,-0.3185460218165132,-0.05193976682896784,-0.018255478961962224,-0.010906849937882601,0.5333333333333333,3,0.000747089907757929,after_cost,0.25800807988514984,0.4705106128846732,2.2357005059453803,-0.067043511167818,0.2679336825772676,0.25800807988514984,-0.26891492982303244,False,0.5744854865932356,0.07205244374501363,10,1,0.01,,,
stock_tech1_regime_switch_h8_t10,stock_tech1,regime_switch,8,-0.1,bull,0.257504111465259,0.88,0.12,0.021501996,0.0006751467,0.025983585,0.6666666666666666,0.05875536446703182,-0.20036566,1.7073930519950855,2.106362597327107,-0.0670435111678179,0.2965311678236935,0.16596405966040595,0.5643564356435643,1,0.001661922816046804,after_cost,0.24759014394559964,0.4537310890390409,2.1576149349818396,-0.067043511167818,0.257504111465259,0.24759014394559964,-0.08162608428519369,False,0.0064194127456417525,0.012209946430728591,8,0,0.004,,,
stock_tech1_regime_switch_h8_t12,stock_tech1,regime_switch,8,-0.12,bull,0.257504111465259,0.9666666666666667,0.03333333333333333,0.021118024,0.000651729,0.025528984,0.74,0.06509770151299386,-0.1587305,1.8033607716772413,2.1743776517058793,-0.06704351116781784,0.3129106821750445,0.17465112028587848,0.5714285714285714,1,0.0017878154987459752,after_cost,0.24759014394559964,0.4537310890390409,2.1576149349818396,-0.067043511167818,0.257504111465259,0.24759014394559964,-0.07293902365972116,False,0.4672984563303929,0.07288976413857395,8,0,0.006,,,
stock_tech1_regime_switch_h8_t15,stock_tech1,regime_switch,8,-0.15,bull,0.257504111465259,1.0,0.0,0.026617497,0.0009798039,0.03130182,0.38666666666666666,0.14243764275126738,-0.7420255,0.0,0.0,0.0,0.0,0.0,0.0,0,0.0,after_cost,0.24759014394559964,0.4537310890390409,2.1576149349818396,-0.067043511167818,0.257504111465259,0.24759014394559964,-0.24759014394559964,False,0.0,0.0,5,0,0.004,,,
stock_tech1_regime_switch_h8_t18,stock_tech1,regime_switch,8,-0.18,bull,0.257504111465259,1.0,0.0,0.027970111,0.0010888149,0.032997195,0.43333333333333335,0.09670575304753525,-0.93584,0.0,0.0,0.0,0.0,0.0,0.0,0,0.0,after_cost,0.24759014394559964,0.4537310890390409,2.1576149349818396,-0.067043511167818,0.257504111465259,0.24759014394559964,-0.24759014394559964,False,0.0,0.0,5,0,0.004,,,
stock_tech1_regime_switch_h8_t20,stock_tech1,regime_switch,8,-0.2,bull,0.257504111465259,1.0,0.0,0.037706394,0.0018384769,0.04287746,0.26,0.20432842624935937,-2.2686887,0.0,0.0,0.0,0.0,0.0,0.0,0,0.0,after_cost,0.24759014394559964,0.4537310890390409,2.1576149349818396,-0.067043511167818,0.257504111465259,0.24759014394559964,-0.24759014394559964,False,0.0,0.0,5,0,0.004,,,
stock_tech1_regime_switch_h9_t10,stock_tech1,regime_switch,9,-0.1,bull,0.2600971086382662,0.8791946308724832,0.12080536912751678,0.023374036,0.0007800054,0.027928578,0.5637583892617449,-0.08192245711478209,-0.334283,0.10778732676841439,0.13182062488239366,-0.07556060929486892,0.025407953243899772,0.014844817817711187,0.5411764705882353,11,0.001539103928942733,after_cost,0.25017391301634007,0.46255368795869867,2.188047295203274,-0.067043511167818,0.2600971086382662,0.25017391301634007,-0.23532909519862888,False,0.22129404806405958,0.041149908205622365,8,1,0.004,,,
stock_tech1_regime_switch_h9_t12,stock_tech1,regime_switch,9,-0.12,bull,0.2600971086382662,0.9664429530201343,0.03355704697986577,0.023264732,0.00077071553,0.027761763,0.7315436241610739,-0.1352577951718523,-0.31839168,0.13798909408258375,0.13521673806100865,-0.07597696800914978,0.029859217879805833,0.017429809463546997,0.5846153846153846,5,0.001182607218855419,after_cost,0.25017391301634007,0.46255368795869867,2.188047295203274,-0.067043511167818,0.2600971086382662,0.25017391301634007,-0.23274410355279307,False,0.9790332933101191,0.14064306274507365,5,0,0.004,,,
stock_tech1_regime_switch_h9_t15,stock_tech1,regime_switch,9,-0.15,bull,0.2600971086382662,1.0,0.0,0.021276446,0.00066030206,0.025696343,0.7718120805369127,0.0029933719822418745,-0.12951756,1.5095667861239683,2.0508358286599297,-0.0670435111678181,0.28095270180403453,0.1565232203118554,0.5517241379310345,2,0.001521503838636861,after_cost,0.25017391301634007,0.46255368795869867,2.188047295203274,-0.067043511167818,0.2600971086382662,0.25017391301634007,-0.09365069270448467,False,1.4790486028442245,0.2702436776656778,5,0,0.006,,,
stock_tech1_regime_switch_h9_t18,stock_tech1,regime_switch,9,-0.18,bull,0.2600971086382662,1.0,0.0,0.02006009,0.00060155033,0.024526523,0.7718120805369127,0.06285220651982948,-0.029016376,0.7879831631423176,1.1013161063135737,-0.08276617167390085,0.13233179126218775,0.07571900156455547,0.5567010309278351,10,0.0017882354726490436,after_cost,0.25017391301634007,0.46255368795869867,2.188047295203274,-0.067043511167818,0.2600971086382662,0.25017391301634007,-0.1744549114517846,False,0.2697333170064839,0.053180773348318056,10,1,0.01,,,
stock_tech1_regime_switch_h9_t20,stock_tech1,regime_switch,9,-0.2,bull,0.2600971086382662,1.0,0.0,0.01962118,0.00057086605,0.023892803,0.7718120805369127,0.26432680923847035,0.023472369,0.7578293097560717,1.1326892751896116,-0.08237443990984517,0.13960398059908696,0.0797710749486622,0.5725806451612904,13,0.0016323154046503864,after_cost,0.25017391301634007,0.46255368795869867,2.188047295203274,-0.067043511167818,0.2600971086382662,0.25017391301634007,-0.17040283806767786,False,0.25347421309363155,0.04933849371728383,10,1,0.01,,,
stock_tech1_regime_switch_h10_t10,stock_tech1,regime_switch,10,-0.1,bull,0.26062312940960397,0.8783783783783784,0.12162162162162163,0.021791175,0.0007138093,0.02671721,0.7635135135135135,-0.03472104876251659,-0.15598714,0.2012894637301391,0.3049463633209098,-0.09202149479406263,0.04066720231847509,0.02352531689125792,0.5597014925373134,14,0.001177164998740043,after_cost,0.25061681442805317,0.4672318210107913,2.192813067202661,-0.067043511167818,0.2606231294096042,0.25061681442805317,-0.22709149753679525,False,0.21428166677123556,0.043027768619008366,10,1,0.004,,,
stock_tech1_regime_switch_h10_t12,stock_tech1,regime_switch,10,-0.12,bull,0.26062312940960397,0.9662162162162162,0.033783783783783786,0.025796443,0.0009777896,0.03126963,0.4391891891891892,-0.14025422532915732,-0.58349335,-2.169175166712551,-0.9029428777980997,-0.029945096140828218,-0.05078386415368952,-0.029945096140828187,0.375,1,-0.0027788285483263077,after_cost,0.25061681442805317,0.4672318210107913,2.192813067202661,-0.067043511167818,0.2606231294096042,0.25061681442805317,-0.28056191056888136,False,-0.11671463094934326,0.01376133037626559,8,1,0.006,,,
stock_tech1_regime_switch_h10_t15,stock_tech1,regime_switch,10,-0.15,bull,0.26062312940960397,1.0,0.0,0.02058495,0.0006463198,0.02542282,0.7635135135135135,-0.20097192170120315,-0.046690583,0.2012894637301391,0.3049463633209098,-0.09202149479406263,0.04066720231847509,0.02352531689125792,0.5597014925373134,14,0.001177164998740043,after_cost,0.25061681442805317,0.4672318210107913,2.192813067202661,-0.067043511167818,0.2606231294096042,0.25061681442805317,-0.22709149753679525,False,0.6036862510065345,0.10858133621624466,10,1,0.004,,,
stock_tech1_regime_switch_h10_t18,stock_tech1,regime_switch,10,-0.18,bull,0.26062312940960397,1.0,0.0,0.019542923,0.00060519075,0.024600625,0.7635135135135135,0.29806099296898986,0.019916356,0.2012894637301391,0.3049463633209098,-0.09202149479406263,0.04066720231847509,0.02352531689125792,0.5597014925373134,14,0.001177164998740043,after_cost,0.25061681442805317,0.4672318210107913,2.192813067202661,-0.067043511167818,0.2606231294096042,0.25061681442805317,-0.22709149753679525,False,0.21428166677123556,0.043027768619008366,10,1,0.004,,,
stock_tech1_regime_switch_h10_t20,stock_tech1,regime_switch,10,-0.2,bull,0.26062312940960397,1.0,0.0,0.025045166,0.000902546,0.030042402,0.581081081081081,0.3252747489081483,-0.46163917,0.0,0.0,0.0,0.0,0.0,0.0,0,0.0,after_cost,0.25061681442805317,0.4672318210107913,2.192813067202661,-0.067043511167818,0.2606231294096042,0.25061681442805317,-0.25061681442805317,False,1.5504552142288266,0.10771801735851971,10,0,0.01,,,
stock_tech2_regime_embedding_h1_t10,stock_tech2,regime_embedding,1,-0.1,bull,0.31420705833501517,0.8853503184713376,0.11464968152866242,0.056274414,0.004899461,0.06999615,0.5987261146496815,0.02982760536173228,-42.75082,1.7233099486472065,2.4644752617863244,-0.07229461945736315,0.3413513737359284,0.19937479290709348,0.5878378378378378,6,0.001711908545051554,after_cost,0.3038350128170939,0.5350724548676411,2.5032908936382015,-0.067043511167818,0.31420705833501494,0.3038350128170939,-0.10446021991000043,False,1.2220744761049838,0.210711901984318,3,0,0.01,,,
stock_tech2_regime_embedding_h1_t12,stock_tech2,regime_embedding,1,-0.12,bull,0.31420705833501517,0.9681528662420382,0.03184713375796178,0.035446964,0.0017426453,0.041745003,0.5031847133757962,0.0010939441048082386,-14.561337,0.42287025041689774,0.47568671916638466,-0.06357534954462123,0.07136643559403266,0.04359759638259697,0.6022727272727273,6,0.001355358995353846,after_cost,0.3038350128170939,0.5350724548676411,2.5032908936382015,-0.067043511167818,0.31420705833501494,0.3038350128170939,-0.26023741643449694,False,1.1753625837194532,0.1828281620692913,5,0,0.004,,,
stock_tech2_regime_embedding_h1_t15,stock_tech2,regime_embedding,1,-0.15,bull,0.31420705833501517,1.0,0.0,0.042213317,0.002847815,0.05336492,0.5732484076433121,0.061131767411879354,-24.430195,2.091345000046186,3.115542855597483,-0.06460494140235085,0.4223549675831457,0.24371030939035077,0.5862068965517241,6,0.0019968708766847933,after_cost,0.3038350128170939,0.5350724548676411,2.5032908936382015,-0.067043511167818,0.31420705833501494,0.3038350128170939,-0.06012470342674314,False,1.3137729584083169,0.2507108077287823,3,0,0.004,,,
stock_tech2_regime_embedding_h1_t18,stock_tech2,regime_embedding,1,-0.18,bull,0.31420705833501517,1.0,0.0,0.048056148,0.003977316,0.06306597,0.4968152866242038,-0.06787041887886759,-34.516323,0.9417998947691644,1.0747314848434046,-0.06473375610170085,0.14578514292897604,0.08789676901105925,0.5729166666666666,4,0.0014252386766600126,after_cost,0.3038350128170939,0.5350724548676411,2.5032908936382015,-0.067043511167818,0.31420705833501494,0.3038350128170939,-0.21593824380603466,False,0.8401984885244932,0.16252229925585615,5,0,0.01,,,
stock_tech2_regime_embedding_h1_t20,stock_tech2,regime_embedding,1,-0.2,bull,0.31420705833501517,1.0,0.0,0.05596999,0.0043971185,0.06631077,0.5668789808917197,-0.014681534709771496,-38.265045,1.4621619059116824,2.0711792445570993,-0.08894597454573522,0.28198067592386966,0.16622882821549134,0.5763888888888888,4,0.001454610106355455,after_cost,0.3038350128170939,0.5350724548676411,2.5032908936382015,-0.067043511167818,0.31420705833501494,0.3038350128170939,-0.13760618460160257,False,1.4319946564802248,0.2670442681363929,5,0,0.01,,,
stock_tech2_regime_embedding_h2_t10,stock_tech2,regime_embedding,2,-0.1,bull,0.31895716091487736,0.8846153846153846,0.11538461538461539,0.09593834,0.01244082,0.111538425,0.6346153846153846,0.04277169135366024,-64.38223,2.7962053305902033,4.19904301304468,-0.06704351116781783,0.5916255087712916,0.33090840281165335,0.5918367346938775,3,0.002162951621670531,after_cost,0.3086365680704901,0.5485497707825309,2.558576556416447,-0.067043511167818,0.31895716091487736,0.3086365680704901,0.022271834741163232,True,1.1925092777969701,0.2389703372958678,5,0,0.004,,,
stock_tech2_regime_embedding_h2_t12,stock_tech2,regime_embedding,2,-0.12,bull,0.31895716091487736,0.967948717948718,0.03205128205128205,0.106753044,0.01896599,0.13771707,0.6666666666666666,0.06925937398999674,-98.674995,1.916864809349967,2.59655339531124,-0.0670435111678182,0.36774268031871427,0.21242113817444652,0.576,2,0.001793122367996315,after_cost,0.3086365680704901,0.5485497707825309,2.558576556416447,-0.067043511167818,0.31895716091487736,0.3086365680704901,-0.09621542989604359,False,1.0543017907954255,0.20732874206606744,5,0,0.004,,,
stock_tech2_regime_embedding_h2_t15,stock_tech2,regime_embedding,2,-0.15,bull,0.31895716091487736,1.0,0.0,0.064114645,0.0056879628,0.075418584,0.6217948717948718,0.18186915245009758,-28.892859,2.468276362948573,3.6772873768729273,-0.06704351116781794,0.528680910520863,0.2982833466886383,0.5870967741935483,1,0.0018441506546506376,after_cost,0.3086365680704901,0.5485497707825309,2.558576556416447,-0.067043511167818,0.31895716091487736,0.3086365680704901,-0.010353221381851796,False,1.002152038913079,0.19463883239282653,2,0,0.01,,,
stock_tech2_regime_embedding_h2_t18,stock_tech2,regime_embedding,2,-0.18,bull,0.31895716091487736,1.0,0.0,0.1093615,0.016179113,0.12719715,0.5897435897435898,0.03305152763499358,-84.02867,1.4779304160908917,2.055393584346199,-0.07373009836927476,0.27210009648738254,0.15954841331370107,0.5597014925373134,4,0.0013968159770917751,after_cost,0.3086365680704901,0.5485497707825309,2.558576556416447,-0.067043511167818,0.31895716091487736,0.3086365680704901,-0.14908815475678905,False,0.9199918353786588,0.1819156611581103,5,0,0.004,,,
stock_tech2_regime_embedding_h2_t20,stock_tech2,regime_embedding,2,-0.2,bull,0.31895716091487736,1.0,0.0,0.09214192,0.011175313,0.10571335,0.6474358974358975,0.13563306698099592,-57.731407,2.468276362948573,3.6772873768729273,-0.06704351116781794,0.528680910520863,0.2982833466886383,0.5870967741935483,1,0.0018441506546506376,after_cost,0.3086365680704901,0.5485497707825309,2.558576556416447,-0.067043511167818,0.31895716091487736,0.3086365680704901,-0.010353221381851796,False,1.0678266707807007,0.21231577713523064,2,0,0.004,,,
stock_tech2_regime_embedding_h3_t10,stock_tech2,regime_embedding,3,-0.1,bull,0.30728921011851873,0.8838709677419355,0.11612903225806452,0.12519568,0.023728432,0.15404035,0.6129032258064516,0.07351571928422594,-86.15287,2.650477399387504,3.9982660752958674,-0.06704351116781776,0.5679907765615337,0.31636578502992885,0.5882352941176471,1,0.0019056284426949926,after_cost,0.2970429271582975,0.5305037237903183,2.4831610529317247,-0.067043511167818,0.30728921011851873,0.2970429271582975,0.01932285787163135,True,1.1371445188521523,0.22569267522445924,3,0,0.006,,,
stock_tech2_regime_embedding_h3_t12,stock_tech2,regime_embedding,3,-0.12,bull,0.30728921011851873,0.967741935483871,0.03225806451612903,0.102658175,0.014767296,0.121520765,0.5483870967741935,-0.08145864173365988,-53.239246,2.1922958407461155,3.3249330667117336,-0.06191974942287694,0.41409965202767873,0.2358336305050961,0.5658914728682171,1,0.0018207374071255308,after_cost,0.2970429271582975,0.5305037237903183,2.4831610529317247,-0.067043511167818,0.30728921011851873,0.2970429271582975,-0.061209296653201406,False,1.370806755276554,0.2691891809895963,3,0,0.01,,,
stock_tech2_regime_embedding_h3_t15,stock_tech2,regime_embedding,3,-0.15,bull,0.30728921011851873,1.0,0.0,0.087264724,0.00962585,0.09811142,0.5483870967741935,-0.0874450617734401,-34.355076,1.7282437226415064,2.3933687317457055,-0.07210480011973266,0.3314192101861413,0.191160180972356,0.5615384615384615,1,0.0015286668634079984,after_cost,0.2970429271582975,0.5305037237903183,2.4831610529317247,-0.067043511167818,0.30728921011851873,0.2970429271582975,-0.10588274618594151,False,1.384982516383769,0.27935901892575954,5,0,0.004,,,
stock_tech2_regime_embedding_h3_t18,stock_tech2,regime_embedding,3,-0.18,bull,0.30728921011851873,1.0,0.0,0.09480438,0.009799023,0.098990016,0.5419354838709678,-0.05390643502587827,-34.991127,1.9171486348156699,2.813430131321866,-0.06700883478225786,0.343405365887977,0.1977019876272439,0.5625,1,0.0015862327158123759,after_cost,0.2970429271582975,0.5305037237903183,2.4831610529317247,-0.067043511167818,0.30728921011851873,0.2970429271582975,-0.09934093953105361,False,1.1814328017570952,0.23565726834740652,8,0,0.004,,,
stock_tech2_regime_embedding_h3_t20,stock_tech2,regime_embedding,3,-0.2,bull,0.30728921011851873,1.0,0.0,0.099566326,0.019232837,0.1386825,0.632258064516129,0.013069626232757422,-69.64087,2.012414382928963,2.9508262424600513,-0.06704351116781787,0.40997696621455737,0.23363056773529012,0.5821917808219178,3,0.0017132157179038552,after_cost,0.2970429271582975,0.5305037237903183,2.4831610529317247,-0.067043511167818,0.30728921011851873,0.2970429271582975,-0.06341235942300738,False,1.2722922681325866,0.2579403922905137,5,0,0.004,,,
stock_tech2_regime_embedding_h4_t10,stock_tech2,regime_embedding,4,-0.1,bull,0.29886393640754916,0.8831168831168831,0.11688311688311688,0.1664167,0.038408514,0.1959809,0.5909090909090909,-0.07820674191138731,-110.31201,1.7347651916810365,2.4101310229373825,-0.07210480011973266,0.3339124743733557,0.191160180972356,0.5615384615384615,1,0.0015286668634079984,after_cost,0.2886536270514266,0.5184510658808212,2.427438682999829,-0.067043511167818,0.29886393640754894,0.2886536270514266,-0.09749344607907062,False,1.0687812078060495,0.20841386437345055,5,0,0.006,,,
stock_tech2_regime_embedding_h4_t12,stock_tech2,regime_embedding,4,-0.12,bull,0.29886393640754916,0.9675324675324676,0.032467532467532464,0.12120529,0.016353339,0.12788017,0.5909090909090909,-0.08575880760292041,-46.393738,1.7347651916810365,2.4101310229373825,-0.07210480011973266,0.3339124743733557,0.191160180972356,0.5615384615384615,1,0.0015286668634079984,after_cost,0.2886536270514266,0.5184510658808212,2.427438682999829,-0.067043511167818,0.29886393640754894,0.2886536270514266,-0.09749344607907062,False,1.241746738135332,0.25085977965262796,5,0,0.004,,,
stock_tech2_regime_embedding_h4_t15,stock_tech2,regime_embedding,4,-0.15,bull,0.29886393640754916,1.0,0.0,0.07663706,0.009840428,0.09919893,0.5909090909090909,-0.09122641028933165,-27.51862,1.7347651916810365,2.4101310229373825,-0.07210480011973266,0.3339124743733557,0.191160180972356,0.5615384615384615,1,0.0015286668634079984,after_cost,0.2886536270514266,0.5184510658808212,2.427438682999829,-0.067043511167818,0.29886393640754894,0.2886536270514266,-0.09749344607907062,False,1.384982516383769,0.27935901892575954,5,0,0.004,,,
stock_tech2_regime_embedding_h4_t18,stock_tech2,regime_embedding,4,-0.18,bull,0.29886393640754916,1.0,0.0,0.1132466,0.0141352555,0.11889178,0.5909090909090909,-0.10313543867065557,-39.965492,2.200445842163908,3.3479480793010126,-0.06191974942287694,0.41730573647856284,0.2358336305050961,0.5658914728682171,1,0.0018207374071255308,after_cost,0.2886536270514266,0.5184510658808212,2.427438682999829,-0.067043511167818,0.29886393640754894,0.2886536270514266,-0.05281999654633052,False,1.3477642149985078,0.272125788314733,3,0,0.004,,,
stock_tech2_regime_embedding_h4_t20,stock_tech2,regime_embedding,4,-0.2,bull,0.29886393640754916,1.0,0.0,0.12321382,0.018232996,0.13502961,0.5909090909090909,-0.06677939686624286,-51.841187,2.200445842163908,3.3479480793010126,-0.06191974942287694,0.41730573647856284,0.2358336305050961,0.5658914728682171,1,0.0018207374071255308,after_cost,0.2886536270514266,0.5184510658808212,2.427438682999829,-0.067043511167818,0.29886393640754894,0.2886536270514266,-0.05281999654633052,False,1.3477642149985078,0.272125788314733,3,0,0.004,,,
stock_tech2_regime_embedding_h5_t10,stock_tech2,regime_embedding,5,-0.1,bull,0.2960480308913589,0.8823529411764706,0.11764705882352941,0.102081835,0.017090037,0.13072887,0.6405228758169934,-0.07232937283423778,-40.934902,2.06823572000213,3.09456490317372,-0.06704351116781788,0.4342331966322406,0.2429941018640296,0.5761589403973509,2,0.00170867382292079,after_cost,0.28588449631363577,0.5172088068686505,2.417718838753931,-0.067043511167818,0.2960480308913589,0.28588449631363577,-0.042890394449606184,False,1.1124739556783798,0.22319274489592256,8,0,0.006,,,
stock_tech2_regime_embedding_h5_t12,stock_tech2,regime_embedding,5,-0.12,bull,0.2960480308913589,0.9673202614379085,0.032679738562091505,0.14861408,0.02284407,0.15114255,0.6862745098039216,-0.10204981488792275,-55.053936,2.3274826539876554,3.497589782817188,-0.06704351116781794,0.49736038293425344,0.27571127695949893,0.5789473684210527,1,0.001764859967893226,after_cost,0.28588449631363577,0.5172088068686505,2.417718838753931,-0.067043511167818,0.2960480308913589,0.28588449631363577,-0.010173219354136842,False,1.3164242090451954,0.2689678650287659,3,0,0.004,,,
stock_tech2_regime_embedding_h5_t15,stock_tech2,regime_embedding,5,-0.15,bull,0.2960480308913589,1.0,0.0,0.17242005,0.033803683,0.18385778,0.6862745098039216,0.09865609513616223,-81.94623,2.3274826539876554,3.497589782817188,-0.06704351116781794,0.49736038293425344,0.27571127695949893,0.5789473684210527,1,0.001764859967893226,after_cost,0.28588449631363577,0.5172088068686505,2.417718838753931,-0.067043511167818,0.2960480308913589,0.28588449631363577,-0.010173219354136842,False,1.209113129316801,0.24543629418556168,3,0,0.01,,,
stock_tech2_regime_embedding_h5_t18,stock_tech2,regime_embedding,5,-0.18,bull,0.2960480308913589,1.0,0.0,0.08165381,0.007816609,0.08841159,0.6862745098039216,-0.018161237952080803,-18.180107,2.3274826539876554,3.497589782817188,-0.06704351116781794,0.49736038293425344,0.27571127695949893,0.5789473684210527,1,0.001764859967893226,after_cost,0.28588449631363577,0.5172088068686505,2.417718838753931,-0.067043511167818,0.2960480308913589,0.28588449631363577,-0.010173219354136842,False,1.3164242090451954,0.2689678650287659,3,0,0.004,,,
stock_tech2_regime_embedding_h5_t20,stock_tech2,regime_embedding,5,-0.2,bull,0.2960480308913589,1.0,0.0,0.12525895,0.018859362,0.1373294,0.5882352941176471,-0.05693504291269069,-45.27641,1.9316815367159628,2.8530326838319957,-0.06700883478225786,0.34863371910636776,0.1977019876272439,0.5625,1,0.0015862327158123759,after_cost,0.28588449631363577,0.5172088068686505,2.417718838753931,-0.067043511167818,0.2960480308913589,0.28588449631363577,-0.08818250868639188,False,1.3477642149985078,0.272125788314733,8,0,0.004,,,
stock_tech2_regime_embedding_h6_t10,stock_tech2,regime_embedding,6,-0.1,bull,0.2886852601254528,0.881578947368421,0.11842105263157894,0.09265893,0.012610764,0.11229766,0.7105263157894737,-0.16247118538748043,-26.144989,1.1254370011455368,1.7131131338085364,-0.07039584892922963,0.21575914738066682,0.1241938062340695,0.582089552238806,14,0.001874884643766042,after_cost,0.27865214585187514,0.5071495315190908,2.379655415337988,-0.067043511167818,0.2886852601254528,0.27865214585187514,-0.15445833961780564,False,0.21428166677123556,0.043027768619008366,10,1,0.004,,,
stock_tech2_regime_embedding_h6_t12,stock_tech2,regime_embedding,6,-0.12,bull,0.2886852601254528,0.9671052631578947,0.03289473684210526,0.0985444,0.017237796,0.13129279,0.7302631578947368,0.0502131620620731,-36.10479,0.3327763574551992,0.5020705090101324,-0.09646532079588761,0.0645618644204915,0.03819988987161227,0.5579710144927537,14,0.0013038071271231652,after_cost,0.27865214585187514,0.5071495315190908,2.379655415337988,-0.067043511167818,0.2886852601254528,0.27865214585187514,-0.24045225598026287,False,0.21428166677123556,0.043027768619008366,10,1,0.004,,,
stock_tech2_regime_embedding_h6_t15,stock_tech2,regime_embedding,6,-0.15,bull,0.2886852601254528,1.0,0.0,0.06444782,0.0060510156,0.07778827,0.5986842105263158,-0.08927238346168898,-12.024964,1.3517989733961902,1.8687515422855896,-0.06700883478225779,0.23267932601063324,0.13354290788067735,0.5583333333333333,4,0.0014269530995181488,after_cost,0.27865214585187514,0.5071495315190908,2.379655415337988,-0.067043511167818,0.2886852601254528,0.27865214585187514,-0.1451092379711978,False,1.3513385089837475,0.2674882908389462,5,0,0.01,,,
stock_tech2_regime_embedding_h6_t18,stock_tech2,regime_embedding,6,-0.18,bull,0.2886852601254528,1.0,0.0,0.11405714,0.021259952,0.14580794,0.7302631578947368,0.002184174909614435,-44.762585,0.3327763574551992,0.5020705090101324,-0.09646532079588761,0.0645618644204915,0.03819988987161227,0.5579710144927537,14,0.0013038071271231652,after_cost,0.27865214585187514,0.5071495315190908,2.379655415337988,-0.067043511167818,0.2886852601254528,0.27865214585187514,-0.24045225598026287,False,0.21428166677123556,0.043027768619008366,10,1,0.004,,,
stock_tech2_regime_embedding_h6_t20,stock_tech2,regime_embedding,6,-0.2,bull,0.2886852601254528,1.0,0.0,0.12480224,0.017508026,0.1323179,0.7302631578947368,-0.05323410155189903,-36.68647,0.3327763574551992,0.5020705090101324,-0.09646532079588761,0.0645618644204915,0.03819988987161227,0.5579710144927537,14,0.0013038071271231652,after_cost,0.27865214585187514,0.5071495315190908,2.379655415337988,-0.067043511167818,0.2886852601254528,0.27865214585187514,-0.24045225598026287,False,0.21428166677123556,0.043027768619008366,10,1,0.004,,,
stock_tech2_regime_embedding_h7_t10,stock_tech2,regime_embedding,7,-0.1,bull,0.2679336825772676,0.8807947019867549,0.11920529801324503,0.14923877,0.025993448,0.16122484,0.7218543046357616,-0.19605406353535512,-47.62986,2.1453856332711245,3.2211685488636626,-0.06704351116781794,0.45101831131242065,0.24805540358907696,0.5733333333333334,1,0.0016411924299905081,after_cost,0.25800807988514984,0.4705106128846732,2.2357005059453803,-0.067043511167818,0.2679336825772676,0.25800807988514984,-0.009952676296072882,False,1.3564781250940063,0.27619059593761563,8,0,0.006,,,
stock_tech2_regime_embedding_h7_t12,stock_tech2,regime_embedding,7,-0.12,bull,0.2679336825772676,0.9668874172185431,0.033112582781456956,0.09018399,0.012956263,0.11382558,0.7284768211920529,-0.17164970156527654,-23.239233,2.4184791460674044,3.6586427335608387,-0.06704351116781822,0.5106587352460599,0.2783407892887084,0.589041095890411,2,0.0018486439713307665,after_cost,0.25800807988514984,0.4705106128846732,2.2357005059453803,-0.067043511167818,0.2679336825772676,0.25800807988514984,0.02033270940355858,True,1.6132748550928195,0.28799194409744877,8,0,0.006,,,
stock_tech2_regime_embedding_h7_t15,stock_tech2,regime_embedding,7,-0.15,bull,0.2679336825772676,1.0,0.0,0.14671536,0.027588699,0.16609846,0.5562913907284768,-0.05781537160869148,-50.614338,1.8577160714267147,2.6778547034113034,-0.067008834782258,0.33260230334570773,0.18638739436279228,0.5666666666666667,2,0.0016771000951564625,after_cost,0.25800807988514984,0.4705106128846732,2.2357005059453803,-0.067043511167818,0.2679336825772676,0.25800807988514984,-0.07162068552235756,False,1.24009400530748,0.24321160185183577,8,0,0.004,,,
stock_tech2_regime_embedding_h7_t18,stock_tech2,regime_embedding,7,-0.18,bull,0.2679336825772676,1.0,0.0,0.16570963,0.03256871,0.18046804,0.6291390728476821,-0.047429595087785874,-59.931194,1.946497263930137,2.8936913044090624,-0.06700883478225786,0.3540226650140661,0.1977019876272439,0.5625,1,0.0015862327158123759,after_cost,0.25800807988514984,0.4705106128846732,2.2357005059453803,-0.067043511167818,0.2679336825772676,0.25800807988514984,-0.06030609225790595,False,1.314137767588804,0.2637086561743873,8,0,0.01,,,
stock_tech2_regime_embedding_h7_t20,stock_tech2,regime_embedding,7,-0.2,bull,0.2679336825772676,1.0,0.0,0.1268255,0.017966915,0.13404073,0.7218543046357616,0.39945649457580484,-32.613415,0.17707229427368162,0.2667547884400799,-0.09646532079588761,0.03627770641396988,0.021437968278873454,0.5547445255474452,14,0.0011938608038598918,after_cost,0.25800807988514984,0.4705106128846732,2.2357005059453803,-0.067043511167818,0.2679336825772676,0.25800807988514984,-0.2365701116062764,False,0.21428166677123556,0.043027768619008366,10,1,0.004,,,
stock_tech2_regime_embedding_h8_t10,stock_tech2,regime_embedding,8,-0.1,bull,0.257504111465259,0.88,0.12,0.10091111,0.013355678,0.11556677,0.6066666666666667,0.12782091224709974,-22.7455,1.3963875262330727,1.9297670969073542,-0.0670435111678183,0.26419343998637457,0.1486805597676133,0.5583333333333333,3,0.001482980583122588,after_cost,0.24759014394559964,0.4537310890390409,2.1576149349818396,-0.067043511167818,0.257504111465259,0.24759014394559964,-0.09890958417798634,False,1.4793517014934008,0.28905518433428345,8,0,0.008,,,
stock_tech2_regime_embedding_h8_t12,stock_tech2,regime_embedding,8,-0.12,bull,0.257504111465259,0.9666666666666667,0.03333333333333333,0.07453652,0.008023384,0.089573346,0.64,-0.19762196185456476,-13.2650385,0.20536185024088294,0.2896543948776934,-0.09151301677228756,0.04109584427474111,0.024098502407639222,0.55,12,0.0011821611748338175,after_cost,0.24759014394559964,0.4537310890390409,2.1576149349818396,-0.067043511167818,0.257504111465259,0.24759014394559964,-0.22349164153796042,False,0.2551628770978702,0.050421529159157874,10,1,0.004,,,
stock_tech2_regime_embedding_h8_t15,stock_tech2,regime_embedding,8,-0.15,bull,0.257504111465259,1.0,0.0,0.057837144,0.0047465246,0.06889503,0.6266666666666667,-0.09728981491282075,-7.439003,0.20536185024088294,0.2896543948776934,-0.09151301677228756,0.04109584427474111,0.024098502407639222,0.55,12,0.0011821611748338175,after_cost,0.24759014394559964,0.4537310890390409,2.1576149349818396,-0.067043511167818,0.257504111465259,0.24759014394559964,-0.22349164153796042,False,0.2551628770978702,0.050421529159157874,10,1,0.004,,,
stock_tech2_regime_embedding_h8_t18,stock_tech2,regime_embedding,8,-0.18,bull,0.257504111465259,1.0,0.0,0.13331723,0.033028737,0.1817381,0.74,0.022365488556982963,-57.72288,0.0973681359787648,0.14816279887725217,-0.10137710377809098,0.022049640096706513,0.012979139206229506,0.5514705882352942,14,0.0011416548802766196,after_cost,0.24759014394559964,0.4537310890390409,2.1576149349818396,-0.067043511167818,0.257504111465259,0.24759014394559964,-0.23461100473937013,False,0.21428166677123556,0.043027768619008366,10,1,0.004,,,
stock_tech2_regime_embedding_h8_t20,stock_tech2,regime_embedding,8,-0.2,bull,0.257504111465259,1.0,0.0,0.072736196,0.0065666833,0.08103508,0.74,0.1074522850529442,-10.675123,0.0973681359787648,0.14816279887725217,-0.10137710377809098,0.022049640096706513,0.012979139206229506,0.5514705882352942,14,0.0011416548802766196,after_cost,0.24759014394559964,0.4537310890390409,2.1576149349818396,-0.067043511167818,0.257504111465259,0.24759014394559964,-0.23461100473937013,False,0.28282305349565257,0.05565333996688304,10,1,0.004,,,
stock_tech2_regime_embedding_h9_t10,stock_tech2,regime_embedding,9,-0.1,bull,0.2600971086382662,0.8791946308724832,0.12080536912751678,0.123296544,0.021725599,0.14739606,0.6711409395973155,0.050620745219958116,-36.163967,1.2243891592296658,1.6753190460319232,-0.08894597454573572,0.22837856253883415,0.12840489033772462,0.5748031496062992,4,0.0013836635651465101,after_cost,0.25017391301634007,0.46255368795869867,2.188047295203274,-0.067043511167818,0.2600971086382662,0.25017391301634007,-0.12176902267861545,False,1.6942737821419303,0.3339822559192611,10,0,0.01,,,
stock_tech2_regime_embedding_h9_t12,stock_tech2,regime_embedding,9,-0.12,bull,0.2600971086382662,0.9664429530201343,0.03355704697986577,0.06611872,0.005405192,0.07352001,0.610738255033557,0.11150516104555261,-8.2461605,1.9934995979589123,2.667463090426665,-0.06704351116781815,0.37708457388885996,0.20673466559305997,0.5714285714285714,2,0.001883539514856236,after_cost,0.25017391301634007,0.46255368795869867,2.188047295203274,-0.067043511167818,0.2600971086382662,0.25017391301634007,-0.04343924742328009,False,1.4880227897251415,0.301285633450068,8,0,0.006,,,
stock_tech2_regime_embedding_h9_t15,stock_tech2,regime_embedding,9,-0.15,bull,0.2600971086382662,1.0,0.0,0.0802386,0.009562978,0.09779048,0.7583892617449665,-0.1617783740945502,-15.3585,2.0490603867560457,3.1323212267684215,-0.06704351116781819,0.43096018794788993,0.23424196252844842,0.5782312925170068,2,0.0016524186744355102,after_cost,0.25017391301634007,0.46255368795869867,2.188047295203274,-0.067043511167818,0.2600971086382662,0.25017391301634007,-0.015931950487891644,False,1.4698448394593757,0.2946387717214669,5,0,0.01,,,
stock_tech2_regime_embedding_h9_t18,stock_tech2,regime_embedding,9,-0.18,bull,0.2600971086382662,1.0,0.0,0.08208405,0.008419647,0.09175863,0.7583892617449665,0.1796795414589124,-13.402709,1.0396832976889707,1.6179848500607281,-0.08237443990984522,0.19628987982158863,0.11099846312705663,0.582089552238806,14,0.001783969532223446,after_cost,0.25017391301634007,0.46255368795869867,2.188047295203274,-0.067043511167818,0.2600971086382662,0.25017391301634007,-0.13917544988928343,False,0.2551628770978702,0.050421529159157874,10,1,0.004,,,
stock_tech2_regime_embedding_h9_t20,stock_tech2,regime_embedding,9,-0.2,bull,0.2600971086382662,1.0,0.0,0.05998385,0.00484586,0.06961221,0.7315436241610739,0.10882514135627012,-7.289364,2.1021442987642183,2.982647304539907,-0.06704351116781793,0.41330755081407533,0.22527688394038137,0.5846153846153846,1,0.0016831710592002552,after_cost,0.25017391301634007,0.46255368795869867,2.188047295203274,-0.067043511167818,0.2600971086382662,0.25017391301634007,-0.0248970290759587,False,1.2945104210975575,0.26379402881166536,5,0,0.004,,,
stock_tech2_regime_embedding_h10_t10,stock_tech2,regime_embedding,10,-0.1,bull,0.26062312940960397,0.8783783783783784,0.12162162162162163,0.1279407,0.022827229,0.15108682,0.7567567567567568,0.132584980535399,-35.967834,2.1024399880611293,3.170055115741284,-0.06704351116781794,0.44738876228261737,0.24072261380768478,0.5782312925170068,1,0.0016351023415029711,after_cost,0.25061681442805317,0.4672318210107913,2.192813067202661,-0.067043511167818,0.2606231294096042,0.25061681442805317,-0.009894200620368387,False,0.9361567213597141,0.17916893560502944,8,0,0.008,,,
stock_tech2_regime_embedding_h10_t12,stock_tech2,regime_embedding,10,-0.12,bull,0.26062312940960397,0.9662162162162162,0.033783783783783786,0.09352014,0.010434636,0.10215007,0.7635135135135135,0.0890700347207877,-15.898499,0.2012894637301391,0.3049463633209098,-0.09202149479406263,0.04066720231847509,0.02352531689125792,0.5597014925373134,14,0.001177164998740043,after_cost,0.25061681442805317,0.4672318210107913,2.192813067202661,-0.067043511167818,0.2606231294096042,0.25061681442805317,-0.22709149753679525,False,0.21428166677123556,0.043027768619008366,10,1,0.004,,,
stock_tech2_regime_embedding_h10_t15,stock_tech2,regime_embedding,10,-0.15,bull,0.26062312940960397,1.0,0.0,0.11308317,0.01780629,0.13344021,0.7094594594594594,0.038034678008545354,-27.836615,1.7752427148213428,2.515493996142209,-0.07210480011973266,0.3496916841971365,0.191160180972356,0.5615384615384615,1,0.0015286668634079984,after_cost,0.25061681442805317,0.4672318210107913,2.192813067202661,-0.067043511167818,0.2606231294096042,0.25061681442805317,-0.05945663345569718,False,1.1365558444037307,0.2265220335358764,10,0,0.008,,,
stock_tech2_regime_embedding_h10_t18,stock_tech2,regime_embedding,10,-0.18,bull,0.26062312940960397,1.0,0.0,0.121204324,0.019046525,0.13800915,0.6554054054054054,0.09544685860927996,-29.845127,1.9251095239907947,2.9040610779613267,-0.06704351116781836,0.39195918398846663,0.21278027665403698,0.5785714285714286,3,0.0016066026474190335,after_cost,0.25061681442805317,0.4672318210107913,2.192813067202661,-0.067043511167818,0.2606231294096042,0.25061681442805317,-0.03783653777401619,False,1.227599104548724,0.235978190561287,8,0,0.004,,,
stock_tech2_regime_embedding_h10_t20,stock_tech2,regime_embedding,10,-0.2,bull,0.26062312940960397,1.0,0.0,0.07317197,0.007891504,0.08883414,0.6959459459459459,0.20774398981156936,-11.779993,1.973595150892099,2.6858430313418054,-0.07952143563000752,0.35318924909418015,0.19295981389999528,0.5803571428571429,3,0.0019844573982400857,after_cost,0.25061681442805317,0.4672318210107913,2.192813067202661,-0.067043511167818,0.2606231294096042,0.25061681442805317,-0.05765700052805789,False,1.4192962403589404,0.26344173328665277,8,0,0.004,,,
stock_tech2_regime_switch_h1_t10,stock_tech2,regime_switch,1,-0.1,bull,0.31420705833501517,0.8853503184713376,0.11464968152866242,0.008343889,0.00011368709,0.010662415,0.5859872611464968,-0.026822300093767536,-0.015194058,0.0,0.0,0.0,0.0,0.0,0.0,0,0.0,after_cost,0.3038350128170939,0.5350724548676411,2.5032908936382015,-0.067043511167818,0.31420705833501494,0.3038350128170939,-0.3038350128170939,False,0.0,0.0,2,0,0.004,,,
stock_tech2_regime_switch_h1_t12,stock_tech2,regime_switch,1,-0.12,bull,0.31420705833501517,0.9681528662420382,0.03184713375796178,0.008661172,0.00011951555,0.010932317,0.5286624203821656,-0.049139735588422176,-0.067240596,-1.1003419032361947,-0.551337984069546,-0.04658809207901242,-0.03896759579627318,-0.02430513463100703,0.4375,2,-0.0005019962683941451,after_cost,0.3038350128170939,0.5350724548676411,2.5032908936382015,-0.067043511167818,0.31420705833501494,0.3038350128170939,-0.32814014744810094,False,0.0,0.0,2,0,0.004,,,
stock_tech2_regime_switch_h1_t15,stock_tech2,regime_switch,1,-0.15,bull,0.31420705833501517,1.0,0.0,0.008316198,0.00011320516,0.010639791,0.5732484076433121,0.03561661472708201,-0.010890603,0.0,0.0,0.0,0.0,0.0,0.0,0,0.0,after_cost,0.3038350128170939,0.5350724548676411,2.5032908936382015,-0.067043511167818,0.31420705833501494,0.3038350128170939,-0.3038350128170939,False,0.0,0.0,2,0,0.004,,,
stock_tech2_regime_switch_h1_t18,stock_tech2,regime_switch,1,-0.18,bull,0.31420705833501517,1.0,0.0,0.010906188,0.00017928335,0.013389673,0.4140127388535032,0.05724966180174271,-0.60095036,0.0,0.0,0.0,0.0,0.0,0.0,0,0.0,after_cost,0.3038350128170939,0.5350724548676411,2.5032908936382015,-0.067043511167818,0.31420705833501494,0.3038350128170939,-0.3038350128170939,False,0.0,0.0,2,0,0.004,,,
stock_tech2_regime_switch_h1_t20,stock_tech2,regime_switch,1,-0.2,bull,0.31420705833501517,1.0,0.0,0.009135643,0.00013855837,0.011771082,0.5859872611464968,-0.007239574792469,-0.23728776,2.153640766432242,2.6255175593485953,-0.06704351116781787,0.38139286555613294,0.22141439464510215,0.5871559633027523,1,0.0019685538680287236,after_cost,0.3038350128170939,0.5350724548676411,2.5032908936382015,-0.067043511167818,0.31420705833501494,0.3038350128170939,-0.08242061817199176,False,1.2539888051765578,0.24082973879356961,5,0,0.006,,,
stock_tech2_regime_switch_h2_t10,stock_tech2,regime_switch,2,-0.1,bull,0.31895716091487736,0.8846153846153846,0.11538461538461539,0.010919752,0.00019553206,0.013983278,0.6346153846153846,-0.12758573401600928,-0.027610898,1.2492175701638835,1.696011675694056,-0.0670435111678181,0.23273094062946798,0.13734235881062995,0.5714285714285714,4,0.0013975001619844116,after_cost,0.3086365680704901,0.5485497707825309,2.558576556416447,-0.067043511167818,0.31895716091487736,0.3086365680704901,-0.17129420925986016,False,0.8958698172966985,0.1618137303297167,2,0,0.004,,,
stock_tech2_regime_switch_h2_t12,stock_tech2,regime_switch,2,-0.12,bull,0.31895716091487736,0.967948717948718,0.03205128205128205,0.015526914,0.00033921524,0.018417796,0.36538461538461536,-0.08634012432611884,-0.782732,0.0,0.0,0.0,0.0,0.0,0.0,0,0.0,after_cost,0.3086365680704901,0.5485497707825309,2.558576556416447,-0.067043511167818,0.31895716091487736,0.3086365680704901,-0.3086365680704901,False,0.4597057392470304,0.02894079651955228,2,0,0.004,,,
stock_tech2_regime_switch_h2_t15,stock_tech2,regime_switch,2,-0.15,bull,0.31895716091487736,1.0,0.0,0.01084383,0.00019106478,0.013822619,0.6346153846153846,0.08912223611879591,-0.0041333437,0.6907233849267864,2.705754312276854,-0.005424999999999966,0.0378453024073202,0.02311121216293177,0.8,1,0.006179088207650911,after_cost,0.3086365680704901,0.5485497707825309,2.558576556416447,-0.067043511167818,0.31895716091487736,0.3086365680704901,-0.28552535590755834,False,-0.09699779752005414,0.015192653025422498,5,1,0.004,,,
stock_tech2_regime_switch_h2_t18,stock_tech2,regime_switch,2,-0.18,bull,0.31895716091487736,1.0,0.0,0.012724123,0.0002587151,0.016084623,0.6346153846153846,-0.008982160834533437,-0.35966682,2.468276362948573,3.6772873768729273,-0.06704351116781794,0.528680910520863,0.2982833466886383,0.5870967741935483,1,0.0018441506546506376,after_cost,0.3086365680704901,0.5485497707825309,2.558576556416447,-0.067043511167818,0.31895716091487736,0.3086365680704901,-0.010353221381851796,False,1.4790736424609483,0.27224878168810807,2,0,0.01,,,
stock_tech2_regime_switch_h2_t20,stock_tech2,regime_switch,2,-0.2,bull,0.31895716091487736,1.0,0.0,0.010867114,0.00019161466,0.013842494,0.6346153846153846,-0.007390306900716918,-0.007023096,0.6528592333773146,0.5894010606936388,-0.015647465257094005,0.042999691446621746,0.02623358102376705,0.8333333333333334,1,0.005686107518161061,after_cost,0.3086365680704901,0.5485497707825309,2.558576556416447,-0.067043511167818,0.31895716091487736,0.3086365680704901,-0.28240298704672306,False,0.05683342279518661,0.021827287325137723,2,0,0.004,,,
stock_tech2_regime_switch_h3_t10,stock_tech2,regime_switch,3,-0.1,bull,0.30728921011851873,0.8838709677419355,0.11612903225806452,0.014941169,0.00032874796,0.018131409,0.43870967741935485,-0.06654888360874035,-0.20746839,0.0,0.0,0.0,0.0,0.0,0.0,0,0.0,after_cost,0.2970429271582975,0.5305037237903183,2.4831610529317247,-0.067043511167818,0.30728921011851873,0.2970429271582975,-0.2970429271582975,False,0.4597057392470304,0.02894079651955228,3,0,0.01,,,
stock_tech2_regime_switch_h3_t12,stock_tech2,regime_switch,3,-0.12,bull,0.30728921011851873,0.967741935483871,0.03225806451612903,0.014860673,0.0003362422,0.018336909,0.44516129032258067,0.03552857356635684,-0.23499405,0.0,0.0,0.0,0.0,0.0,0.0,0,0.0,after_cost,0.2970429271582975,0.5305037237903183,2.4831610529317247,-0.067043511167818,0.30728921011851873,0.2970429271582975,-0.2970429271582975,False,0.0,0.0,3,0,0.004,,,
stock_tech2_regime_switch_h3_t15,stock_tech2,regime_switch,3,-0.15,bull,0.30728921011851873,1.0,0.0,0.020649003,0.00059500796,0.024392786,0.38064516129032255,0.05236775843101619,-1.1854227,0.0,0.0,0.0,0.0,0.0,0.0,0,0.0,after_cost,0.2970429271582975,0.5305037237903183,2.4831610529317247,-0.067043511167818,0.30728921011851873,0.2970429271582975,-0.2970429271582975,False,0.0,0.0,3,0,0.004,,,
stock_tech2_regime_switch_h3_t18,stock_tech2,regime_switch,3,-0.18,bull,0.30728921011851873,1.0,0.0,0.014219834,0.00030309646,0.017409666,0.5096774193548387,0.09480285745349125,-0.11325204,0.0,0.0,0.0,0.0,0.0,0.0,0,0.0,after_cost,0.2970429271582975,0.5305037237903183,2.4831610529317247,-0.067043511167818,0.30728921011851873,0.2970429271582975,-0.2970429271582975,False,0.0,0.0,3,0,0.004,,,
stock_tech2_regime_switch_h3_t20,stock_tech2,regime_switch,3,-0.2,bull,0.30728921011851873,1.0,0.0,0.013458271,0.00027533848,0.016593326,0.6193548387096774,0.08317428136523053,-0.011298895,1.8023941724149775,1.7739141052536664,-0.06357534954462081,0.2923256400157568,0.169662705646068,0.625,2,0.0025839242041587316,after_cost,0.2970429271582975,0.5305037237903183,2.4831610529317247,-0.067043511167818,0.30728921011851873,0.2970429271582975,-0.1273802215122295,False,1.8093884966665255,0.18437886917303548,8,0,0.008,,,
stock_tech2_regime_switch_h4_t10,stock_tech2,regime_switch,4,-0.1,bull,0.29886393640754916,0.8831168831168831,0.11688311688311688,0.019066952,0.0005347787,0.023125283,0.33116883116883117,-0.08955246156415597,-0.5498462,0.0,0.0,0.0,0.0,0.0,0.0,0,0.0,after_cost,0.2886536270514266,0.5184510658808212,2.427438682999829,-0.067043511167818,0.29886393640754894,0.2886536270514266,-0.2886536270514266,False,0.0,0.0,3,0,0.004,,,
stock_tech2_regime_switch_h4_t12,stock_tech2,regime_switch,4,-0.12,bull,0.29886393640754916,0.9675324675324676,0.032467532467532464,0.020821884,0.00062035996,0.024907026,0.33116883116883117,-0.0043990658692213075,-0.79787004,0.0,0.0,0.0,0.0,0.0,0.0,0,0.0,after_cost,0.2886536270514266,0.5184510658808212,2.427438682999829,-0.067043511167818,0.29886393640754894,0.2886536270514266,-0.2886536270514266,False,0.0,0.0,3,0,0.004,,,
stock_tech2_regime_switch_h4_t15,stock_tech2,regime_switch,4,-0.15,bull,0.29886393640754916,1.0,0.0,0.019317172,0.0005404418,0.023247404,0.33116883116883117,-0.10236426604430794,-0.56625855,0.0,0.0,0.0,0.0,0.0,0.0,0,0.0,after_cost,0.2886536270514266,0.5184510658808212,2.427438682999829,-0.067043511167818,0.29886393640754894,0.2886536270514266,-0.2886536270514266,False,0.0,0.0,3,0,0.004,,,
stock_tech2_regime_switch_h4_t18,stock_tech2,regime_switch,4,-0.18,bull,0.29886393640754916,1.0,0.0,0.016659742,0.0004204584,0.020505082,0.3961038961038961,-0.23245600130303692,-0.21853375,0.0,0.0,0.0,0.0,0.0,0.0,0,0.0,after_cost,0.2886536270514266,0.5184510658808212,2.427438682999829,-0.067043511167818,0.29886393640754894,0.2886536270514266,-0.2886536270514266,False,0.0,0.0,3,0,0.004,,,
stock_tech2_regime_switch_h4_t20,stock_tech2,regime_switch,4,-0.2,bull,0.29886393640754916,1.0,0.0,0.014820316,0.00035210518,0.018764466,0.6688311688311688,-0.13430332595856123,-0.020438671,-0.35004436006001177,-0.2904356144191357,-0.0855835780274307,-0.026829804622039877,-0.016376459176838276,0.5555555555555556,2,0.0004965258234162772,after_cost,0.2886536270514266,0.5184510658808212,2.427438682999829,-0.067043511167818,0.29886393640754894,0.2886536270514266,-0.3050300862282649,False,0.6399055370082642,0.10901315947655243,8,0,0.008,,,
stock_tech2_regime_switch_h5_t10,stock_tech2,regime_switch,5,-0.1,bull,0.2960480308913589,0.8823529411764706,0.11764705882352941,0.018140197,0.0005034089,0.022436775,0.477124183006536,-0.2834380943524078,-0.23524618,0.0,0.0,0.0,0.0,0.0,0.0,0,0.0,after_cost,0.28588449631363577,0.5172088068686505,2.417718838753931,-0.067043511167818,0.2960480308913589,0.28588449631363577,-0.28588449631363577,False,0.710650956544781,0.06553541083279457,8,1,0.006,,,
stock_tech2_regime_switch_h5_t12,stock_tech2,regime_switch,5,-0.12,bull,0.2960480308913589,0.9673202614379085,0.032679738562091505,0.02006298,0.0005858578,0.0242045,0.3137254901960784,-0.05768506474068428,-0.43755627,0.0,0.0,0.0,0.0,0.0,0.0,0,0.0,after_cost,0.28588449631363577,0.5172088068686505,2.417718838753931,-0.067043511167818,0.2960480308913589,0.28588449631363577,-0.28588449631363577,False,0.0,0.0,3,0,0.004,,,
stock_tech2_regime_switch_h5_t15,stock_tech2,regime_switch,5,-0.15,bull,0.2960480308913589,1.0,0.0,0.017853905,0.00048069606,0.021924783,0.49673202614379086,-0.1295731041579137,-0.17951429,-0.8543201315044383,-0.8547973656156728,-0.05238215135236102,-0.055957385700872386,-0.034136915428296,0.5365853658536586,6,0.0003566186305913038,after_cost,0.28588449631363577,0.5172088068686505,2.417718838753931,-0.067043511167818,0.2960480308913589,0.28588449631363577,-0.32002141174193177,False,0.6733783166346691,0.06535667560123515,8,1,0.004,,,
stock_tech2_regime_switch_h5_t18,stock_tech2,regime_switch,5,-0.18,bull,0.2960480308913589,1.0,0.0,0.01768058,0.0004696822,0.021672154,0.6013071895424836,-0.011564315454041761,-0.15248883,0.0,0.0,0.0,0.0,0.0,0.0,0,0.0,after_cost,0.28588449631363577,0.5172088068686505,2.417718838753931,-0.067043511167818,0.2960480308913589,0.28588449631363577,-0.28588449631363577,False,0.0,0.0,3,0,0.004,,,
stock_tech2_regime_switch_h5_t20,stock_tech2,regime_switch,5,-0.2,bull,0.2960480308913589,1.0,0.0,0.016102875,0.0004148798,0.020368598,0.6862745098039216,-0.10203145011028561,-0.018016696,0.8898169735771452,1.3999307760925905,-0.08346100054209997,0.17018262255778627,0.09943324438405932,0.5882352941176471,17,0.001800795385251346,after_cost,0.28588449631363577,0.5172088068686505,2.417718838753931,-0.067043511167818,0.2960480308913589,0.28588449631363577,-0.18645125192957646,False,0.13165832446599965,0.028899302073765565,8,1,0.008,,,
stock_tech2_regime_switch_h6_t10,stock_tech2,regime_switch,6,-0.1,bull,0.2886852601254528,0.881578947368421,0.11842105263157894,0.01790518,0.0004886731,0.02210595,0.7302631578947368,0.15673640628702187,-0.051881194,1.6564208264287272,2.03148907096216,-0.04615479758251645,0.2045132143879047,0.11795109371804813,0.55,2,0.0023048545784941947,after_cost,0.27865214585187514,0.5071495315190908,2.379655415337988,-0.067043511167818,0.2886852601254528,0.27865214585187514,-0.16070105213382702,False,2.111506847447454,0.2888399845209144,10,0,0.006,,,
stock_tech2_regime_switch_h6_t12,stock_tech2,regime_switch,6,-0.12,bull,0.2886852601254528,0.9671052631578947,0.03289473684210526,0.020616628,0.0006102063,0.024702353,0.3815789473684211,-0.24437603032188368,-0.31348443,0.0,0.0,0.0,0.0,0.0,0.0,0,0.0,after_cost,0.27865214585187514,0.5071495315190908,2.379655415337988,-0.067043511167818,0.2886852601254528,0.27865214585187514,-0.27865214585187514,False,0.0,0.0,5,0,0.004,,,
stock_tech2_regime_switch_h6_t15,stock_tech2,regime_switch,6,-0.15,bull,0.2886852601254528,1.0,0.0,0.02203751,0.00067921146,0.026061686,0.26973684210526316,0.18456309649756125,-0.4620198,0.0,0.0,0.0,0.0,0.0,0.0,0,0.0,after_cost,0.27865214585187514,0.5071495315190908,2.379655415337988,-0.067043511167818,0.2886852601254528,0.27865214585187514,-0.27865214585187514,False,0.0,0.0,5,0,0.004,,,
stock_tech2_regime_switch_h6_t18,stock_tech2,regime_switch,6,-0.18,bull,0.2886852601254528,1.0,0.0,0.03085445,0.0012677667,0.03560571,0.26973684210526316,0.09979811081118115,-1.7289,0.0,0.0,0.0,0.0,0.0,0.0,0,0.0,after_cost,0.27865214585187514,0.5071495315190908,2.379655415337988,-0.067043511167818,0.2886852601254528,0.27865214585187514,-0.27865214585187514,False,0.0,0.0,5,0,0.004,,,
stock_tech2_regime_switch_h6_t20,stock_tech2,regime_switch,6,-0.2,bull,0.2886852601254528,1.0,0.0,0.020028442,0.00057860464,0.024054201,0.6052631578947368,0.011855498973464194,-0.2454611,0.0,0.0,0.0,0.0,0.0,0.0,0,0.0,after_cost,0.27865214585187514,0.5071495315190908,2.379655415337988,-0.067043511167818,0.2886852601254528,0.27865214585187514,-0.27865214585187514,False,0.43338347882236034,0.057881840528873685,10,1,0.004,,,
stock_tech2_regime_switch_h7_t10,stock_tech2,regime_switch,7,-0.1,bull,0.2679336825772676,0.8807947019867549,0.11920529801324503,0.022108901,0.0007109395,0.026663449,0.3708609271523179,-0.21049731542657177,-0.33006167,-0.3598357899187774,-0.3316243641200567,-0.047956183452131575,-0.01225735099394798,-0.007314245869276537,0.5625,4,0.0008124429495020831,after_cost,0.25800807988514984,0.4705106128846732,2.2357005059453803,-0.067043511167818,0.2679336825772676,0.25800807988514984,-0.2653223257544264,False,0.8867697106521025,0.07916935251521551,8,1,0.004,,,
stock_tech2_regime_switch_h7_t12,stock_tech2,regime_switch,7,-0.12,bull,0.2679336825772676,0.9668874172185431,0.033112582781456956,0.019282985,0.0005611688,0.023689002,0.7218543046357616,-0.15845973041752345,-0.04986298,0.6871824308251949,1.0789020111987746,-0.08346100054209997,0.1302449187344854,0.07559886497935109,0.582089552238806,17,0.0016628979236790221,after_cost,0.25800807988514984,0.4705106128846732,2.2357005059453803,-0.067043511167818,0.2679336825772676,0.25800807988514984,-0.18240921490579876,False,0.1891525643666502,0.03800692920841198,8,1,0.006,,,
stock_tech2_regime_switch_h7_t15,stock_tech2,regime_switch,7,-0.15,bull,0.2679336825772676,1.0,0.0,0.028531888,0.0011148638,0.033389576,0.2781456953642384,-0.26346634531276975,-1.0857437,0.0,0.0,0.0,0.0,0.0,0.0,0,0.0,after_cost,0.25800807988514984,0.4705106128846732,2.2357005059453803,-0.067043511167818,0.2679336825772676,0.25800807988514984,-0.25800807988514984,False,0.0,0.0,5,0,0.004,,,
stock_tech2_regime_switch_h7_t18,stock_tech2,regime_switch,7,-0.18,bull,0.2679336825772676,1.0,0.0,0.02259892,0.0007234441,0.026896916,0.5165562913907285,0.036224403822563166,-0.3534559,0.0,0.0,0.0,0.0,0.0,0.0,0,0.0,after_cost,0.25800807988514984,0.4705106128846732,2.2357005059453803,-0.067043511167818,0.2679336825772676,0.25800807988514984,-0.25800807988514984,False,1.1501138316515918,0.08458692705737603,10,0,0.006,,,
stock_tech2_regime_switch_h7_t20,stock_tech2,regime_switch,7,-0.2,bull,0.2679336825772676,1.0,0.0,0.018406173,0.0005189236,0.022779895,0.7218543046357616,0.17689993871459037,0.029171407,1.5471955051256108,2.036760607471407,-0.06704351116781783,0.2773884982642596,0.15687783626412855,0.5603448275862069,2,0.0014523020595424902,after_cost,0.25800807988514984,0.4705106128846732,2.2357005059453803,-0.067043511167818,0.2679336825772676,0.25800807988514984,-0.1011302436210213,False,1.3779416095813775,0.2710256794415431,8,0,0.01,,,
stock_tech2_regime_switch_h8_t10,stock_tech2,regime_switch,8,-0.1,bull,0.257504111465259,0.88,0.12,0.020531978,0.00061509956,0.0248012,0.74,0.01684105056981146,-0.093605876,1.6758832956035676,2.1108319017056107,-0.06704351116781798,0.29564216960729195,0.16549128989834383,0.5619047619047619,1,0.0015968987725988137,after_cost,0.24759014394559964,0.4537310890390409,2.1576149349818396,-0.067043511167818,0.257504111465259,0.24759014394559964,-0.08209885404725581,False,1.152846876652749,0.22593746977432883,10,0,0.006,,,
stock_tech2_regime_switch_h8_t12,stock_tech2,regime_switch,8,-0.12,bull,0.257504111465259,0.9666666666666667,0.03333333333333333,0.026453689,0.0009871366,0.03141873,0.26,-0.03431088980107515,-0.7550627,0.0,0.0,0.0,0.0,0.0,0.0,0,0.0,after_cost,0.24759014394559964,0.4537310890390409,2.1576149349818396,-0.067043511167818,0.257504111465259,0.24759014394559964,-0.24759014394559964,False,0.0,0.0,5,0,0.004,,,
stock_tech2_regime_switch_h8_t15,stock_tech2,regime_switch,8,-0.15,bull,0.257504111465259,1.0,0.0,0.068154335,0.005318804,0.072930135,0.26,0.09522999830978324,-8.456477,0.0,0.0,0.0,0.0,0.0,0.0,0,0.0,after_cost,0.24759014394559964,0.4537310890390409,2.1576149349818396,-0.067043511167818,0.257504111465259,0.24759014394559964,-0.24759014394559964,False,0.0,0.0,5,0,0.004,,,
stock_tech2_regime_switch_h8_t18,stock_tech2,regime_switch,8,-0.18,bull,0.257504111465259,1.0,0.0,0.023418337,0.0007762443,0.027861161,0.5466666666666666,0.16532275455798148,-0.3801105,1.4008241283136367,0.9796865952035169,-0.042743596752710056,0.15333839741444089,0.08801067965977838,0.6,1,0.0029286782502314286,after_cost,0.24759014394559964,0.4537310890390409,2.1576149349818396,-0.067043511167818,0.257504111465259,0.24759014394559964,-0.15957946428582126,False,0.11913753152461014,0.025235852452171414,5,0,0.004,,,
stock_tech2_regime_switch_h8_t20,stock_tech2,regime_switch,8,-0.2,bull,0.257504111465259,1.0,0.0,0.04454581,0.0027604687,0.052540164,0.26,0.10734669065214568,-3.9079285,0.0,0.0,0.0,0.0,0.0,0.0,0,0.0,after_cost,0.24759014394559964,0.4537310890390409,2.1576149349818396,-0.067043511167818,0.257504111465259,0.24759014394559964,-0.24759014394559964,False,0.0,0.0,5,0,0.004,,,
stock_tech2_regime_switch_h9_t10,stock_tech2,regime_switch,9,-0.1,bull,0.2600971086382662,0.8791946308724832,0.12080536912751678,0.029898817,0.0012169842,0.034885302,0.22818791946308725,-0.32059111963642445,-1.0817821,0.0,0.0,0.0,0.0,0.0,0.0,0,0.0,after_cost,0.25017391301634007,0.46255368795869867,2.188047295203274,-0.067043511167818,0.2600971086382662,0.25017391301634007,-0.25017391301634007,False,0.0,0.0,5,0,0.004,,,
stock_tech2_regime_switch_h9_t12,stock_tech2,regime_switch,9,-0.12,bull,0.2600971086382662,0.9664429530201343,0.03355704697986577,0.0241207,0.00083161704,0.02883777,0.6308724832214765,-0.35076284959126947,-0.42257023,0.0,0.0,0.0,0.0,0.0,0.0,0,0.0,after_cost,0.25017391301634007,0.46255368795869867,2.188047295203274,-0.067043511167818,0.2600971086382662,0.25017391301634007,-0.25017391301634007,False,0.2955345142370752,0.029326503054144082,5,1,0.006,,,
stock_tech2_regime_switch_h9_t15,stock_tech2,regime_switch,9,-0.15,bull,0.2600971086382662,1.0,0.0,0.025699005,0.0009226314,0.03037485,0.24161073825503357,-0.2026335694976711,-0.57826006,0.0,0.0,0.0,0.0,0.0,0.0,0,0.0,after_cost,0.25017391301634007,0.46255368795869867,2.188047295203274,-0.067043511167818,0.2600971086382662,0.25017391301634007,-0.25017391301634007,False,0.0,0.0,5,0,0.004,,,
stock_tech2_regime_switch_h9_t18,stock_tech2,regime_switch,9,-0.18,bull,0.2600971086382662,1.0,0.0,0.020162707,0.00061675103,0.024834473,0.7718120805369127,-0.172708967750652,-0.055018783,0.11858519106114546,0.18066022687925168,-0.09952799865279559,0.025784304988278217,0.015063556291526004,0.5555555555555556,14,0.0011653543658401851,after_cost,0.25017391301634007,0.46255368795869867,2.188047295203274,-0.067043511167818,0.2600971086382662,0.25017391301634007,-0.23511035672481406,False,0.21428166677123556,0.043027768619008366,10,1,0.004,,,
stock_tech2_regime_switch_h9_t20,stock_tech2,regime_switch,9,-0.2,bull,0.2600971086382662,1.0,0.0,0.02627886,0.00094518403,0.030743845,0.3691275167785235,0.013906169714525962,-0.6168387,0.0,0.0,0.0,0.0,0.0,0.0,0,0.0,after_cost,0.25017391301634007,0.46255368795869867,2.188047295203274,-0.067043511167818,0.2600971086382662,0.25017391301634007,-0.25017391301634007,False,0.0,0.0,5,0,0.004,,,
stock_tech2_regime_switch_h10_t10,stock_tech2,regime_switch,10,-0.1,bull,0.26062312940960397,0.8783783783783784,0.12162162162162163,0.021044172,0.00067684223,0.026016193,0.7635135135135135,0.1656205549367437,-0.09612036,2.1024399880611293,3.170055115741284,-0.06704351116781794,0.44738876228261737,0.24072261380768478,0.5782312925170068,1,0.0016351023415029711,after_cost,0.25061681442805317,0.4672318210107913,2.192813067202661,-0.067043511167818,0.2606231294096042,0.25061681442805317,-0.009894200620368387,False,1.1930703668542193,0.2382752419130132,8,0,0.008,,,
stock_tech2_regime_switch_h10_t12,stock_tech2,regime_switch,10,-0.12,bull,0.26062312940960397,0.9662162162162162,0.033783783783783786,0.021058423,0.0006765461,0.026010498,0.7635135135135135,-0.39009531236999806,-0.09564078,0.2012894637301391,0.3049463633209098,-0.09202149479406263,0.04066720231847509,0.02352531689125792,0.5597014925373134,14,0.001177164998740043,after_cost,0.25061681442805317,0.4672318210107913,2.192813067202661,-0.067043511167818,0.2606231294096042,0.25061681442805317,-0.22709149753679525,False,0.21428166677123556,0.043027768619008366,10,1,0.004,,,
stock_tech2_regime_switch_h10_t15,stock_tech2,regime_switch,10,-0.15,bull,0.26062312940960397,1.0,0.0,0.022100562,0.0007373844,0.027154824,0.722972972972973,-0.08474954546632668,-0.19416618,0.8035154047934243,0.9716669624937156,-0.1150081027484964,0.13550075648168924,0.07694287234843133,0.6041666666666666,12,0.0019828595249498913,after_cost,0.25061681442805317,0.4672318210107913,2.192813067202661,-0.067043511167818,0.2606231294096042,0.25061681442805317,-0.17367394207962183,False,0.1657787471153628,0.03413719656969727,8,1,0.006,,,
stock_tech2_regime_switch_h10_t18,stock_tech2,regime_switch,10,-0.18,bull,0.26062312940960397,1.0,0.0,0.024353659,0.00088107755,0.029682951,0.7635135135135135,-0.10844916699445849,-0.4268719,-0.42994462777931675,-0.32134258165708474,-0.05193976682896784,-0.018624548844709765,-0.010906849937882601,0.5333333333333333,3,0.000747089907757929,after_cost,0.25061681442805317,0.4672318210107913,2.192813067202661,-0.067043511167818,0.2606231294096042,0.25061681442805317,-0.26152366436593577,False,-0.23767775162067634,0.0010056020225595041,10,1,0.004,,,
stock_tech2_regime_switch_h10_t20,stock_tech2,regime_switch,10,-0.2,bull,0.26062312940960397,1.0,0.0,0.024099236,0.0008619332,0.0293587,0.7635135135135135,-0.020677022863174358,-0.3958683,-0.4230531013286605,-0.27905597022346074,-0.04615479758251645,-0.011317348961555784,-0.006617436222523421,0.5,1,0.00043470394157284035,after_cost,0.25061681442805317,0.4672318210107913,2.192813067202661,-0.067043511167818,0.2606231294096042,0.25061681442805317,-0.2572342506505766,False,1.2644685660014996,0.13876753615842818,8,0,0.004,,,
