Date,Open,High,Low,Close,Volume
2015-01-05 00:00:00+08:00,9292.31,9292.31,9182.02,9274.11,2311000
2015-01-06 00:00:00+08:00,9209.93,9209.93,9043.44,9048.34,2725800
2015-01-07 00:00:00+08:00,9051.94,9108.66,9050.54,9080.09,2384100
2015-01-08 00:00:00+08:00,9154.03,9246.62,9154.03,9238.03,2657600
2015-01-09 00:00:00+08:00,9247.4,9284.57,9215.58,9215.58,2398800
2015-01-12 00:00:00+08:00,9198.02,9229.65,9178.3,9178.3,2205700
2015-01-13 00:00:00+08:00,9162.77,9253.82,9161.71,9231.8,2324800
2015-01-14 00:00:00+08:00,9235.9,9242.2,9161.71,9180.23,2271500
2015-01-15 00:00:00+08:00,9197.32,9219.43,9149.1,9165.09,2210200
2015-01-16 00:00:00+08:00,9245.77,9256.86,9109.46,9138.29,2591100
2015-01-19 00:00:00+08:00,9183.76,9247.09,9151.82,9174.06,1893500
2015-01-20 00:00:00+08:00,9188.76,9259.31,9177.48,9251.69,1795000
2015-01-21 00:00:00+08:00,9283.79,9319.71,9275.68,9319.71,2174400
2015-01-22 00:00:00+08:00,9336.81,9386.56,9336.81,9369.51,2387200
2015-01-23 00:00:00+08:00,9422.0,9471.8,9422.0,9470.94,2647100
2015-01-26 00:00:00+08:00,9474.56,9478.53,9436.47,9477.67,1906500
2015-01-27 00:00:00+08:00,9505.56,9523.73,9471.19,9521.59,1875400
2015-01-28 00:00:00+08:00,9503.2,9515.29,9471.31,9510.92,1784400
2015-01-29 00:00:00+08:00,9479.36,9482.13,9403.75,9426.9,1849600
2015-01-30 00:00:00+08:00,9452.85,9466.65,9361.91,9361.91,2041700
2015-02-02 00:00:00+08:00,9368.83,9410.43,9352.19,9386.99,1650800
2015-02-03 00:00:00+08:00,9394.47,9460.17,9394.47,9448.73,1649300
2015-02-04 00:00:00+08:00,9477.52,9533.88,9477.52,9513.92,2134800
2015-02-05 00:00:00+08:00,9511.06,9517.42,9472.42,9512.05,1523200
2015-02-06 00:00:00+08:00,9521.88,9521.88,9448.65,9456.18,1533300
2015-02-09 00:00:00+08:00,9465.12,9465.12,9413.18,9421.5,1425200
2015-02-10 00:00:00+08:00,9405.59,9435.07,9390.13,9393.7,1631400
2015-02-11 00:00:00+08:00,9430.17,9488.72,9430.17,9462.22,1909200
2015-02-12 00:00:00+08:00,9496.39,9500.35,9447.19,9496.31,1563800
2015-02-13 00:00:00+08:00,9500.04,9542.09,9499.97,9529.51,1601700
2015-02-24 00:00:00+08:00,9582.39,9638.48,9582.39,9629.37,2332200
2015-02-25 00:00:00+08:00,9655.72,9699.54,9653.77,9699.54,2209800
2015-02-26 00:00:00+08:00,9687.48,9688.07,9610.59,9622.1,2117000
2015-03-02 00:00:00+08:00,9665.11,9690.43,9588.36,9601.36,2202800
2015-03-03 00:00:00+08:00,9628.06,9642.95,9571.64,9605.77,1882000
2015-03-04 00:00:00+08:00,9596.24,9635.18,9580.78,9621.73,1910300
2015-03-05 00:00:00+08:00,9627.04,9631.04,9564.44,9595.09,1921600
2015-03-06 00:00:00+08:00,9587.59,9645.77,9574.55,9645.77,2120500
2015-03-09 00:00:00+08:00,9617.04,9617.04,9549.76,9562.98,1785400
2015-03-10 00:00:00+08:00,9566.25,9583.78,9520.33,9536.53,2012200
2015-03-11 00:00:00+08:00,9503.28,9561.81,9472.54,9523.18,2230500
2015-03-12 00:00:00+08:00,9537.23,9608.02,9530.74,9596.0,2358800
2015-03-13 00:00:00+08:00,9608.44,9633.51,9579.35,9579.35,1941300
2015-03-16 00:00:00+08:00,9583.45,9590.76,9512.91,9512.91,1773200
2015-03-17 00:00:00+08:00,9555.1,9629.8,9539.44,9539.44,2021100
2015-03-18 00:00:00+08:00,9563.74,9653.43,9561.5,9653.43,2195500
2015-03-19 00:00:00+08:00,9668.01,9745.59,9668.01,9736.73,2389700
2015-03-20 00:00:00+08:00,9706.35,9749.69,9705.32,9749.69,2580300
2015-03-23 00:00:00+08:00,9759.88,9775.63,9729.81,9758.09,2206800
2015-03-24 00:00:00+08:00,9759.96,9768.71,9701.33,9731.66,1945600
2015-03-25 00:00:00+08:00,9739.25,9743.58,9653.47,9667.83,1966300
2015-03-26 00:00:00+08:00,9579.63,9619.12,9540.03,9619.12,2194600
2015-03-27 00:00:00+08:00,9593.07,9608.44,9503.72,9503.72,2251300
2015-03-30 00:00:00+08:00,9533.38,9556.25,9503.53,9521.87,1783800
2015-03-31 00:00:00+08:00,9568.38,9594.75,9527.87,9586.44,2184800
2015-04-01 00:00:00+08:00,9575.11,9575.11,9503.53,9507.66,1788200
2015-04-02 00:00:00+08:00,9535.98,9628.95,9535.98,9600.32,1860500
2015-04-07 00:00:00+08:00,9619.97,9653.97,9613.33,9641.9,2011600
2015-04-08 00:00:00+08:00,9646.07,9654.67,9562.0,9571.97,1983700
2015-04-09 00:00:00+08:00,9597.21,9663.05,9559.71,9568.04,2165100
2015-04-10 00:00:00+08:00,9626.88,9648.34,9582.84,9617.7,2002700
2015-04-13 00:00:00+08:00,9622.64,9666.52,9622.59,9666.52,1855700
2015-04-14 00:00:00+08:00,9646.28,9664.1,9631.19,9642.22,2034000
2015-04-15 00:00:00+08:00,9629.7,9654.15,9508.14,9540.06,2435600
2015-04-16 00:00:00+08:00,9578.71,9656.87,9578.71,9656.87,2224100
2015-04-17 00:00:00+08:00,9608.6,9615.52,9570.93,9570.93,2047400
2015-04-20 00:00:00+08:00,9541.83,9572.65,9508.57,9552.85,1925300
2015-04-21 00:00:00+08:00,9554.8,9598.86,9512.64,9533.98,2098100
2015-04-22 00:00:00+08:00,9549.61,9630.79,9549.61,9613.0,2128600
2015-04-23 00:00:00+08:00,9655.3,9814.88,9655.3,9797.49,3637800
2015-04-24 00:00:00+08:00,9839.71,9961.31,9839.71,9913.28,3791200
2015-04-27 00:00:00+08:00,9941.18,10002.58,9937.04,9973.12,3381800
2015-04-28 00:00:00+08:00,9998.08,10014.28,9918.01,9956.83,2770800
2015-04-29 00:00:00+08:00,9934.82,9978.87,9842.5,9853.83,2859900
2015-04-30 00:00:00+08:00,9841.15,9894.9,9820.05,9820.05,2644700
2015-05-04 00:00:00+08:00,9853.51,9871.65,9800.48,9845.04,2298800
2015-05-05 00:00:00+08:00,9849.13,9855.64,9788.13,9820.13,2134800
2015-05-06 00:00:00+08:00,9780.39,9829.43,9735.94,9818.2,2353700
2015-05-07 00:00:00+08:00,9789.82,9789.82,9704.11,9704.11,2315900
2015-05-08 00:00:00+08:00,9724.29,9760.51,9692.0,9692.0,2012000
2015-05-11 00:00:00+08:00,9763.94,9797.19,9635.88,9663.72,2383200
2015-05-12 00:00:00+08:00,9637.71,9702.67,9637.21,9680.73,2141500
2015-05-13 00:00:00+08:00,9697.17,9743.33,9687.66,9724.11,2129200
2015-05-14 00:00:00+08:00,9730.33,9734.55,9600.24,9610.83,2198400
2015-05-15 00:00:00+08:00,9638.06,9644.83,9552.86,9579.48,1997700
2015-05-18 00:00:00+08:00,9603.75,9612.44,9550.76,9606.1,2154300
2015-05-19 00:00:00+08:00,9623.95,9722.8,9623.95,9716.77,2439000
2015-05-20 00:00:00+08:00,9726.02,9736.09,9662.86,9685.31,2182900
2015-05-21 00:00:00+08:00,9647.53,9647.53,9536.16,9578.56,2176000
2015-05-22 00:00:00+08:00,9606.51,9674.77,9606.51,9638.8,2176100
2015-05-25 00:00:00+08:00,9654.28,9654.28,9589.32,9645.17,1568200
2015-05-26 00:00:00+08:00,9688.31,9724.36,9649.62,9669.41,1727100
2015-05-27 00:00:00+08:00,9666.89,9710.29,9648.71,9693.54,2376600
2015-05-28 00:00:00+08:00,9741.57,9766.21,9704.93,9712.84,2366200
2015-05-29 00:00:00+08:00,9727.59,9747.27,9693.0,9701.07,3159400
2015-06-01 00:00:00+08:00,9688.13,9692.34,9589.09,9625.69,1981100
2015-06-02 00:00:00+08:00,9619.88,9657.02,9584.56,9614.26,2134600
2015-06-03 00:00:00+08:00,9617.75,9645.48,9550.44,9556.52,2285900
2015-06-04 00:00:00+08:00,9537.09,9558.77,9325.01,9348.63,2951500
2015-06-05 00:00:00+08:00,9328.02,9371.41,9272.94,9340.13,2478600
2015-06-08 00:00:00+08:00,9324.22,9419.22,9258.98,9368.43,2178100
2015-06-09 00:00:00+08:00,9346.11,9363.52,9191.87,9191.87,2785900
2015-06-10 00:00:00+08:00,9246.66,9334.5,9246.66,9298.5,2190900
2015-06-11 00:00:00+08:00,9330.99,9358.48,9251.18,9302.49,2059600
2015-06-12 00:00:00+08:00,9304.75,9339.33,9263.41,9301.93,1713100
2015-06-15 00:00:00+08:00,9304.66,9324.94,9252.34,9259.48,1595200
2015-06-16 00:00:00+08:00,9272.7,9272.7,9177.95,9212.78,1737300
2015-06-17 00:00:00+08:00,9232.81,9242.22,9170.09,9189.83,2054200
2015-06-18 00:00:00+08:00,9189.44,9243.84,9187.87,9218.37,1959000
2015-06-22 00:00:00+08:00,9247.76,9371.48,9247.76,9341.77,1993500
2015-06-23 00:00:00+08:00,9375.78,9438.39,9375.78,9391.14,1944900
2015-06-24 00:00:00+08:00,9390.27,9409.44,9364.38,9397.31,1725600
2015-06-25 00:00:00+08:00,9415.78,9500.57,9415.78,9476.34,2096500
2015-06-26 00:00:00+08:00,9481.95,9489.91,9442.94,9462.57,1584100
2015-06-29 00:00:00+08:00,9358.96,9358.96,9227.11,9236.1,1867400
2015-06-30 00:00:00+08:00,9223.27,9323.02,9204.45,9323.02,1858800
2015-07-01 00:00:00+08:00,9311.76,9404.76,9298.36,9375.23,1618400
2015-07-02 00:00:00+08:00,9372.46,9400.68,9350.05,9379.24,1753300
2015-07-03 00:00:00+08:00,9369.5,9369.5,9265.14,9358.23,1571900
2015-07-06 00:00:00+08:00,9309.86,9347.54,9255.96,9255.96,1580600
2015-07-07 00:00:00+08:00,9278.33,9332.97,9244.46,9250.16,1872800
2015-07-08 00:00:00+08:00,9225.91,9225.91,8946.75,8976.11,3059900
2015-07-09 00:00:00+08:00,8861.28,8946.24,8750.92,8914.13,2589100
2015-07-13 00:00:00+08:00,8946.72,9041.88,8946.72,9033.92,2077600
2015-07-14 00:00:00+08:00,9061.58,9124.76,9041.76,9041.76,2139300
2015-07-15 00:00:00+08:00,9063.54,9089.47,9005.1,9054.2,1789400
2015-07-16 00:00:00+08:00,9062.76,9085.31,9021.82,9042.21,1666800
2015-07-17 00:00:00+08:00,9060.92,9079.23,9018.0,9045.98,1615500
2015-07-20 00:00:00+08:00,9085.0,9124.88,8952.64,8975.0,1767100
2015-07-21 00:00:00+08:00,8997.56,9010.71,8940.38,9005.96,1714600
2015-07-22 00:00:00+08:00,8955.59,8968.39,8896.1,8918.7,1720100
2015-07-23 00:00:00+08:00,8865.36,8895.88,8751.71,8791.12,2076700
2015-07-24 00:00:00+08:00,8809.65,8811.76,8733.43,8767.86,1622400
2015-07-27 00:00:00+08:00,8733.24,8733.24,8553.09,8556.68,2322200
2015-07-28 00:00:00+08:00,8566.42,8635.88,8532.0,8582.49,2273000
2015-07-29 00:00:00+08:00,8587.7,8619.41,8516.23,8563.48,2046200
2015-07-30 00:00:00+08:00,8567.23,8697.18,8567.23,8651.49,2008700
2015-07-31 00:00:00+08:00,8670.92,8676.29,8591.37,8665.34,2024400
2015-08-03 00:00:00+08:00,8636.53,8636.53,8482.92,8524.41,1822300
2015-08-04 00:00:00+08:00,8538.44,8590.3,8433.92,8510.86,2242500
2015-08-05 00:00:00+08:00,8504.94,8563.01,8486.27,8542.27,1849400
2015-08-06 00:00:00+08:00,8564.55,8586.24,8404.67,8449.56,1995900
2015-08-07 00:00:00+08:00,8409.01,8458.04,8368.4,8442.29,1654200
2015-08-10 00:00:00+08:00,8410.63,8484.18,8374.08,8466.84,1708400
2015-08-11 00:00:00+08:00,8542.13,8586.22,8393.08,8394.14,2176400
2015-08-12 00:00:00+08:00,8365.15,8376.59,8235.95,8283.38,2319000
2015-08-13 00:00:00+08:00,8284.96,8348.39,8271.69,8311.74,2002800
2015-08-14 00:00:00+08:00,8315.14,8343.98,8283.35,8305.64,1771200
2015-08-17 00:00:00+08:00,8307.9,8308.54,8213.42,8213.42,1730700
2015-08-18 00:00:00+08:00,8237.08,8277.22,8166.77,8177.22,1910300
2015-08-19 00:00:00+08:00,8182.81,8182.81,7987.57,8021.84,2562600
2015-08-20 00:00:00+08:00,8008.68,8063.8,7951.72,8029.81,2051500
2015-08-21 00:00:00+08:00,7941.95,7941.95,7786.92,7786.92,2548500
2015-08-24 00:00:00+08:00,7719.63,7719.63,7203.07,7410.34,3913000
2015-08-25 00:00:00+08:00,7427.36,7677.93,7368.47,7675.64,3020700
2015-08-26 00:00:00+08:00,7636.12,7762.45,7547.61,7715.59,2504000
2015-08-27 00:00:00+08:00,7762.63,7856.4,7762.63,7824.55,2625000
2015-08-28 00:00:00+08:00,7923.77,8039.76,7923.77,8019.18,2574100
2015-08-31 00:00:00+08:00,8026.62,8174.92,7961.77,8174.92,2653300
2015-09-01 00:00:00+08:00,8117.5,8119.9,8002.18,8017.56,2184600
2015-09-02 00:00:00+08:00,7970.4,8068.06,7907.31,8035.29,2197000
2015-09-03 00:00:00+08:00,8071.37,8101.13,8007.48,8095.95,2443000
2015-09-04 00:00:00+08:00,8087.62,8128.23,7990.86,8000.6,2329400
2015-09-07 00:00:00+08:00,7990.76,8053.2,7957.8,7986.56,1496400
2015-09-08 00:00:00+08:00,7993.1,8031.26,7978.78,8001.5,1503100
2015-09-09 00:00:00+08:00,8097.22,8296.13,8097.22,8286.92,2746900
2015-09-10 00:00:00+08:00,8247.64,8274.82,8214.5,8268.68,2036300
2015-09-11 00:00:00+08:00,8271.25,8313.18,8233.14,8305.82,1841800
2015-09-14 00:00:00+08:00,8332.57,8360.03,8259.31,8307.29,1769100
2015-09-15 00:00:00+08:00,8320.22,8327.95,8226.07,8259.99,1622000
2015-09-16 00:00:00+08:00,8298.13,8342.36,8276.94,8333.29,1864800
2015-09-17 00:00:00+08:00,8377.31,8467.15,8377.31,8445.5,2321600
2015-09-18 00:00:00+08:00,8427.52,8488.53,8399.71,8462.14,2296800
2015-09-21 00:00:00+08:00,8404.5,8404.5,8285.43,8307.04,1810100
2015-09-22 00:00:00+08:00,8331.44,8365.92,8325.78,8365.92,1758200
2015-09-23 00:00:00+08:00,8310.82,8310.82,8186.22,8193.42,1933600
2015-09-24 00:00:00+08:00,8224.23,8257.14,8101.9,8123.1,1964900
2015-09-25 00:00:00+08:00,8131.49,8152.5,8061.87,8132.35,1654300
2015-09-30 00:00:00+08:00,8097.15,8181.24,8059.68,8181.24,2283600
2015-10-01 00:00:00+08:00,8194.3,8317.79,8170.78,8295.94,2108700
2015-10-02 00:00:00+08:00,8290.43,8320.66,8253.75,8305.03,1758800
2015-10-05 00:00:00+08:00,8342.99,8364.59,8316.83,8352.36,1933400
2015-10-06 00:00:00+08:00,8409.31,8482.83,8390.89,8394.1,2193800
2015-10-07 00:00:00+08:00,8398.53,8495.23,8385.04,8495.23,2089300
2015-10-08 00:00:00+08:00,8528.46,8544.93,8434.5,8445.96,1977700
2015-10-12 00:00:00+08:00,8478.34,8578.22,8478.34,8573.72,2081500
2015-10-13 00:00:00+08:00,8571.57,8574.11,8518.41,8567.92,1877100
2015-10-14 00:00:00+08:00,8545.14,8553.87,8515.53,8522.51,1941200
2015-10-15 00:00:00+08:00,8573.38,8652.47,8573.38,8601.52,2055300
2015-10-16 00:00:00+08:00,8596.43,8627.83,8574.64,8604.95,2165800
2015-10-19 00:00:00+08:00,8628.79,8670.32,8603.08,8631.5,1765400
2015-10-20 00:00:00+08:00,8651.08,8663.12,8618.48,8653.6,1994500
2015-10-21 00:00:00+08:00,8668.08,8690.39,8591.42,8609.23,2022800
2015-10-22 00:00:00+08:00,8600.4,8631.17,8594.21,8608.46,1675200
2015-10-23 00:00:00+08:00,8671.52,8740.08,8662.03,8673.81,1974500
2015-10-26 00:00:00+08:00,8706.81,8757.14,8706.81,8745.36,1778100
2015-10-27 00:00:00+08:00,8724.0,8733.53,8662.77,8701.32,1841000
2015-10-28 00:00:00+08:00,8679.24,8714.01,8632.38,8665.99,1784700
2015-10-29 00:00:00+08:00,8682.58,8704.59,8568.13,8571.08,1985000
2015-10-30 00:00:00+08:00,8578.25,8586.9,8503.69,8554.31,1963300
2015-11-02 00:00:00+08:00,8571.53,8614.77,8524.01,8614.77,1570900
2015-11-03 00:00:00+08:00,8643.21,8728.06,8643.21,8713.19,2018200
2015-11-04 00:00:00+08:00,8759.94,8864.17,8754.18,8857.02,2620400
2015-11-05 00:00:00+08:00,8858.73,8871.87,8828.04,8850.18,1999200
2015-11-06 00:00:00+08:00,8857.61,8857.61,8671.89,8693.57,2240500
2015-11-09 00:00:00+08:00,8702.67,8746.28,8623.7,8642.48,1754100
2015-11-10 00:00:00+08:00,8614.55,8614.55,8529.54,8536.9,1703500
2015-11-11 00:00:00+08:00,8543.63,8557.69,8415.01,8415.01,1930600
2015-11-12 00:00:00+08:00,8426.76,8467.31,8374.07,8428.09,1541900
2015-11-13 00:00:00+08:00,8402.11,8453.04,8329.5,8329.5,1693800
2015-11-16 00:00:00+08:00,8278.12,8312.06,8217.34,8295.4,1820000
2015-11-17 00:00:00+08:00,8369.14,8471.89,8369.14,8419.42,1799600
2015-11-18 00:00:00+08:00,8432.25,8455.14,8326.72,8340.47,1761600
2015-11-19 00:00:00+08:00,8382.09,8477.2,8357.2,8477.2,1792800
2015-11-20 00:00:00+08:00,8472.65,8484.06,8434.33,8465.45,1579100
2015-11-23 00:00:00+08:00,8480.59,8503.08,8450.01,8485.73,1530200
2015-11-24 00:00:00+08:00,8472.24,8497.83,8397.44,8400.14,1630600
2015-11-25 00:00:00+08:00,8407.54,8426.62,8352.17,8386.13,1693600
2015-11-26 00:00:00+08:00,8411.16,8510.7,8411.16,8484.9,1659700
2015-11-27 00:00:00+08:00,8493.18,8505.08,8397.49,8398.4,1419800
2015-11-30 00:00:00+08:00,8339.83,8339.83,8239.0,8320.61,3289700
2015-12-01 00:00:00+08:00,8359.27,8463.3,8339.5,8463.3,1974700
2015-12-02 00:00:00+08:00,8475.96,8497.19,8441.28,8457.4,1939900
2015-12-03 00:00:00+08:00,8424.54,8484.52,8393.29,8456.06,1826900
2015-12-04 00:00:00+08:00,8423.7,8423.7,8355.75,8398.6,1789400
2015-12-07 00:00:00+08:00,8432.47,8535.36,8432.47,8454.27,1799000
2015-12-08 00:00:00+08:00,8442.06,8453.63,8335.67,8343.86,2054400
2015-12-09 00:00:00+08:00,8329.86,8343.37,8229.62,8229.62,2149800
2015-12-10 00:00:00+08:00,8214.27,8228.43,8133.42,8216.17,2110400
2015-12-11 00:00:00+08:00,8217.33,8253.11,8108.68,8115.89,2056200
2015-12-14 00:00:00+08:00,8058.67,8068.98,7980.59,8040.16,1808300
2015-12-15 00:00:00+08:00,8074.48,8140.06,8073.35,8073.35,1674400
2015-12-16 00:00:00+08:00,8144.03,8204.2,8121.06,8184.66,1987800
2015-12-17 00:00:00+08:00,8214.62,8319.67,8214.62,8319.67,2194700
2015-12-18 00:00:00+08:00,8272.41,8317.48,8241.32,8257.32,1959000
2015-12-21 00:00:00+08:00,8228.05,8289.59,8191.53,8282.17,2161800
2015-12-22 00:00:00+08:00,8283.03,8316.44,8261.72,8292.74,1832100
2015-12-23 00:00:00+08:00,8296.58,8359.25,8296.58,8315.7,1938800
2015-12-24 00:00:00+08:00,8351.2,8393.41,8324.36,8324.36,1710600
2015-12-25 00:00:00+08:00,8328.94,8364.3,8320.1,8363.28,1236500
2015-12-28 00:00:00+08:00,8374.18,8394.6,8358.49,8358.49,1219000
2015-12-29 00:00:00+08:00,8349.27,8351.16,8286.84,8293.91,1186200
2015-12-30 00:00:00+08:00,8313.37,8342.34,8262.52,8279.99,1300600
2015-12-31 00:00:00+08:00,8273.77,8338.06,8258.73,8338.06,1191500
2016-01-04 00:00:00+08:00,8315.79,8326.33,8109.09,8114.26,1717400
2016-01-05 00:00:00+08:00,8105.0,8142.64,8055.96,8075.11,1710600
2016-01-06 00:00:00+08:00,8064.25,8076.54,7948.43,7990.39,2040600
2016-01-07 00:00:00+08:00,7963.24,7980.5,7770.16,7852.06,2544700
2016-01-08 00:00:00+08:00,7811.2,7906.55,7788.71,7893.97,1875700
2016-01-11 00:00:00+08:00,7855.8,7855.8,7726.22,7788.42,1949300
2016-01-12 00:00:00+08:00,7807.93,7851.81,7732.11,7768.45,2027700
2016-01-13 00:00:00+08:00,7799.56,7865.98,7786.33,7824.61,1698800
2016-01-14 00:00:00+08:00,7752.09,7752.09,7662.34,7742.88,1809100
2016-01-15 00:00:00+08:00,7809.0,7842.34,7708.66,7762.01,1991800
2016-01-18 00:00:00+08:00,7678.67,7834.25,7627.89,7811.18,1942500
2016-01-19 00:00:00+08:00,7816.45,7854.88,7786.77,7854.88,1581200
2016-01-20 00:00:00+08:00,7835.17,7835.17,7687.6,7699.12,2046500
2016-01-21 00:00:00+08:00,7713.17,7748.37,7664.01,7664.01,1763600
2016-01-22 00:00:00+08:00,7729.01,7774.12,7706.14,7756.18,1637300
2016-01-25 00:00:00+08:00,7813.73,7899.66,7813.73,7894.15,1623500
2016-01-26 00:00:00+08:00,7832.1,7848.63,7799.58,7828.67,1524700
2016-01-27 00:00:00+08:00,7863.66,7888.63,7830.33,7849.83,1478800
2016-01-28 00:00:00+08:00,7825.22,7921.06,7821.12,7905.1,1830200
2016-01-29 00:00:00+08:00,7880.78,8080.6,7876.82,8080.6,2552200
2016-02-01 00:00:00+08:00,8164.24,8166.8,8110.87,8156.96,1818300
2016-02-02 00:00:00+08:00,8141.52,8156.25,8091.14,8131.24,1768200
2016-02-03 00:00:00+08:00,8117.22,8117.22,8036.6,8063.0,1781300
2016-02-15 00:00:00+08:00,7976.65,8074.8,7953.99,8066.51,1935700
2016-02-16 00:00:00+08:00,8090.91,8227.19,8090.91,8212.07,2009100
2016-02-17 00:00:00+08:00,8240.73,8253.8,8196.13,8214.25,1847300
2016-02-18 00:00:00+08:00,8261.74,8337.97,8261.74,8314.67,2044500
2016-02-19 00:00:00+08:00,8291.83,8325.04,8280.39,8325.04,1715700
2016-02-22 00:00:00+08:00,8315.79,8396.62,8296.18,8326.68,1697400
2016-02-23 00:00:00+08:00,8333.59,8361.79,8311.94,8334.64,1849900
2016-02-24 00:00:00+08:00,8332.66,8382.25,8264.39,8282.86,1825000
2016-02-25 00:00:00+08:00,8304.18,8388.63,8304.18,8365.86,2028600
2016-02-26 00:00:00+08:00,8380.53,8432.74,8347.8,8411.16,1967500
2016-03-01 00:00:00+08:00,8381.38,8489.01,8378.06,8485.69,1945500
2016-03-02 00:00:00+08:00,8544.66,8586.25,8540.17,8544.05,2308200
2016-03-03 00:00:00+08:00,8569.05,8630.77,8561.74,8611.79,2574500
2016-03-04 00:00:00+08:00,8611.37,8648.94,8584.06,8643.55,2396100
2016-03-07 00:00:00+08:00,8656.74,8727.88,8632.21,8659.55,2424900
2016-03-08 00:00:00+08:00,8655.86,8668.51,8575.7,8664.31,2643600
2016-03-09 00:00:00+08:00,8649.1,8657.17,8588.41,8634.11,2198200
2016-03-10 00:00:00+08:00,8633.66,8680.43,8614.97,8660.7,2165700
2016-03-11 00:00:00+08:00,8663.29,8707.97,8640.96,8706.14,2073100
2016-03-14 00:00:00+08:00,8746.48,8777.05,8739.57,8747.9,2236200
2016-03-15 00:00:00+08:00,8745.57,8759.94,8589.41,8611.18,2606100
2016-03-16 00:00:00+08:00,8637.63,8699.14,8637.63,8699.14,1985300
2016-03-17 00:00:00+08:00,8763.51,8826.84,8716.88,8734.54,2375000
2016-03-18 00:00:00+08:00,8747.05,8810.71,8747.05,8810.71,2473700
2016-03-21 00:00:00+08:00,8826.16,8840.75,8747.59,8812.7,1740400
2016-03-22 00:00:00+08:00,8806.02,8814.37,8713.24,8785.68,1884200
2016-03-23 00:00:00+08:00,8777.88,8814.5,8734.55,8766.09,1743000
2016-03-24 00:00:00+08:00,8745.42,8765.96,8676.87,8743.38,1753200
2016-03-25 00:00:00+08:00,8758.14,8765.62,8699.89,8704.97,1484000
2016-03-28 00:00:00+08:00,8713.72,8737.86,8676.03,8690.45,1609600
2016-03-29 00:00:00+08:00,8687.06,8711.11,8585.71,8617.35,1903600
2016-03-30 00:00:00+08:00,8624.93,8744.47,8624.93,8737.04,1920800
2016-03-31 00:00:00+08:00,8757.22,8803.91,8695.08,8744.83,2006100
2016-04-01 00:00:00+08:00,8700.38,8704.53,8628.94,8657.55,1542800
2016-04-06 00:00:00+08:00,8605.16,8605.16,8496.89,8513.3,2018500
2016-04-07 00:00:00+08:00,8523.25,8529.44,8436.54,8490.25,1783400
2016-04-08 00:00:00+08:00,8464.78,8546.31,8452.05,8541.5,1796500
2016-04-11 00:00:00+08:00,8518.96,8568.44,8476.57,8562.59,1435100
2016-04-12 00:00:00+08:00,8561.21,8613.56,8520.14,8531.18,1695400
2016-04-13 00:00:00+08:00,8562.79,8653.08,8561.9,8652.08,1698200
2016-04-14 00:00:00+08:00,8684.93,8719.15,8653.84,8667.71,1742000
2016-04-15 00:00:00+08:00,8634.23,8700.39,8613.25,8700.39,1565500
2016-04-18 00:00:00+08:00,8681.8,8686.98,8650.13,8666.01,1311400
2016-04-19 00:00:00+08:00,8701.75,8743.35,8627.29,8633.72,1525800
2016-04-20 00:00:00+08:00,8649.09,8695.22,8502.55,8514.48,1800900
2016-04-21 00:00:00+08:00,8549.14,8568.65,8508.92,8568.65,1397500
2016-04-22 00:00:00+08:00,8560.21,8580.33,8501.03,8535.75,1593200
2016-04-25 00:00:00+08:00,8541.14,8560.28,8513.73,8560.28,1113800
2016-04-26 00:00:00+08:00,8556.37,8622.42,8554.55,8581.57,1291300
2016-04-27 00:00:00+08:00,8561.37,8597.64,8537.03,8563.05,1429000
2016-04-28 00:00:00+08:00,8586.92,8595.99,8456.38,8473.87,1614700
2016-04-29 00:00:00+08:00,8424.04,8424.04,8352.23,8377.9,1575700
2016-05-03 00:00:00+08:00,8362.35,8363.59,8268.41,8294.12,1644000
2016-05-04 00:00:00+08:00,8282.52,8285.96,8153.57,8185.47,1801400
2016-05-05 00:00:00+08:00,8182.05,8207.98,8122.34,8167.96,1609100
2016-05-06 00:00:00+08:00,8169.54,8170.68,8104.16,8146.43,1678500
2016-05-09 00:00:00+08:00,8156.65,8177.36,8106.13,8131.83,1365700
2016-05-10 00:00:00+08:00,8119.71,8168.13,8075.58,8156.29,1320800
2016-05-11 00:00:00+08:00,8182.92,8204.51,8115.44,8135.56,1584800
2016-05-12 00:00:00+08:00,8122.78,8162.44,8105.49,8108.05,1359700
2016-05-13 00:00:00+08:00,8095.93,8095.93,7999.98,8053.69,2020700
2016-05-16 00:00:00+08:00,8035.21,8091.48,8003.93,8067.6,1449600
2016-05-17 00:00:00+08:00,8081.89,8151.2,8047.31,8140.48,1500000
2016-05-18 00:00:00+08:00,8115.61,8159.68,8061.26,8159.68,1482200
2016-05-19 00:00:00+08:00,8159.93,8166.96,8067.33,8095.98,1377200
2016-05-20 00:00:00+08:00,8108.68,8165.98,8080.65,8131.26,1228000
2016-05-23 00:00:00+08:00,8150.38,8356.96,8119.71,8344.44,1882300
2016-05-24 00:00:00+08:00,8329.69,8354.62,8298.0,8300.66,1382700
2016-05-25 00:00:00+08:00,8352.84,8417.27,8352.84,8396.2,1675500
2016-05-26 00:00:00+08:00,8400.89,8410.74,8376.6,8394.12,1328900
2016-05-27 00:00:00+08:00,8415.59,8463.61,8415.59,8463.61,1546200
2016-05-30 00:00:00+08:00,8476.62,8563.4,8462.15,8535.87,1612400
2016-05-31 00:00:00+08:00,8532.21,8545.73,8488.9,8535.59,2368300
2016-06-01 00:00:00+08:00,8516.08,8603.63,8514.12,8597.16,1713400
2016-06-02 00:00:00+08:00,8598.47,8635.03,8553.54,8556.02,1713200
2016-06-03 00:00:00+08:00,8565.18,8601.05,8559.77,8587.36,1446300
2016-06-06 00:00:00+08:00,8605.15,8664.12,8557.68,8597.11,1253900
2016-06-07 00:00:00+08:00,8622.21,8692.73,8621.46,8679.9,1653300
2016-06-08 00:00:00+08:00,8704.66,8754.82,8690.59,8715.48,1745300
2016-06-13 00:00:00+08:00,8634.24,8634.24,8520.21,8536.22,1795700
2016-06-14 00:00:00+08:00,8513.51,8577.31,8503.42,8576.12,1324500
2016-06-15 00:00:00+08:00,8566.43,8608.29,8524.55,8606.37,1631200
2016-06-16 00:00:00+08:00,8583.19,8584.67,8476.84,8494.14,1614200
2016-06-17 00:00:00+08:00,8538.28,8607.16,8538.28,8568.08,1676500
2016-06-20 00:00:00+08:00,8612.26,8642.15,8604.81,8625.92,1441600
2016-06-21 00:00:00+08:00,8633.21,8684.85,8627.4,8684.85,1522900
2016-06-22 00:00:00+08:00,8675.12,8716.25,8653.04,8716.25,1616300
2016-06-23 00:00:00+08:00,8706.08,8711.21,8662.78,8676.68,1277400
2016-06-24 00:00:00+08:00,8684.53,8691.3,8374.26,8476.99,2544000
2016-06-27 00:00:00+08:00,8406.29,8468.66,8386.27,8458.87,1349900
2016-06-28 00:00:00+08:00,8438.76,8505.51,8396.01,8505.51,1527200
2016-06-29 00:00:00+08:00,8530.37,8609.23,8530.37,8586.56,1952800
2016-06-30 00:00:00+08:00,8615.46,8666.58,8583.77,8666.58,2157300
2016-07-01 00:00:00+08:00,8692.48,8755.62,8680.53,8738.24,1877900
2016-07-04 00:00:00+08:00,8728.32,8782.38,8712.12,8760.58,1488300
2016-07-05 00:00:00+08:00,8738.41,8747.06,8693.76,8716.07,1539800
2016-07-06 00:00:00+08:00,8673.53,8673.53,8569.15,8575.75,1803000
2016-07-07 00:00:00+08:00,8605.38,8653.7,8605.38,8640.91,1591200
2016-07-08 00:00:00+08:00,8605.38,8653.7,8605.38,8640.91,1591200
2016-07-11 00:00:00+08:00,8728.23,8795.8,8728.23,8786.47,2165600
2016-07-12 00:00:00+08:00,8794.73,8841.46,8794.3,8841.46,1993200
2016-07-13 00:00:00+08:00,8847.04,8865.42,8800.17,8857.75,2219500
2016-07-14 00:00:00+08:00,8837.76,8877.31,8818.26,8866.36,2035000
2016-07-15 00:00:00+08:00,8857.15,8949.85,8857.15,8949.85,2268200
2016-07-18 00:00:00+08:00,8952.61,9008.21,8952.61,9008.21,2099900
2016-07-19 00:00:00+08:00,9018.8,9034.87,8972.83,9034.87,2370800
2016-07-20 00:00:00+08:00,9013.52,9034.13,8969.19,9007.68,2140900
2016-07-21 00:00:00+08:00,9010.22,9075.89,9009.79,9056.56,2658600
2016-07-22 00:00:00+08:00,9055.17,9060.15,9004.24,9013.14,2094400
2016-07-25 00:00:00+08:00,9030.36,9085.91,8916.05,8991.67,1980900
2016-07-26 00:00:00+08:00,8983.55,9024.79,8960.48,9024.79,1792500
2016-07-27 00:00:00+08:00,9058.19,9084.9,9042.14,9063.39,2133200
2016-07-28 00:00:00+08:00,9060.48,9081.4,9015.35,9076.64,2369500
2016-07-29 00:00:00+08:00,9066.37,9071.51,8984.41,8984.41,1899200
2016-08-01 00:00:00+08:00,9008.74,9080.71,9008.74,9080.71,1830200
2016-08-02 00:00:00+08:00,9081.06,9086.42,9052.71,9068.76,1733700
2016-08-03 00:00:00+08:00,9000.82,9033.95,8948.4,9001.71,1685800
2016-08-04 00:00:00+08:00,9009.29,9035.25,8972.31,9024.71,1640000
2016-08-05 00:00:00+08:00,9025.76,9101.71,9023.23,9092.12,1959600
2016-08-08 00:00:00+08:00,9123.07,9153.99,9104.43,9150.26,1891100
2016-08-09 00:00:00+08:00,9154.0,9168.34,9127.63,9155.08,1911500
2016-08-10 00:00:00+08:00,9160.94,9200.42,9131.63,9200.42,2158200
2016-08-11 00:00:00+08:00,9168.7,9187.18,9063.81,9131.83,2218600
2016-08-12 00:00:00+08:00,9135.34,9173.72,9135.34,9150.39,1924700
2016-08-15 00:00:00+08:00,9152.36,9162.02,9117.26,9148.51,1666600
2016-08-16 00:00:00+08:00,9146.09,9165.58,9082.34,9110.36,1762700
2016-08-17 00:00:00+08:00,9121.18,9133.07,9073.27,9117.7,1704800
2016-08-18 00:00:00+08:00,9104.88,9128.8,9093.51,9122.5,1779500
2016-08-19 00:00:00+08:00,9139.69,9175.13,9034.27,9034.27,1966900
2016-08-22 00:00:00+08:00,9004.68,9012.72,8928.33,8981.81,1680100
2016-08-23 00:00:00+08:00,8987.07,9046.3,8986.76,9030.93,1606000
2016-08-24 00:00:00+08:00,9043.13,9054.76,9016.39,9017.38,1538600
2016-08-25 00:00:00+08:00,9034.47,9115.47,9031.34,9115.47,1843600
2016-08-26 00:00:00+08:00,9097.02,9131.72,9092.08,9131.72,1535600
2016-08-29 00:00:00+08:00,9117.53,9136.42,9027.35,9110.17,1604400
2016-08-30 00:00:00+08:00,9113.34,9134.37,9093.87,9110.56,1631700
2016-08-31 00:00:00+08:00,9122.19,9130.76,9044.5,9068.85,2149900
2016-09-01 00:00:00+08:00,9055.73,9069.13,8980.21,9001.15,1891700
2016-09-02 00:00:00+08:00,9015.63,9038.48,8958.81,8987.55,1968000
2016-09-05 00:00:00+08:00,9032.38,9100.05,9032.38,9090.13,1467300
2016-09-06 00:00:00+08:00,9102.83,9181.85,9098.6,9181.85,1709300
2016-09-07 00:00:00+08:00,9202.23,9278.88,9202.23,9259.07,1969500
2016-09-08 00:00:00+08:00,9241.95,9273.57,9224.89,9262.89,1860000
2016-09-09 00:00:00+08:00,9217.37,9217.37,9142.13,9164.88,1587900
2016-09-12 00:00:00+08:00,9031.51,9031.51,8947.06,8947.06,1673200
2016-09-13 00:00:00+08:00,8983.95,9014.75,8885.55,8940.83,1797200
2016-09-14 00:00:00+08:00,8913.11,8965.32,8895.85,8902.3,1755900
2016-09-19 00:00:00+08:00,9003.41,9155.38,9003.41,9152.88,1678200
2016-09-20 00:00:00+08:00,9141.21,9173.46,9130.9,9161.58,1425100
2016-09-21 00:00:00+08:00,9141.92,9228.5,9133.16,9228.5,1624800
2016-09-22 00:00:00+08:00,9265.28,9290.76,9207.41,9235.26,1489300
2016-09-23 00:00:00+08:00,9240.25,9284.62,9228.66,9284.62,1566400
2016-09-26 00:00:00+08:00,9229.34,9229.34,9189.49,9194.52,1242800
2016-09-29 00:00:00+08:00,9241.61,9303.13,9238.49,9270.9,1843300
2016-09-30 00:00:00+08:00,9240.44,9240.65,9160.91,9166.85,1606100
2016-10-03 00:00:00+08:00,9219.52,9256.58,9212.38,9234.2,1379500
2016-10-04 00:00:00+08:00,9228.66,9287.77,9224.45,9287.77,1396600
2016-10-05 00:00:00+08:00,9260.69,9276.13,9244.41,9272.28,1339700
2016-10-06 00:00:00+08:00,9263.4,9284.31,9242.83,9284.31,1405800
2016-10-07 00:00:00+08:00,9289.66,9289.95,9249.06,9265.81,1501300
2016-10-11 00:00:00+08:00,9311.79,9327.71,9167.72,9219.82,2070400
2016-10-12 00:00:00+08:00,9201.55,9258.69,9166.58,9252.6,1385400
2016-10-13 00:00:00+08:00,9268.22,9285.05,9187.78,9219.17,1523400
2016-10-14 00:00:00+08:00,9198.26,9216.63,9149.87,9165.17,1479500
2016-10-17 00:00:00+08:00,9150.67,9182.67,9074.99,9176.22,1260400
2016-10-18 00:00:00+08:00,9175.07,9222.58,9157.4,9222.58,1276700
2016-10-19 00:00:00+08:00,9227.98,9298.87,9226.46,9283.99,1506800
2016-10-20 00:00:00+08:00,9288.49,9331.89,9279.15,9317.24,1631700
2016-10-21 00:00:00+08:00,9322.55,9348.09,9292.53,9306.57,1895600
2016-10-24 00:00:00+08:00,9333.94,9343.57,9308.53,9322.5,1257600
2016-10-25 00:00:00+08:00,9338.09,9399.97,9334.8,9385.65,1429900
2016-10-26 00:00:00+08:00,9355.66,9372.74,9338.84,9362.25,1311100
2016-10-27 00:00:00+08:00,9363.9,9370.32,9286.86,9299.55,1445200
2016-10-28 00:00:00+08:00,9307.39,9320.57,9276.71,9306.92,1372600
2016-10-31 00:00:00+08:00,9283.2,9314.34,9194.48,9290.12,1320100
2016-11-01 00:00:00+08:00,9272.3,9289.12,9236.82,9272.7,1119300
2016-11-02 00:00:00+08:00,9230.23,9230.23,9139.04,9139.04,1373000
2016-11-03 00:00:00+08:00,9126.29,9154.19,9067.27,9067.27,1401300
2016-11-04 00:00:00+08:00,9065.11,9098.88,9048.21,9068.15,1181400
2016-11-07 00:00:00+08:00,9102.97,9191.67,9102.97,9189.84,1245000
2016-11-08 00:00:00+08:00,9214.95,9230.2,9165.0,9217.43,1347800
2016-11-09 00:00:00+08:00,9252.27,9296.86,8926.6,8943.2,2656500
2016-11-10 00:00:00+08:00,9070.64,9179.18,9070.64,9152.18,1998400
2016-11-11 00:00:00+08:00,9067.65,9067.65,8949.38,8957.76,2518700
2016-11-14 00:00:00+08:00,8955.27,8991.94,8879.69,8940.4,2151600
2016-11-15 00:00:00+08:00,8927.92,8981.05,8923.36,8931.03,1949200
2016-11-16 00:00:00+08:00,8955.76,9032.31,8955.76,8962.22,1851700
2016-11-17 00:00:00+08:00,8984.57,8998.23,8936.3,8995.26,1704600
2016-11-18 00:00:00+08:00,8991.5,9025.98,8958.22,9008.79,1779800
2016-11-21 00:00:00+08:00,9009.78,9049.76,8986.4,9041.11,1807800
2016-11-22 00:00:00+08:00,9058.58,9161.19,9058.58,9133.39,2146700
2016-11-23 00:00:00+08:00,9146.72,9202.72,9146.72,9178.23,1926800
2016-11-24 00:00:00+08:00,9164.84,9183.16,9137.56,9152.11,2022700
2016-11-25 00:00:00+08:00,9149.35,9191.34,9148.63,9159.07,1840100
2016-11-28 00:00:00+08:00,9167.33,9241.54,9167.33,9222.24,1910200
2016-11-29 00:00:00+08:00,9220.95,9249.06,9192.38,9192.38,1889200
2016-11-30 00:00:00+08:00,9196.09,9240.71,9189.62,9240.71,2538900
2016-12-01 00:00:00+08:00,9245.55,9278.96,9241.78,9263.53,1996000
2016-12-02 00:00:00+08:00,9214.56,9214.56,9165.9,9189.49,1730600
2016-12-05 00:00:00+08:00,9194.46,9212.19,9138.64,9160.66,1547800
2016-12-06 00:00:00+08:00,9209.8,9280.65,9209.8,9250.77,1649700
2016-12-07 00:00:00+08:00,9279.0,9299.92,9247.5,9263.89,1682800
2016-12-08 00:00:00+08:00,9308.9,9376.41,9308.9,9375.86,2170000
2016-12-09 00:00:00+08:00,9383.07,9399.25,9366.86,9392.68,1811800
2016-12-12 00:00:00+08:00,9402.05,9430.34,9336.45,9349.94,1697400
2016-12-13 00:00:00+08:00,9361.97,9382.14,9342.56,9382.14,1856000
2016-12-14 00:00:00+08:00,9395.6,9413.13,9353.25,9368.52,1658400
2016-12-15 00:00:00+08:00,9337.21,9370.51,9309.79,9360.35,1692100
2016-12-16 00:00:00+08:00,9352.27,9379.75,9326.78,9326.78,1858100
2016-12-19 00:00:00+08:00,9316.06,9317.03,9237.98,9239.32,1454800
2016-12-20 00:00:00+08:00,9229.74,9258.69,9199.84,9242.41,1349900
2016-12-21 00:00:00+08:00,9234.94,9263.5,9204.26,9204.26,1439700
2016-12-22 00:00:00+08:00,9204.29,9209.72,9118.75,9118.75,1427400
2016-12-23 00:00:00+08:00,9112.33,9128.83,9078.64,9078.64,1333800
2016-12-26 00:00:00+08:00,9088.99,9127.74,9083.28,9110.54,799000
2016-12-27 00:00:00+08:00,9120.88,9132.05,9100.83,9109.27,880800
2016-12-28 00:00:00+08:00,9120.9,9203.56,9120.9,9201.4,1195900
2016-12-29 00:00:00+08:00,9172.39,9196.02,9149.16,9153.09,1239800
2016-12-30 00:00:00+08:00,9186.3,9259.09,9186.3,9253.5,1329700
2017-01-03 00:00:00+08:00,9252.56,9273.65,9235.95,9272.88,1186600
2017-01-04 00:00:00+08:00,9279.52,9299.62,9266.03,9286.96,1322300
2017-01-05 00:00:00+08:00,9282.56,9358.42,9282.45,9358.14,1859300
2017-01-06 00:00:00+08:00,9371.41,9381.11,9351.25,9372.22,1743800
2017-01-09 00:00:00+08:00,9376.48,9404.9,9328.19,9342.42,1708500
2017-01-10 00:00:00+08:00,9344.19,9353.6,9319.45,9349.64,1514800
2017-01-11 00:00:00+08:00,9370.17,9384.0,9333.49,9345.74,1801200
2017-01-12 00:00:00+08:00,9356.12,9430.58,9356.12,9410.18,1919300
2017-01-13 00:00:00+08:00,9373.7,9387.68,9352.08,9378.83,1560100
2017-01-16 00:00:00+08:00,9356.54,9359.01,9281.21,9292.33,1445700
2017-01-17 00:00:00+08:00,9301.96,9354.53,9294.68,9354.53,1449700
2017-01-18 00:00:00+08:00,9344.74,9350.95,9322.44,9341.97,1882800
2017-01-19 00:00:00+08:00,9324.83,9337.64,9287.54,9318.12,1796100
2017-01-20 00:00:00+08:00,9326.8,9350.07,9317.62,9331.46,1613400
2017-01-23 00:00:00+08:00,9363.66,9427.46,9363.66,9424.05,1796100
2017-01-24 00:00:00+08:00,9423.05,9468.34,9416.06,9447.95,2147200
2017-02-02 00:00:00+08:00,9502.25,9521.34,9413.77,9428.97,3341600
2017-02-03 00:00:00+08:00,9450.06,9478.01,9423.93,9455.56,2264200
2017-02-06 00:00:00+08:00,9467.67,9548.68,9467.67,9538.01,3053900
2017-02-07 00:00:00+08:00,9527.42,9555.8,9512.56,9554.56,2607300
2017-02-08 00:00:00+08:00,9540.77,9564.07,9505.79,9543.25,2893600
2017-02-09 00:00:00+08:00,9555.52,9600.09,9540.51,9590.18,2733900
2017-02-10 00:00:00+08:00,9612.67,9688.15,9612.67,9665.59,3443400
2017-02-13 00:00:00+08:00,9690.39,9711.43,9681.1,9710.32,2743600
2017-02-14 00:00:00+08:00,9726.74,9760.01,9698.29,9718.78,2798500
2017-02-15 00:00:00+08:00,9724.13,9813.98,9723.04,9799.76,2986500
2017-02-16 00:00:00+08:00,9826.89,9869.59,9753.16,9771.25,2654800
2017-02-17 00:00:00+08:00,9779.16,9791.59,9754.54,9759.76,2180300
2017-02-20 00:00:00+08:00,9795.81,9817.14,9743.36,9753.2,2480000
2017-02-21 00:00:00+08:00,9761.27,9775.49,9721.36,9763.93,2406100
2017-02-22 00:00:00+08:00,9786.25,9820.07,9770.1,9778.78,2566100
2017-02-23 00:00:00+08:00,9774.08,9810.56,9748.94,9769.31,2525500
2017-02-24 00:00:00+08:00,9757.67,9784.39,9740.18,9750.47,2454600
2017-03-01 00:00:00+08:00,9751.12,9758.78,9674.78,9674.78,2474000
2017-03-02 00:00:00+08:00,9727.6,9774.6,9646.34,9691.8,2522300
2017-03-03 00:00:00+08:00,9672.26,9679.82,9633.88,9648.21,2180100
2017-03-06 00:00:00+08:00,9647.0,9688.5,9647.0,9682.63,1906000
2017-03-07 00:00:00+08:00,9690.26,9738.07,9690.2,9738.07,1882200
2017-03-08 00:00:00+08:00,9744.26,9773.49,9712.5,9753.45,2048400
2017-03-09 00:00:00+08:00,9740.05,9743.78,9650.32,9658.61,2432800
2017-03-10 00:00:00+08:00,9653.79,9656.65,9562.75,9627.89,2283500
2017-03-13 00:00:00+08:00,9656.56,9697.34,9656.56,9697.34,1858800
2017-03-14 00:00:00+08:00,9720.53,9767.66,9720.53,9744.21,2212800
2017-03-15 00:00:00+08:00,9741.29,9749.01,9714.58,9740.31,1836600
2017-03-16 00:00:00+08:00,9768.85,9842.17,9768.85,9837.83,2102200
2017-03-17 00:00:00+08:00,9845.59,9908.69,9835.51,9908.69,2689700
2017-03-20 00:00:00+08:00,9905.81,9916.18,9869.35,9912.97,2118700
2017-03-21 00:00:00+08:00,9923.18,9976.61,9918.39,9972.49,2317100
2017-03-22 00:00:00+08:00,9911.96,9922.66,9843.07,9922.66,2270500
2017-03-23 00:00:00+08:00,9921.97,9945.24,9897.45,9930.74,2615300
2017-03-24 00:00:00+08:00,9914.12,9932.68,9892.31,9902.98,2324400
2017-03-27 00:00:00+08:00,9907.6,9917.85,9859.53,9876.77,2296100
2017-03-28 00:00:00+08:00,9909.99,9924.14,9799.28,9876.45,2595900
2017-03-29 00:00:00+08:00,9887.0,9906.76,9831.63,9856.25,2272800
2017-03-30 00:00:00+08:00,9869.28,9878.62,9836.33,9848.15,2296100
2017-03-31 00:00:00+08:00,9846.38,9869.65,9811.52,9811.52,2362400
2017-04-05 00:00:00+08:00,9856.44,9949.48,9856.44,9949.48,2734200
2017-04-06 00:00:00+08:00,9946.66,9946.66,9879.85,9897.8,2015700
2017-04-07 00:00:00+08:00,9892.98,9900.88,9788.52,9873.37,2422600
2017-04-10 00:00:00+08:00,9880.29,9898.64,9859.03,9882.54,2364800
2017-04-11 00:00:00+08:00,9881.53,9896.59,9820.41,9832.42,2287200
2017-04-12 00:00:00+08:00,9831.56,9837.19,9789.59,9817.68,2339400
2017-04-13 00:00:00+08:00,9808.83,9868.45,9800.8,9836.68,2222700
2017-04-14 00:00:00+08:00,9806.15,9808.33,9730.94,9732.93,2179100
2017-04-17 00:00:00+08:00,9740.81,9762.47,9670.11,9716.4,2118300
2017-04-18 00:00:00+08:00,9735.76,9771.07,9727.26,9746.56,1763700
2017-04-19 00:00:00+08:00,9725.39,9725.39,9631.64,9639.94,2145200
2017-04-20 00:00:00+08:00,9639.93,9664.24,9622.25,9632.69,1820400
2017-04-21 00:00:00+08:00,9657.05,9718.82,9657.05,9717.41,1626700
2017-04-24 00:00:00+08:00,9742.91,9772.96,9683.7,9717.95,1467700
2017-04-25 00:00:00+08:00,9737.82,9841.71,9737.82,9841.71,2097800
2017-04-26 00:00:00+08:00,9859.11,9865.88,9827.47,9856.45,2146400
2017-04-27 00:00:00+08:00,9859.45,9863.52,9823.85,9860.62,1830500
2017-04-28 00:00:00+08:00,9868.38,9897.04,9845.84,9872.0,2208800
2017-05-02 00:00:00+08:00,9926.44,9951.14,9925.75,9941.27,2064300
2017-05-03 00:00:00+08:00,9957.62,9979.91,9937.99,9955.33,1702700
2017-05-04 00:00:00+08:00,9962.73,9973.76,9938.96,9967.64,1816700
2017-05-05 00:00:00+08:00,9954.94,9960.99,9899.94,9899.94,1708400
2017-05-08 00:00:00+08:00,9934.13,9964.86,9900.07,9937.25,1860700
2017-05-09 00:00:00+08:00,9967.01,10001.94,9899.08,9915.48,2425200
2017-05-10 00:00:00+08:00,9935.22,9971.98,9932.17,9968.32,1972100
2017-05-11 00:00:00+08:00,9968.51,10018.79,9964.3,10001.48,2145200
2017-05-12 00:00:00+08:00,9981.77,10008.25,9961.37,9986.82,1833700
2017-05-15 00:00:00+08:00,9978.28,10036.82,9978.28,10036.82,1810800
2017-05-16 00:00:00+08:00,10037.58,10058.59,9991.08,10031.49,2176300
2017-05-17 00:00:00+08:00,10019.62,10029.62,9967.97,10013.67,1822400
2017-05-18 00:00:00+08:00,9952.64,9969.45,9895.65,9969.45,1786200
2017-05-19 00:00:00+08:00,9970.4,9979.73,9947.14,9947.62,1852200
2017-05-22 00:00:00+08:00,9965.08,9997.26,9960.94,9997.26,1636800
2017-05-23 00:00:00+08:00,9994.68,10038.2,9992.58,10007.84,1747800
2017-05-24 00:00:00+08:00,10014.15,10059.74,10014.15,10044.42,1748400
2017-05-25 00:00:00+08:00,10059.91,10108.49,10059.2,10108.49,2021300
2017-05-26 00:00:00+08:00,10090.18,10121.88,10072.84,10101.95,1914300
2017-05-31 00:00:00+08:00,10095.95,10116.13,10025.88,10040.72,2713500
2017-06-01 00:00:00+08:00,10064.44,10100.37,10059.93,10087.42,1983100
2017-06-02 00:00:00+08:00,10117.76,10152.53,10117.06,10152.53,2100600
2017-06-05 00:00:00+08:00,10164.89,10226.84,10164.89,10226.84,2208100
2017-06-06 00:00:00+08:00,10213.17,10221.64,10190.39,10206.18,2078600
2017-06-07 00:00:00+08:00,10216.14,10242.39,10183.15,10209.99,2239900
2017-06-08 00:00:00+08:00,10215.93,10235.7,10211.0,10225.78,1756200
2017-06-09 00:00:00+08:00,10238.55,10268.37,10198.8,10199.65,2205300
2017-06-12 00:00:00+08:00,10137.04,10158.64,10109.96,10109.96,1800300
2017-06-13 00:00:00+08:00,10109.7,10146.67,10109.7,10128.15,1635400
2017-06-14 00:00:00+08:00,10142.8,10165.31,10033.25,10072.46,2131200
2017-06-15 00:00:00+08:00,10079.14,10089.07,10046.8,10088.35,1647300
2017-06-16 00:00:00+08:00,10078.69,10159.47,10073.12,10156.73,2120200
2017-06-19 00:00:00+08:00,10162.22,10250.6,10162.22,10250.6,1878500
2017-06-20 00:00:00+08:00,10286.79,10354.37,10286.79,10324.46,1913800
2017-06-21 00:00:00+08:00,10310.97,10379.82,10274.75,10349.72,2399200
2017-06-22 00:00:00+08:00,10369.08,10403.36,10368.93,10399.06,2010500
2017-06-23 00:00:00+08:00,10403.56,10422.33,10374.01,10377.7,1952000
2017-06-26 00:00:00+08:00,10341.86,10513.96,10341.86,10513.96,2648600
2017-06-27 00:00:00+08:00,10513.0,10545.7,10489.1,10512.06,2660200
2017-06-28 00:00:00+08:00,10459.17,10459.17,10382.81,10390.55,3121300
2017-06-29 00:00:00+08:00,10442.18,10476.51,10390.9,10421.65,2867000
2017-06-30 00:00:00+08:00,10367.26,10395.07,10329.84,10395.07,2376900
2017-07-03 00:00:00+08:00,10368.99,10412.79,10363.5,10412.79,2157100
2017-07-04 00:00:00+08:00,10397.93,10421.72,10347.78,10347.78,2445100
2017-07-05 00:00:00+08:00,10352.39,10404.79,10304.74,10404.79,1994200
2017-07-06 00:00:00+08:00,10380.66,10381.2,10336.32,10368.2,1694000
2017-07-07 00:00:00+08:00,10343.3,10343.3,10294.69,10297.25,1754100
2017-07-10 00:00:00+08:00,10310.74,10331.11,10283.95,10289.91,1964700
2017-07-11 00:00:00+08:00,10313.08,10415.57,10313.08,10415.57,2039900
2017-07-12 00:00:00+08:00,10396.97,10450.87,10393.54,10420.68,2196800
2017-07-13 00:00:00+08:00,10418.74,10485.28,10418.74,10460.15,2645100
2017-07-14 00:00:00+08:00,10450.92,10466.34,10423.4,10443.91,2292900
2017-07-17 00:00:00+08:00,10467.27,10490.05,10436.31,10457.54,2183500
2017-07-18 00:00:00+08:00,10447.47,10481.26,10429.85,10481.26,2035100
2017-07-19 00:00:00+08:00,10472.81,10537.42,10472.81,10506.1,2351900
2017-07-20 00:00:00+08:00,10513.12,10534.52,10483.54,10499.36,2273600
2017-07-21 00:00:00+08:00,10468.47,10477.72,10428.56,10436.7,1904900
2017-07-24 00:00:00+08:00,10426.13,10461.28,10406.81,10461.28,1756400
2017-07-25 00:00:00+08:00,10455.14,10473.98,10442.85,10463.15,1959500
2017-07-26 00:00:00+08:00,10477.15,10500.11,10416.57,10419.11,2344100
2017-07-27 00:00:00+08:00,10427.83,10516.23,10427.83,10508.37,2487900
2017-07-28 00:00:00+08:00,10480.67,10480.67,10410.53,10423.05,1915800
2017-07-31 00:00:00+08:00,10396.76,10427.33,10366.17,10427.33,2036800
2017-08-01 00:00:00+08:00,10408.53,10470.03,10408.53,10437.29,2391000
2017-08-02 00:00:00+08:00,10479.26,10519.27,10479.26,10519.27,2351400
2017-08-03 00:00:00+08:00,10464.1,10478.62,10427.72,10469.88,2125000
2017-08-04 00:00:00+08:00,10470.96,10510.7,10466.25,10506.56,2439200
2017-08-07 00:00:00+08:00,10521.69,10592.31,10521.69,10579.38,2543100
2017-08-08 00:00:00+08:00,10598.59,10619.42,10533.72,10568.97,2898600
2017-08-09 00:00:00+08:00,10523.51,10536.19,10457.52,10470.38,2590000
2017-08-10 00:00:00+08:00,10470.03,10477.79,10303.47,10329.74,3032100
2017-08-11 00:00:00+08:00,10267.05,10338.06,10238.5,10329.57,2408500
2017-08-14 00:00:00+08:00,10347.66,10365.22,10225.28,10225.28,2531500
2017-08-15 00:00:00+08:00,10271.03,10336.22,10271.03,10311.16,2296200
2017-08-16 00:00:00+08:00,10302.83,10322.38,10245.72,10290.39,2510400
2017-08-17 00:00:00+08:00,10302.54,10372.41,10302.54,10369.37,2588000
2017-08-18 00:00:00+08:00,10324.83,10330.39,10259.83,10321.33,2316000
2017-08-21 00:00:00+08:00,10316.09,10336.37,10282.72,10326.39,2165200
2017-08-22 00:00:00+08:00,10353.37,10410.47,10353.37,10392.07,2482000
2017-08-23 00:00:00+08:00,10418.32,10458.91,10378.01,10406.81,2465700
2017-08-24 00:00:00+08:00,10414.66,10488.96,10410.73,10488.96,2716400
2017-08-25 00:00:00+08:00,10497.86,10519.84,10478.72,10515.51,2826800
2017-08-28 00:00:00+08:00,10502.8,10542.37,10498.88,10525.98,2738000
2017-08-29 00:00:00+08:00,10518.69,10518.69,10463.22,10496.57,2815800
2017-08-30 00:00:00+08:00,10511.59,10574.53,10511.59,10569.4,2765700
2017-08-31 00:00:00+08:00,10586.65,10609.48,10551.95,10585.78,2800700
2017-09-01 00:00:00+08:00,10576.27,10619.52,10568.72,10594.82,3121700
2017-09-04 00:00:00+08:00,10585.44,10610.04,10555.34,10569.87,2619800
2017-09-05 00:00:00+08:00,10584.1,10617.84,10564.26,10617.84,2761000
2017-09-06 00:00:00+08:00,10593.87,10604.92,10519.71,10547.86,2815600
2017-09-07 00:00:00+08:00,10564.79,10604.02,10509.91,10538.51,3227300
2017-09-08 00:00:00+08:00,10553.9,10609.95,10550.72,10609.95,2818200
2017-09-11 00:00:00+08:00,10630.16,10656.25,10565.78,10572.16,2977700
2017-09-12 00:00:00+08:00,10610.33,10646.55,10586.28,10610.35,2920800
2017-09-13 00:00:00+08:00,10596.36,10620.31,10532.88,10532.88,2711500
2017-09-14 00:00:00+08:00,10533.99,10572.71,10508.72,10553.57,2491800
2017-09-15 00:00:00+08:00,10556.82,10580.78,10520.15,10580.41,3365900
2017-09-18 00:00:00+08:00,10590.8,10642.4,10581.81,10631.57,3575300
2017-09-19 00:00:00+08:00,10653.34,10664.18,10561.21,10576.14,3071500
2017-09-20 00:00:00+08:00,10568.58,10589.19,10490.71,10519.17,2745000
2017-09-21 00:00:00+08:00,10506.85,10603.08,10493.95,10578.44,2312400
2017-09-22 00:00:00+08:00,10571.65,10579.02,10446.45,10449.68,2427200
2017-09-25 00:00:00+08:00,10442.05,10447.09,10322.1,10335.89,2622600
2017-09-26 00:00:00+08:00,10333.44,10374.54,10257.02,10257.02,2348600
2017-09-27 00:00:00+08:00,10322.44,10357.23,10315.97,10326.68,1954500
2017-09-28 00:00:00+08:00,10351.42,10365.59,10288.24,10296.45,2054900
2017-09-29 00:00:00+08:00,10319.69,10338.95,10273.6,10329.94,1942400
2017-10-02 00:00:00+08:00,10425.1,10472.81,10414.53,10465.16,1730200
2017-10-03 00:00:00+08:00,10462.7,10495.34,10445.86,10469.35,1916100
2017-10-05 00:00:00+08:00,10473.28,10530.93,10473.28,10518.27,1905900
2017-10-06 00:00:00+08:00,10538.21,10557.67,10511.5,10532.81,1950000
2017-10-11 00:00:00+08:00,10576.12,10668.49,10576.12,10641.19,2859400
2017-10-12 00:00:00+08:00,10668.39,10711.44,10668.39,10711.44,2367700
2017-10-13 00:00:00+08:00,10712.48,10724.09,10675.83,10724.09,2301200
2017-10-16 00:00:00+08:00,10735.14,10774.21,10723.37,10774.21,2451900
2017-10-17 00:00:00+08:00,10790.35,10798.52,10723.15,10723.15,2368600
2017-10-18 00:00:00+08:00,10773.85,10790.31,10684.32,10720.28,2651200
2017-10-19 00:00:00+08:00,10745.77,10798.54,10745.77,10760.29,2173500
2017-10-20 00:00:00+08:00,10737.87,10753.77,10702.56,10728.88,2314000
2017-10-23 00:00:00+08:00,10759.47,10792.27,10731.9,10735.21,2041300
2017-10-24 00:00:00+08:00,10749.9,10766.64,10726.25,10743.78,2253000
2017-10-25 00:00:00+08:00,10771.4,10794.55,10740.07,10750.57,2517700
2017-10-26 00:00:00+08:00,10735.35,10756.51,10716.52,10734.76,2228900
2017-10-27 00:00:00+08:00,10757.35,10803.6,10701.08,10709.11,3016300
2017-10-30 00:00:00+08:00,10777.6,10842.25,10743.13,10756.87,2240000
2017-10-31 00:00:00+08:00,10768.9,10829.33,10747.37,10793.8,2185500
2017-11-01 00:00:00+08:00,10816.04,10843.41,10785.32,10806.36,2414200
2017-11-02 00:00:00+08:00,10797.63,10827.67,10788.51,10788.51,2534500
2017-11-03 00:00:00+08:00,10797.91,10835.7,10765.31,10800.77,2213600
2017-11-06 00:00:00+08:00,10856.56,10858.5,10769.19,10786.19,2241200
2017-11-07 00:00:00+08:00,10820.83,10842.61,10807.89,10840.34,2593500
2017-11-08 00:00:00+08:00,10839.44,10844.74,10806.01,10818.99,2513400
2017-11-09 00:00:00+08:00,10802.95,10831.38,10721.87,10743.27,3008000
2017-11-10 00:00:00+08:00,10713.67,10742.61,10659.29,10732.67,2347400
2017-11-13 00:00:00+08:00,10728.22,10749.39,10683.92,10683.92,2850600
2017-11-14 00:00:00+08:00,10716.59,10735.08,10654.58,10687.18,2676900
2017-11-15 00:00:00+08:00,10662.08,10669.59,10600.26,10630.65,2325600
2017-11-16 00:00:00+08:00,10629.16,10666.66,10609.23,10625.04,2189300
2017-11-17 00:00:00+08:00,10673.43,10729.45,10673.43,10701.64,2471200
2017-11-20 00:00:00+08:00,10706.79,10728.39,10656.18,10664.55,2503700
2017-11-21 00:00:00+08:00,10688.22,10787.58,10687.26,10779.24,3285200
2017-11-22 00:00:00+08:00,10815.4,10882.65,10801.1,10822.59,3911700
2017-11-23 00:00:00+08:00,10837.61,10872.29,10809.09,10854.57,2681100
2017-11-24 00:00:00+08:00,10847.79,10873.91,10833.78,10854.09,2746900
2017-11-27 00:00:00+08:00,10836.82,10856.0,10746.74,10750.93,2668100
2017-11-28 00:00:00+08:00,10733.56,10752.58,10692.53,10707.07,2961000
2017-11-29 00:00:00+08:00,10735.24,10762.91,10697.62,10713.55,3096300
2017-11-30 00:00:00+08:00,10623.2,10650.18,10560.44,10560.44,4939100
2017-12-01 00:00:00+08:00,10591.62,10665.92,10495.15,10600.37,3776200
2017-12-04 00:00:00+08:00,10617.27,10665.43,10565.68,10651.11,2864500
2017-12-05 00:00:00+08:00,10607.62,10635.71,10540.74,10566.85,3126100
2017-12-06 00:00:00+08:00,10541.03,10541.03,10376.65,10393.92,3022600
2017-12-07 00:00:00+08:00,10404.42,10418.97,10322.76,10355.76,2740500
2017-12-08 00:00:00+08:00,10406.35,10419.28,10336.26,10398.62,2683800
2017-12-11 00:00:00+08:00,10438.33,10504.67,10438.33,10473.09,2334200
2017-12-12 00:00:00+08:00,10488.73,10495.24,10408.06,10443.28,2164400
2017-12-13 00:00:00+08:00,10447.11,10489.17,10444.7,10470.7,2324000
2017-12-14 00:00:00+08:00,10494.6,10577.53,10494.6,10538.01,2447400
2017-12-15 00:00:00+08:00,10517.21,10520.66,10436.11,10491.44,2590700
2017-12-18 00:00:00+08:00,10478.74,10526.41,10472.39,10506.52,1861300
2017-12-19 00:00:00+08:00,10508.33,10544.0,10452.08,10467.34,2190500
2017-12-20 00:00:00+08:00,10470.36,10514.31,10470.36,10504.52,2155800
2017-12-21 00:00:00+08:00,10526.97,10545.78,10488.97,10488.97,2116400
2017-12-22 00:00:00+08:00,10503.1,10537.27,10486.52,10537.27,2049900
2017-12-25 00:00:00+08:00,10546.64,10556.65,10514.54,10522.49,1928200
2017-12-26 00:00:00+08:00,10526.14,10528.92,10408.12,10421.91,2037800
2017-12-27 00:00:00+08:00,10419.81,10497.77,10419.81,10486.67,2103300
2017-12-28 00:00:00+08:00,10513.29,10592.04,10513.29,10567.64,2223700
2017-12-29 00:00:00+08:00,10590.95,10659.98,10590.95,10642.86,2411700
2018-01-02 00:00:00+08:00,10664.82,10710.73,10650.77,10710.73,2375900
2018-01-03 00:00:00+08:00,10759.61,10813.16,10759.61,10801.57,2964800
2018-01-04 00:00:00+08:00,10834.58,10853.46,10794.25,10848.63,3048500
2018-01-05 00:00:00+08:00,10856.92,10879.8,10815.68,10879.8,3028400
2018-01-08 00:00:00+08:00,10899.09,10918.47,10869.12,10915.75,3246900
2018-01-09 00:00:00+08:00,10922.35,10931.0,10860.77,10914.89,2933100
2018-01-10 00:00:00+08:00,10915.32,10934.75,10819.25,10831.09,3224000
2018-01-11 00:00:00+08:00,10824.54,10844.08,10770.1,10810.06,2736200
2018-01-12 00:00:00+08:00,10818.24,10899.98,10818.24,10883.96,2900300
2018-01-15 00:00:00+08:00,10932.37,10962.55,10911.89,10956.31,2672500
2018-01-16 00:00:00+08:00,10955.81,10986.11,10920.5,10986.11,2943900
2018-01-17 00:00:00+08:00,10976.13,11030.22,10942.95,11004.8,3337400
2018-01-18 00:00:00+08:00,11048.06,11122.82,11048.06,11071.57,3069900
2018-01-19 00:00:00+08:00,11123.58,11150.85,11095.85,11150.85,2661500
2018-01-22 00:00:00+08:00,11169.79,11231.46,11142.38,11231.46,3222600
2018-01-23 00:00:00+08:00,11243.49,11270.18,11201.52,11253.11,3399800
2018-01-24 00:00:00+08:00,11228.71,11228.71,11107.32,11152.16,3171100
2018-01-25 00:00:00+08:00,11154.36,11268.61,11131.85,11165.95,3457900
2018-01-26 00:00:00+08:00,11152.53,11178.3,11089.48,11147.1,2701400
2018-01-29 00:00:00+08:00,11202.27,11246.18,11161.83,11221.81,2450400
2018-01-30 00:00:00+08:00,11189.57,11189.57,11076.78,11076.78,2709200
2018-01-31 00:00:00+08:00,11054.36,11158.29,11007.89,11103.79,2642900
2018-02-01 00:00:00+08:00,11139.4,11212.1,11139.4,11160.25,2257600
2018-02-02 00:00:00+08:00,11151.65,11153.32,11070.43,11126.23,2023400
2018-02-05 00:00:00+08:00,10970.3,10970.3,10855.43,10946.25,2393600
2018-02-06 00:00:00+08:00,10761.01,10761.01,10300.4,10404.0,5183600
2018-02-07 00:00:00+08:00,10547.64,10697.82,10547.64,10551.54,3145300
2018-02-08 00:00:00+08:00,10559.44,10609.5,10512.93,10528.52,2287100
2018-02-09 00:00:00+08:00,10371.01,10392.31,10189.04,10371.75,2895400
2018-02-12 00:00:00+08:00,10429.09,10473.51,10416.01,10421.09,2387100
2018-02-21 00:00:00+08:00,10559.79,10720.48,10559.79,10714.44,2770600
2018-02-22 00:00:00+08:00,10698.47,10698.47,10620.8,10662.38,2385800
2018-02-23 00:00:00+08:00,10688.97,10799.29,10688.97,10794.55,2623500
2018-02-26 00:00:00+08:00,10827.98,10890.69,10827.98,10836.7,2295300
2018-02-27 00:00:00+08:00,10896.16,10937.9,10815.47,10815.47,2697700
2018-03-01 00:00:00+08:00,10779.1,10805.55,10709.69,10785.79,2508100
2018-03-02 00:00:00+08:00,10719.29,10719.29,10638.98,10698.17,2135500
2018-03-05 00:00:00+08:00,10727.45,10756.37,10642.9,10642.9,2203900
2018-03-06 00:00:00+08:00,10711.15,10784.34,10711.15,10784.34,1905900
2018-03-07 00:00:00+08:00,10762.99,10818.05,10745.32,10745.32,2106300
2018-03-08 00:00:00+08:00,10788.43,10852.33,10788.43,10823.24,2535200
2018-03-09 00:00:00+08:00,10847.74,10882.76,10845.38,10864.82,2457800
2018-03-12 00:00:00+08:00,10908.99,11016.56,10908.99,11002.1,2759800
2018-03-13 00:00:00+08:00,11022.15,11095.63,11014.87,11095.63,2433800
2018-03-14 00:00:00+08:00,11063.73,11070.29,11015.47,11038.8,2331000
2018-03-15 00:00:00+08:00,11039.6,11052.11,11008.18,11018.45,2124400
2018-03-16 00:00:00+08:00,11010.24,11054.86,10933.46,11027.7,3071600
2018-03-19 00:00:00+08:00,11004.81,11066.0,10983.25,11046.9,2206800
2018-03-20 00:00:00+08:00,11016.85,11020.78,10981.04,11010.84,2159800
2018-03-21 00:00:00+08:00,11037.35,11072.31,11011.07,11011.07,2360400
2018-03-22 00:00:00+08:00,11045.9,11120.2,10975.33,11005.84,2637400
2018-03-23 00:00:00+08:00,10863.67,10863.67,10758.06,10823.33,2618800
2018-03-26 00:00:00+08:00,10783.57,10840.05,10781.43,10840.05,2048600
2018-03-27 00:00:00+08:00,10901.69,10986.79,10901.69,10986.79,2297400
2018-03-28 00:00:00+08:00,10939.97,10939.97,10853.48,10865.66,1953100
2018-03-29 00:00:00+08:00,10855.66,10889.6,10815.46,10845.92,2158300
2018-03-30 00:00:00+08:00,10905.3,10969.22,10905.3,10906.22,2263300
2018-04-02 00:00:00+08:00,10936.26,10969.88,10882.05,10888.27,2071400
2018-04-03 00:00:00+08:00,10837.54,10837.54,10775.45,10821.53,2124100
2018-04-09 00:00:00+08:00,10880.14,10904.75,10829.02,10893.53,2664500
2018-04-10 00:00:00+08:00,10885.64,10975.67,10874.83,10927.18,2943400
2018-04-11 00:00:00+08:00,10961.7,11016.35,10953.31,10974.02,2560400
2018-04-12 00:00:00+08:00,10984.12,11008.2,10920.62,10955.29,2248200
2018-04-13 00:00:00+08:00,10975.58,10988.23,10938.37,10965.39,2400400
2018-04-16 00:00:00+08:00,10962.36,10974.94,10921.17,10954.55,2341000
2018-04-17 00:00:00+08:00,10953.51,10965.2,10799.07,10810.45,2646400
2018-04-18 00:00:00+08:00,10842.88,10917.6,10809.89,10847.89,2189700
2018-04-19 00:00:00+08:00,10891.66,10983.96,10889.71,10971.22,2490200
2018-04-20 00:00:00+08:00,10802.42,10831.56,10770.05,10779.38,2349600
2018-04-23 00:00:00+08:00,10756.89,10774.73,10687.25,10697.13,2324700
2018-04-24 00:00:00+08:00,10680.38,10692.19,10540.15,10579.5,2664800
2018-04-25 00:00:00+08:00,10541.83,10573.73,10489.2,10559.97,2555100
2018-04-26 00:00:00+08:00,10583.08,10618.68,10478.98,10488.58,2633700
2018-04-27 00:00:00+08:00,10546.29,10573.61,10495.67,10553.43,2079000
2018-04-30 00:00:00+08:00,10553.41,10660.61,10539.63,10657.88,2120800
2018-05-02 00:00:00+08:00,10665.52,10683.9,10601.1,10618.81,2252100
2018-05-03 00:00:00+08:00,10578.98,10578.98,10509.03,10514.18,2113300
2018-05-04 00:00:00+08:00,10516.45,10566.37,10500.97,10529.37,2055900
2018-05-07 00:00:00+08:00,10581.78,10632.62,10555.56,10604.91,1965200
2018-05-08 00:00:00+08:00,10610.44,10691.38,10609.04,10691.38,2300800
2018-05-09 00:00:00+08:00,10692.89,10748.6,10689.81,10703.35,2414400
2018-05-10 00:00:00+08:00,10731.68,10782.06,10731.68,10760.21,2472700
2018-05-11 00:00:00+08:00,10808.4,10874.63,10808.4,10858.98,2782800
2018-05-14 00:00:00+08:00,10938.3,10970.24,10908.86,10952.39,2550800
2018-05-15 00:00:00+08:00,10965.08,10978.38,10874.73,10874.73,2652800
2018-05-16 00:00:00+08:00,10873.54,10915.74,10865.07,10897.57,2905400
2018-05-17 00:00:00+08:00,10911.74,10938.63,10833.81,10833.81,2510000
2018-05-18 00:00:00+08:00,10844.09,10893.35,10819.07,10830.84,2570800
2018-05-21 00:00:00+08:00,10861.66,10979.1,10861.66,10966.2,2401700
2018-05-22 00:00:00+08:00,10986.77,11034.12,10938.73,10938.73,2535800
2018-05-23 00:00:00+08:00,10974.52,10991.86,10886.18,10886.18,2468500
2018-05-24 00:00:00+08:00,10910.61,10942.64,10883.52,10936.93,2239900
2018-05-25 00:00:00+08:00,10946.62,10977.81,10918.12,10942.3,2219900
2018-05-28 00:00:00+08:00,10976.49,10999.43,10965.18,10987.77,2463800
2018-05-29 00:00:00+08:00,10979.68,10986.53,10929.56,10964.12,2424700
2018-05-30 00:00:00+08:00,10925.21,10925.21,10799.75,10821.17,3159000
2018-05-31 00:00:00+08:00,10856.03,10909.61,10853.65,10874.96,4494100
2018-06-01 00:00:00+08:00,10882.68,10954.67,10876.97,10949.08,2817400
2018-06-04 00:00:00+08:00,11002.15,11109.5,11002.15,11109.5,2890900
2018-06-05 00:00:00+08:00,11130.03,11131.08,11054.62,11100.11,3024000
2018-06-06 00:00:00+08:00,11111.14,11207.15,11111.14,11201.83,3038200
2018-06-07 00:00:00+08:00,11228.64,11261.68,11188.99,11251.75,3563000
2018-06-08 00:00:00+08:00,11243.59,11243.59,11122.98,11156.42,2935100
2018-06-11 00:00:00+08:00,11168.99,11186.67,11118.81,11149.23,2763200
2018-06-12 00:00:00+08:00,11140.02,11160.05,11088.53,11144.79,3009100
2018-06-13 00:00:00+08:00,11153.2,11188.01,11119.24,11173.21,3259400
2018-06-14 00:00:00+08:00,11143.04,11143.04,11013.98,11013.98,3145600
2018-06-15 00:00:00+08:00,10998.2,11087.47,10981.61,11087.47,3547100
2018-06-19 00:00:00+08:00,11008.77,11008.77,10904.19,10904.19,3158000
2018-06-20 00:00:00+08:00,10904.8,10969.2,10842.56,10927.44,3060000
2018-06-21 00:00:00+08:00,10949.85,10992.31,10941.07,10941.07,2522200
2018-06-22 00:00:00+08:00,10901.25,10914.83,10828.86,10899.28,2733900
2018-06-25 00:00:00+08:00,10834.07,10851.16,10786.46,10786.46,2393700
2018-06-26 00:00:00+08:00,10730.9,10752.99,10651.42,10742.17,2616000
2018-06-27 00:00:00+08:00,10766.88,10800.34,10701.03,10701.03,2357900
2018-06-28 00:00:00+08:00,10669.42,10723.84,10633.01,10654.28,2259600
2018-06-29 00:00:00+08:00,10667.64,10836.91,10667.64,10836.91,2256100
2018-07-02 00:00:00+08:00,10852.17,10886.2,10777.94,10777.94,2244500
2018-07-03 00:00:00+08:00,10802.88,10873.48,10707.68,10715.72,2685900
2018-07-04 00:00:00+08:00,10714.25,10752.05,10680.44,10721.87,2081200
2018-07-05 00:00:00+08:00,10690.91,10709.8,10585.27,10611.81,2075800
2018-07-06 00:00:00+08:00,10645.66,10665.72,10523.58,10608.57,2613100
2018-07-09 00:00:00+08:00,10638.9,10746.74,10638.9,10720.28,2329300
2018-07-10 00:00:00+08:00,10737.62,10776.47,10728.24,10756.89,2427500
2018-07-11 00:00:00+08:00,10693.64,10693.64,10635.03,10676.84,2140700
2018-07-12 00:00:00+08:00,10644.91,10752.57,10643.65,10738.38,2053500
2018-07-13 00:00:00+08:00,10769.7,10864.54,10769.7,10864.54,2134000
2018-07-16 00:00:00+08:00,10867.97,10890.2,10817.45,10817.45,1889400
2018-07-17 00:00:00+08:00,10802.75,10818.84,10758.83,10778.99,2029100
2018-07-18 00:00:00+08:00,10811.43,10872.74,10788.37,10842.46,2388600
2018-07-19 00:00:00+08:00,10868.56,10896.25,10826.14,10835.38,2052700
2018-07-20 00:00:00+08:00,10932.51,10963.95,10893.73,10932.11,2245800
2018-07-23 00:00:00+08:00,10929.46,10984.84,10901.75,10946.89,2153400
2018-07-24 00:00:00+08:00,10937.77,10995.39,10917.61,10995.39,2213600
2018-07-25 00:00:00+08:00,10957.66,10992.29,10956.0,10965.79,1970700
2018-07-26 00:00:00+08:00,10969.35,11018.19,10966.33,11010.61,2336000
2018-07-27 00:00:00+08:00,11023.07,11075.78,11009.16,11075.78,2230900
2018-07-30 00:00:00+08:00,11072.7,11080.41,11001.15,11033.54,2141500
2018-07-31 00:00:00+08:00,10997.73,11057.51,10976.46,11057.51,2513500
2018-08-01 00:00:00+08:00,11062.36,11100.02,11058.28,11098.13,2144000
2018-08-02 00:00:00+08:00,11095.67,11095.67,10919.13,10929.77,2168200
2018-08-03 00:00:00+08:00,10957.3,11012.43,10957.3,11012.43,1956900
2018-08-06 00:00:00+08:00,10997.26,11054.49,10994.97,11024.1,1896400
2018-08-07 00:00:00+08:00,11024.97,11030.09,10983.44,10983.44,1987900
2018-08-08 00:00:00+08:00,11026.07,11095.5,11026.07,11075.25,2141000
2018-08-09 00:00:00+08:00,11063.62,11063.62,11001.96,11028.07,2004300
2018-08-10 00:00:00+08:00,11009.96,11033.89,10972.25,10983.68,2143300
2018-08-13 00:00:00+08:00,10939.68,10939.68,10693.73,10748.92,2883800
2018-08-14 00:00:00+08:00,10797.95,10829.85,10755.53,10824.23,2280700
2018-08-15 00:00:00+08:00,10827.28,10827.28,10688.59,10716.75,2450800
2018-08-16 00:00:00+08:00,10663.57,10725.71,10606.26,10683.9,2348700
2018-08-17 00:00:00+08:00,10702.6,10757.01,10688.55,10690.96,2069100
2018-08-20 00:00:00+08:00,10698.76,10729.9,10663.44,10699.05,2057400
2018-08-21 00:00:00+08:00,10697.01,10792.2,10697.01,10792.2,1972500
2018-08-22 00:00:00+08:00,10790.24,10828.21,10774.69,10804.2,2018400
2018-08-23 00:00:00+08:00,10817.33,10863.13,10802.79,10863.13,1938600
2018-08-24 00:00:00+08:00,10865.91,10865.91,10770.32,10809.35,1748700
2018-08-27 00:00:00+08:00,10847.17,10916.69,10847.17,10902.21,1710800
2018-08-28 00:00:00+08:00,10946.33,11005.55,10946.33,10989.55,1940600
2018-08-29 00:00:00+08:00,11029.12,11099.57,11029.11,11099.57,1822900
2018-08-30 00:00:00+08:00,11153.97,11186.05,11080.07,11093.75,1915800
2018-08-31 00:00:00+08:00,11037.26,11063.94,10987.68,11063.94,2081900
2018-09-03 00:00:00+08:00,11087.86,11097.11,10952.85,10964.22,1897900
2018-09-04 00:00:00+08:00,10981.39,11028.27,10956.49,11021.38,1653400
2018-09-05 00:00:00+08:00,11042.41,11058.06,10989.93,10995.13,1898700
2018-09-06 00:00:00+08:00,11016.92,11016.92,10905.34,10924.3,2038400
2018-09-07 00:00:00+08:00,10922.55,10922.55,10807.56,10846.99,2491300
2018-09-10 00:00:00+08:00,10869.8,10877.72,10689.29,10725.8,2600600
2018-09-11 00:00:00+08:00,10723.0,10765.42,10669.59,10752.3,2098700
2018-09-12 00:00:00+08:00,10762.91,10779.93,10667.25,10722.57,1938500
2018-09-13 00:00:00+08:00,10726.67,10758.84,10701.25,10727.23,1811500
2018-09-14 00:00:00+08:00,10776.53,10882.04,10770.47,10868.14,2068800
2018-09-17 00:00:00+08:00,10881.78,10883.98,10806.73,10828.61,1698100
2018-09-18 00:00:00+08:00,10794.22,10806.56,10750.81,10760.21,1938500
2018-09-19 00:00:00+08:00,10808.5,10882.75,10808.5,10857.27,1999200
2018-09-20 00:00:00+08:00,10886.19,10908.36,10814.54,10831.41,2090900
2018-09-21 00:00:00+08:00,10857.1,10972.41,10835.84,10972.41,2539000
2018-09-25 00:00:00+08:00,10959.56,11003.49,10941.77,10978.85,1987200
2018-09-26 00:00:00+08:00,10974.08,11007.35,10947.29,10974.19,1855200
2018-09-27 00:00:00+08:00,10973.77,11051.09,10961.27,11034.19,2089800
2018-09-28 00:00:00+08:00,11050.09,11073.95,10966.96,11006.34,2192700
2018-10-01 00:00:00+08:00,11014.19,11062.43,11012.95,11051.8,1646700
2018-10-02 00:00:00+08:00,11048.89,11064.34,10906.42,10919.63,1802400
2018-10-03 00:00:00+08:00,10918.74,10926.73,10839.46,10863.94,1696000
2018-10-04 00:00:00+08:00,10826.19,10826.19,10707.76,10718.91,1874000
2018-10-05 00:00:00+08:00,10665.29,10669.63,10446.94,10517.12,2735700
2018-10-08 00:00:00+08:00,10467.85,10507.83,10403.13,10455.93,1796600
2018-10-09 00:00:00+08:00,10464.39,10503.1,10428.97,10466.83,2097200
2018-10-11 00:00:00+08:00,10272.04,10272.04,9797.93,9806.11,4348500
2018-10-12 00:00:00+08:00,9811.58,10046.01,9740.76,10045.81,2724400
2018-10-15 00:00:00+08:00,9989.63,9989.63,9890.47,9901.12,2044700
2018-10-16 00:00:00+08:00,9891.97,10011.19,9888.73,9981.1,1888800
2018-10-17 00:00:00+08:00,10048.43,10127.01,9978.25,9979.14,1856700
2018-10-18 00:00:00+08:00,9975.46,10019.5,9919.79,9953.73,1611800
2018-10-19 00:00:00+08:00,9879.47,9919.26,9762.91,9919.26,2417000
2018-10-22 00:00:00+08:00,9871.3,9984.15,9822.15,9974.28,1481700
2018-10-23 00:00:00+08:00,9912.28,9912.28,9775.2,9775.2,1711300
2018-10-24 00:00:00+08:00,9774.29,9809.19,9667.85,9759.4,2135200
2018-10-25 00:00:00+08:00,9622.95,9622.95,9475.61,9520.79,2456900
2018-10-26 00:00:00+08:00,9570.19,9629.07,9400.69,9489.18,2247500
2018-10-29 00:00:00+08:00,9515.43,9554.35,9459.12,9516.32,1787600
2018-10-30 00:00:00+08:00,9508.81,9574.83,9481.66,9526.11,1671600
2018-10-31 00:00:00+08:00,9588.86,9802.13,9588.86,9802.13,2211300
2018-11-01 00:00:00+08:00,9812.2,9869.59,9742.61,9844.74,1992200
2018-11-02 00:00:00+08:00,9871.4,9906.59,9817.29,9906.59,2238700
2018-11-05 00:00:00+08:00,9856.85,9889.81,9786.25,9889.81,1847700
2018-11-06 00:00:00+08:00,9888.41,9899.97,9782.86,9824.95,1984100
2018-11-07 00:00:00+08:00,9818.15,9912.53,9817.95,9908.35,1867900
2018-11-08 00:00:00+08:00,9958.47,10014.42,9938.55,9945.31,2038400
2018-11-09 00:00:00+08:00,9921.78,9921.78,9798.45,9830.01,1597500
2018-11-12 00:00:00+08:00,9806.8,9875.84,9764.46,9831.21,1553300
2018-11-13 00:00:00+08:00,9727.17,9777.35,9616.16,9775.84,1893900
2018-11-14 00:00:00+08:00,9799.69,9823.25,9763.89,9791.88,1936800
2018-11-15 00:00:00+08:00,9806.58,9844.39,9755.12,9826.46,1981500
2018-11-16 00:00:00+08:00,9819.05,9851.29,9770.87,9797.09,2128300
2018-11-19 00:00:00+08:00,9795.47,9836.02,9779.4,9828.69,1612100
2018-11-20 00:00:00+08:00,9788.95,9800.03,9726.8,9743.99,1494300
2018-11-21 00:00:00+08:00,9698.52,9753.69,9632.47,9741.52,1656500
2018-11-22 00:00:00+08:00,9769.33,9792.99,9702.77,9714.71,1653700
2018-11-23 00:00:00+08:00,9730.64,9738.8,9654.91,9667.3,1478500
2018-11-26 00:00:00+08:00,9679.98,9847.35,9679.98,9765.36,1721700
2018-11-27 00:00:00+08:00,9728.95,9781.4,9688.74,9778.62,1887000
2018-11-28 00:00:00+08:00,9774.03,9890.89,9767.14,9884.31,2320700
2018-11-29 00:00:00+08:00,9959.87,10001.85,9885.36,9885.36,2548900
2018-11-30 00:00:00+08:00,9899.24,9957.63,9888.03,9888.03,3655700
2018-12-03 00:00:00+08:00,9979.21,10148.75,9979.21,10137.87,3055000
2018-12-04 00:00:00+08:00,10120.43,10126.02,10061.7,10083.54,2576200
2018-12-05 00:00:00+08:00,9971.98,9971.98,9895.29,9916.74,2025400
2018-12-06 00:00:00+08:00,9850.08,9850.08,9664.75,9684.72,2658000
2018-12-07 00:00:00+08:00,9719.46,9785.2,9719.46,9760.88,1716300
2018-12-10 00:00:00+08:00,9722.97,9722.97,9626.47,9647.54,1868800
2018-12-11 00:00:00+08:00,9661.72,9720.96,9661.72,9707.04,1768400
2018-12-12 00:00:00+08:00,9741.45,9835.56,9741.45,9816.45,1860200
2018-12-13 00:00:00+08:00,9827.32,9871.96,9815.5,9858.76,2034600
2018-12-14 00:00:00+08:00,9818.95,9818.95,9718.94,9774.16,1837600
2018-12-17 00:00:00+08:00,9762.49,9826.88,9733.98,9787.53,1597900
2018-12-18 00:00:00+08:00,9756.46,9756.67,9701.1,9718.82,1881600
2018-12-19 00:00:00+08:00,9720.92,9783.21,9720.92,9783.21,1782800
2018-12-20 00:00:00+08:00,9729.29,9741.55,9658.5,9674.52,1696500
2018-12-21 00:00:00+08:00,9648.98,9683.95,9585.32,9676.67,2087300
2018-12-24 00:00:00+08:00,9646.53,9658.95,9613.29,9639.7,1385100
2018-12-25 00:00:00+08:00,9559.7,9559.7,9479.06,9527.09,1458500
2018-12-26 00:00:00+08:00,9544.87,9591.91,9473.3,9478.99,1299700
2018-12-27 00:00:00+08:00,9555.01,9670.97,9555.01,9641.56,1511100
2018-12-28 00:00:00+08:00,9649.97,9727.41,9630.77,9727.41,1411300
2019-01-02 00:00:00+08:00,9725.27,9737.68,9542.52,9554.14,1239100
2019-01-03 00:00:00+08:00,9494.25,9554.53,9474.47,9492.42,1560800
2019-01-04 00:00:00+08:00,9427.24,9427.24,9319.28,9382.51,1842100
2019-01-07 00:00:00+08:00,9460.2,9596.35,9460.2,9590.3,1722300
2019-01-08 00:00:00+08:00,9591.56,9600.94,9547.63,9563.6,1423100
2019-01-09 00:00:00+08:00,9584.63,9741.64,9584.63,9738.31,2281800
2019-01-10 00:00:00+08:00,9731.11,9731.11,9683.2,9720.69,1609200
2019-01-11 00:00:00+08:00,9753.63,9796.98,9736.0,9759.4,1618600
2019-01-14 00:00:00+08:00,9737.67,9762.37,9677.49,9708.22,1356000
2019-01-15 00:00:00+08:00,9701.93,9806.04,9701.93,9806.04,1709500
2019-01-16 00:00:00+08:00,9781.35,9803.99,9763.81,9763.81,1796800
2019-01-17 00:00:00+08:00,9773.31,9826.25,9759.51,9789.15,1634200
2019-01-18 00:00:00+08:00,9781.39,9842.8,9771.15,9836.06,1545600
2019-01-21 00:00:00+08:00,9870.27,9919.94,9870.27,9889.4,1593600
2019-01-22 00:00:00+08:00,9880.54,9894.66,9855.47,9894.66,1408000
2019-01-23 00:00:00+08:00,9869.54,9873.39,9828.03,9846.4,1140300
2019-01-24 00:00:00+08:00,9865.0,9892.82,9847.32,9877.12,1452000
2019-01-25 00:00:00+08:00,9923.39,9980.08,9918.21,9969.61,1944600
2019-01-28 00:00:00+08:00,10006.46,10020.6,9990.07,10013.33,1656900
2019-01-29 00:00:00+08:00,9944.71,9952.34,9893.96,9931.59,1647200
2019-01-30 00:00:00+08:00,9915.97,9959.03,9909.81,9932.26,1981800
2019-02-11 00:00:00+08:00,10029.84,10065.52,9988.83,10004.25,2320500
2019-02-12 00:00:00+08:00,10032.08,10100.23,10032.08,10097.74,2264900
2019-02-13 00:00:00+08:00,10123.61,10140.98,10074.34,10090.58,2455200
2019-02-14 00:00:00+08:00,10095.99,10135.62,10082.0,10089.01,2140200
2019-02-15 00:00:00+08:00,10111.18,10135.16,10055.5,10064.78,2137700
2019-02-18 00:00:00+08:00,10096.94,10165.77,10096.94,10145.28,1911900
2019-02-19 00:00:00+08:00,10152.11,10173.47,10143.15,10152.26,1765600
2019-02-20 00:00:00+08:00,10181.94,10272.46,10181.94,10272.46,2246700
2019-02-21 00:00:00+08:00,10282.32,10319.53,10256.53,10319.53,2282400
2019-02-22 00:00:00+08:00,10309.02,10322.92,10269.95,10322.92,2188700
2019-02-25 00:00:00+08:00,10343.45,10390.93,10343.45,10390.93,2325300
2019-02-26 00:00:00+08:00,10403.03,10416.91,10368.86,10391.55,2295000
2019-02-27 00:00:00+08:00,10385.81,10403.05,10343.56,10389.17,2510800
2019-03-04 00:00:00+08:00,10385.25,10402.39,10313.18,10349.88,2273800
2019-03-05 00:00:00+08:00,10323.25,10334.34,10295.44,10305.26,1773500
2019-03-06 00:00:00+08:00,10328.18,10359.12,10327.9,10357.15,1865800
2019-03-07 00:00:00+08:00,10359.47,10367.98,10299.46,10311.68,2007700
2019-03-08 00:00:00+08:00,10274.28,10274.28,10204.21,10241.75,1780600
2019-03-11 00:00:00+08:00,10224.27,10269.3,10214.02,10250.28,1774800
2019-03-12 00:00:00+08:00,10294.37,10382.12,10294.37,10343.33,1970500
2019-03-13 00:00:00+08:00,10331.27,10373.32,10331.27,10373.32,1810600
2019-03-14 00:00:00+08:00,10391.3,10407.27,10339.64,10348.65,2101900
2019-03-15 00:00:00+08:00,10374.66,10439.24,10370.0,10439.24,2821000
2019-03-18 00:00:00+08:00,10455.19,10512.7,10445.74,10512.7,2211800
2019-03-19 00:00:00+08:00,10497.4,10525.6,10484.69,10512.32,2284300
2019-03-20 00:00:00+08:00,10529.3,10556.81,10506.96,10551.56,2260000
2019-03-21 00:00:00+08:00,10563.93,10612.34,10551.67,10609.55,2137700
2019-03-22 00:00:00+08:00,10642.57,10667.94,10589.47,10639.07,2427100
2019-03-25 00:00:00+08:00,10535.12,10535.12,10458.79,10479.48,2215900
2019-03-26 00:00:00+08:00,10506.68,10559.2,10506.68,10559.2,1978500
2019-03-27 00:00:00+08:00,10542.68,10556.75,10515.86,10542.7,1974900
2019-03-28 00:00:00+08:00,10529.02,10536.26,10499.29,10536.26,1931300
2019-03-29 00:00:00+08:00,10551.99,10641.04,10525.27,10641.04,2220600
2019-04-01 00:00:00+08:00,10714.68,10735.07,10627.01,10642.63,2667600
2019-04-02 00:00:00+08:00,10695.47,10728.38,10685.1,10690.3,2311900
2019-04-03 00:00:00+08:00,10725.17,10741.56,10690.23,10704.38,2223400
2019-04-08 00:00:00+08:00,10759.96,10807.05,10759.96,10800.57,2775100
2019-04-09 00:00:00+08:00,10805.39,10851.6,10793.77,10851.6,2515400
2019-04-10 00:00:00+08:00,10839.93,10875.65,10815.61,10868.14,2380600
2019-04-11 00:00:00+08:00,10869.24,10887.12,10797.76,10808.77,2465900
2019-04-12 00:00:00+08:00,10820.94,10836.44,10782.02,10805.3,2240000
2019-04-15 00:00:00+08:00,10849.84,10897.21,10849.55,10875.6,2225000
2019-04-16 00:00:00+08:00,10905.63,10927.85,10876.34,10927.85,2542500
2019-04-17 00:00:00+08:00,10961.61,11016.92,10961.61,10997.26,2918400
2019-04-18 00:00:00+08:00,11038.24,11077.99,10926.85,10962.02,2903900
2019-04-19 00:00:00+08:00,11017.69,11045.08,10950.43,10968.5,2135400
2019-04-22 00:00:00+08:00,10994.52,11027.49,10974.82,10987.71,2117600
2019-04-23 00:00:00+08:00,10994.28,11025.68,10949.3,11025.68,1997200
2019-04-24 00:00:00+08:00,11054.02,11070.85,10995.83,11027.64,2158600
2019-04-25 00:00:00+08:00,11017.73,11046.77,11006.68,11039.86,2203500
2019-04-26 00:00:00+08:00,10986.53,10986.53,10906.44,10952.47,2174600
2019-04-29 00:00:00+08:00,10952.91,10992.55,10905.78,10939.06,2124700
2019-04-30 00:00:00+08:00,10945.94,10978.1,10910.78,10967.73,1865000
2019-05-02 00:00:00+08:00,10992.76,11046.64,10988.7,11004.49,1843600
2019-05-03 00:00:00+08:00,11037.99,11097.0,11018.86,11096.3,1868300
2019-05-06 00:00:00+08:00,11005.36,11005.36,10870.4,10897.12,2240200
2019-05-07 00:00:00+08:00,10913.95,11004.76,10913.95,10987.14,1781400
2019-05-08 00:00:00+08:00,10938.47,10946.82,10867.06,10923.71,1846400
2019-05-09 00:00:00+08:00,10910.47,10910.47,10732.97,10733.67,2458000
2019-05-10 00:00:00+08:00,10751.55,10834.69,10669.39,10712.99,2139200
2019-05-13 00:00:00+08:00,10684.04,10693.44,10549.06,10558.29,2021900
2019-05-14 00:00:00+08:00,10480.21,10544.97,10363.02,10519.25,2502400
2019-05-15 00:00:00+08:00,10535.24,10612.5,10535.24,10560.71,2024100
2019-05-16 00:00:00+08:00,10556.58,10573.93,10474.61,10474.61,2169600
2019-05-17 00:00:00+08:00,10508.56,10564.97,10384.11,10384.11,2375500
2019-05-20 00:00:00+08:00,10405.36,10465.84,10385.18,10398.41,1909200
2019-05-21 00:00:00+08:00,10362.35,10477.2,10342.32,10464.5,2268700
2019-05-22 00:00:00+08:00,10481.1,10520.62,10453.5,10457.22,1664400
2019-05-23 00:00:00+08:00,10404.0,10404.0,10289.69,10308.37,1960700
2019-05-24 00:00:00+08:00,10313.15,10370.97,10308.59,10328.28,1754200
2019-05-27 00:00:00+08:00,10344.18,10365.44,10305.28,10334.13,1661800
2019-05-28 00:00:00+08:00,10348.58,10361.61,10312.31,10312.31,3192400
2019-05-29 00:00:00+08:00,10277.35,10307.75,10227.44,10301.78,1853800
2019-05-30 00:00:00+08:00,10307.12,10384.36,10306.03,10382.99,1788400
2019-05-31 00:00:00+08:00,10386.12,10515.1,10369.02,10498.49,2168100
2019-06-03 00:00:00+08:00,10482.45,10511.2,10383.51,10500.07,1635900
2019-06-04 00:00:00+08:00,10499.51,10518.33,10421.81,10429.12,1621700
2019-06-05 00:00:00+08:00,10497.5,10541.29,10446.51,10461.62,1703200
2019-06-06 00:00:00+08:00,10409.9,10429.33,10371.08,10409.2,1716000
2019-06-10 00:00:00+08:00,10486.23,10566.47,10466.24,10566.47,1819200
2019-06-11 00:00:00+08:00,10567.54,10637.9,10548.06,10607.76,2350800
2019-06-12 00:00:00+08:00,10605.75,10630.69,10566.37,10615.66,2034500
2019-06-13 00:00:00+08:00,10582.19,10617.06,10539.49,10561.01,1685400
2019-06-14 00:00:00+08:00,10546.42,10568.92,10517.82,10524.67,1505300
2019-06-17 00:00:00+08:00,10488.7,10562.97,10474.19,10530.54,1444800
2019-06-18 00:00:00+08:00,10547.15,10573.77,10521.7,10566.74,1524200
2019-06-19 00:00:00+08:00,10650.48,10778.64,10650.48,10775.34,2370300
2019-06-20 00:00:00+08:00,10749.41,10799.14,10745.25,10785.01,2079800
2019-06-21 00:00:00+08:00,10817.71,10840.29,10773.47,10803.77,2780700
2019-06-24 00:00:00+08:00,10734.25,10786.33,10695.49,10779.45,1711700
2019-06-25 00:00:00+08:00,10777.18,10787.62,10693.04,10706.72,1790000
2019-06-26 00:00:00+08:00,10661.39,10690.98,10645.37,10652.55,1555600
2019-06-27 00:00:00+08:00,10674.2,10800.29,10674.2,10773.9,2226300
2019-06-28 00:00:00+08:00,10786.66,10788.08,10719.08,10730.83,1693000
2019-07-01 00:00:00+08:00,10821.3,10914.85,10821.3,10895.46,2277900
2019-07-02 00:00:00+08:00,10878.01,10888.21,10843.64,10865.12,2034200
2019-07-03 00:00:00+08:00,10793.1,10812.65,10720.66,10743.77,1875300
2019-07-04 00:00:00+08:00,10755.87,10791.28,10750.9,10775.9,1576600
2019-07-05 00:00:00+08:00,10785.85,10812.38,10756.67,10785.73,1573800
2019-07-08 00:00:00+08:00,10742.81,10781.11,10708.92,10751.22,1628900
2019-07-09 00:00:00+08:00,10729.83,10733.57,10680.85,10702.78,1723300
2019-07-10 00:00:00+08:00,10723.23,10810.16,10723.23,10798.48,2038800
2019-07-11 00:00:00+08:00,10817.6,10856.51,10799.65,10843.42,2378800
2019-07-12 00:00:00+08:00,10855.16,10867.59,10823.89,10824.35,2352200
2019-07-15 00:00:00+08:00,10819.92,10880.56,10769.57,10876.43,2211100
2019-07-16 00:00:00+08:00,10865.0,10899.84,10865.0,10886.05,2352100
2019-07-17 00:00:00+08:00,10861.11,10861.11,10804.34,10828.48,2420400
2019-07-18 00:00:00+08:00,10821.92,10835.43,10792.27,10799.28,2208600
2019-07-19 00:00:00+08:00,10861.99,10919.96,10861.99,10873.19,2136100
2019-07-22 00:00:00+08:00,10910.5,10949.76,10909.15,10944.53,2145600
2019-07-23 00:00:00+08:00,10963.86,10994.44,10932.53,10947.26,2326900
2019-07-24 00:00:00+08:00,10969.74,10976.46,10912.92,10935.76,2400800
2019-07-25 00:00:00+08:00,10892.25,10945.92,10879.4,10941.41,2543700
2019-07-26 00:00:00+08:00,10898.25,10907.44,10879.24,10891.98,2243400
2019-07-29 00:00:00+08:00,10872.63,10905.74,10863.33,10885.73,2149500
2019-07-30 00:00:00+08:00,10909.98,10927.16,10827.74,10830.9,2415700
2019-07-31 00:00:00+08:00,10824.15,10835.8,10754.07,10823.81,2427500
2019-08-01 00:00:00+08:00,10773.06,10773.25,10714.73,10731.75,2335400
2019-08-02 00:00:00+08:00,10641.28,10641.28,10524.68,10549.04,2828900
2019-08-05 00:00:00+08:00,10528.87,10542.49,10418.25,10423.41,2297300
2019-08-06 00:00:00+08:00,10304.88,10425.6,10180.04,10394.75,2451800
2019-08-07 00:00:00+08:00,10422.89,10461.37,10366.54,10386.18,2041200
2019-08-08 00:00:00+08:00,10383.62,10500.77,10383.62,10494.49,2086500
2019-08-12 00:00:00+08:00,10491.79,10514.05,10440.77,10472.36,2361300
2019-08-13 00:00:00+08:00,10436.62,10436.62,10361.89,10362.66,2269300
2019-08-14 00:00:00+08:00,10444.5,10518.02,10427.73,10427.73,2618400
2019-08-15 00:00:00+08:00,10374.75,10374.75,10287.76,10327.13,2414000
2019-08-16 00:00:00+08:00,10345.42,10456.32,10318.37,10420.89,2566100
2019-08-19 00:00:00+08:00,10449.39,10516.05,10449.39,10488.75,2353800
2019-08-20 00:00:00+08:00,10508.42,10538.12,10497.13,10522.5,2290800
2019-08-21 00:00:00+08:00,10526.87,10545.25,10504.49,10525.8,2139300
2019-08-22 00:00:00+08:00,10560.01,10596.41,10515.72,10529.78,2281400
2019-08-23 00:00:00+08:00,10526.15,10541.73,10503.07,10538.11,1896100
2019-08-26 00:00:00+08:00,10453.4,10453.4,10340.15,10354.57,2015700
2019-08-27 00:00:00+08:00,10386.21,10431.78,10368.96,10387.23,2298800
2019-08-28 00:00:00+08:00,10397.6,10456.3,10397.6,10434.29,1678300
2019-08-29 00:00:00+08:00,10440.15,10466.99,10406.49,10462.43,2063000
2019-08-30 00:00:00+08:00,10504.28,10618.05,10504.28,10618.05,2823700
2019-09-02 00:00:00+08:00,10613.19,10634.85,10589.42,10634.85,2078600
2019-09-03 00:00:00+08:00,10629.22,10650.15,10557.03,10558.21,1997000
2019-09-04 00:00:00+08:00,10566.32,10670.43,10566.32,10657.31,2090600
2019-09-05 00:00:00+08:00,10718.4,10766.6,10714.27,10756.93,2805200
2019-09-06 00:00:00+08:00,10783.46,10803.07,10753.45,10780.64,2376200
2019-09-10 00:00:00+08:00,10791.95,10810.03,10732.78,10753.58,2275000
2019-09-11 00:00:00+08:00,10787.65,10815.59,10746.87,10790.35,2151800
2019-09-12 00:00:00+08:00,10830.25,10862.68,10804.02,10827.55,2035900
2019-09-16 00:00:00+08:00,10822.69,10898.13,10822.69,10898.13,2107200
2019-09-17 00:00:00+08:00,10908.85,10912.23,10866.43,10874.5,2104900
2019-09-18 00:00:00+08:00,10887.42,10971.54,10878.34,10929.45,2121900
2019-09-19 00:00:00+08:00,10947.62,10954.18,10874.66,10894.7,1876200
2019-09-20 00:00:00+08:00,10908.1,10931.76,10903.45,10929.69,2822000
2019-09-23 00:00:00+08:00,10924.81,10948.19,10905.92,10919.02,1996500
2019-09-24 00:00:00+08:00,10917.44,10947.53,10886.62,10918.01,2057900
2019-09-25 00:00:00+08:00,10885.67,10885.67,10825.85,10873.69,1969200
2019-09-26 00:00:00+08:00,10909.57,10934.91,10856.96,10871.99,1930900
2019-09-27 00:00:00+08:00,10904.0,10921.17,10827.61,10829.68,2084900
2019-10-01 00:00:00+08:00,10855.6,10967.65,10855.6,10967.65,2028800
2019-10-02 00:00:00+08:00,10945.92,10965.2,10927.39,10947.88,1628000
2019-10-03 00:00:00+08:00,10866.5,10888.4,10809.28,10875.91,1753500
2019-10-04 00:00:00+08:00,10907.69,10941.49,10854.12,10894.48,1759200
2019-10-07 00:00:00+08:00,10932.24,10954.45,10919.43,10935.06,1617600
2019-10-08 00:00:00+08:00,10986.01,11020.51,10986.01,11017.31,1872400
2019-10-09 00:00:00+08:00,10976.93,10989.39,10889.96,10889.96,1941600
2019-10-14 00:00:00+08:00,11004.74,11085.49,11004.74,11066.95,2395500
2019-10-15 00:00:00+08:00,11103.5,11126.45,11091.29,11111.8,2031800
2019-10-16 00:00:00+08:00,11166.17,11180.11,11113.18,11162.83,2346500
2019-10-17 00:00:00+08:00,11156.14,11186.88,11131.45,11186.88,2151300
2019-10-18 00:00:00+08:00,11190.21,11237.38,11154.86,11180.22,2561700
2019-10-21 00:00:00+08:00,11166.24,11188.13,11147.86,11184.15,1760000
2019-10-22 00:00:00+08:00,11221.19,11271.25,11218.25,11271.25,2112800
2019-10-23 00:00:00+08:00,11266.18,11281.12,11209.1,11239.67,2304700
2019-10-24 00:00:00+08:00,11266.84,11320.14,11254.59,11320.14,2106800
2019-10-25 00:00:00+08:00,11336.64,11347.18,11281.37,11296.12,1966200
2019-10-28 00:00:00+08:00,11321.99,11341.03,11295.44,11315.02,1737800
2019-10-29 00:00:00+08:00,11347.39,11373.95,11292.83,11333.87,2228000
2019-10-30 00:00:00+08:00,11336.97,11380.28,11306.95,11380.28,1993100
2019-10-31 00:00:00+08:00,11393.68,11428.42,11358.71,11358.71,2507400
2019-11-01 00:00:00+08:00,11373.7,11399.53,11335.51,11399.53,1920500
2019-11-04 00:00:00+08:00,11451.72,11559.07,11451.72,11556.85,2378900
2019-11-05 00:00:00+08:00,11576.18,11644.03,11576.18,11644.03,2333100
2019-11-06 00:00:00+08:00,11645.08,11668.2,11601.7,11653.07,2666600
2019-11-07 00:00:00+08:00,11642.91,11647.47,11552.08,11606.56,2358500
2019-11-08 00:00:00+08:00,11620.89,11642.41,11561.31,11579.54,2109500
2019-11-11 00:00:00+08:00,11570.33,11570.33,11409.83,11427.28,2387200
2019-11-12 00:00:00+08:00,11463.33,11520.37,11459.68,11520.37,2003100
2019-11-13 00:00:00+08:00,11483.24,11509.37,11439.09,11467.83,1957000
2019-11-14 00:00:00+08:00,11488.74,11498.25,11424.77,11450.42,2312000
2019-11-15 00:00:00+08:00,11485.46,11552.25,11485.46,11525.6,2446300
2019-11-18 00:00:00+08:00,11543.8,11599.78,11532.97,11599.78,1943800
2019-11-19 00:00:00+08:00,11608.48,11656.4,11576.79,11656.4,1908800
2019-11-20 00:00:00+08:00,11645.73,11649.07,11591.73,11631.2,1896800
2019-11-21 00:00:00+08:00,11573.84,11573.84,11478.43,11558.27,1861200
2019-11-22 00:00:00+08:00,11556.75,11577.02,11534.15,11566.8,1840600
2019-11-25 00:00:00+08:00,11590.81,11604.75,11559.33,11561.58,2150400
2019-11-26 00:00:00+08:00,11608.37,11642.96,11576.82,11576.82,3254400
2019-11-27 00:00:00+08:00,11590.81,11651.73,11590.81,11647.46,2166700
2019-11-28 00:00:00+08:00,11641.7,11654.06,11604.68,11617.08,1977000
2019-11-29 00:00:00+08:00,11616.88,11623.59,11485.16,11489.57,2296900
2019-12-02 00:00:00+08:00,11509.94,11524.85,11454.38,11502.83,2131300
2019-12-03 00:00:00+08:00,11473.32,11531.58,11460.06,11531.58,1884000
2019-12-04 00:00:00+08:00,11511.82,11513.83,11457.43,11510.47,0
2019-12-05 00:00:00+08:00,11546.75,11604.39,11546.75,11594.65,0
2019-12-06 00:00:00+08:00,11639.8,11657.65,11577.83,11609.64,1975900
2019-12-09 00:00:00+08:00,11635.47,11678.36,11631.03,11660.77,0
2019-12-10 00:00:00+08:00,11647.78,11649.73,11607.26,11627.84,0
2019-12-11 00:00:00+08:00,11635.07,11700.77,11622.58,11700.77,2258900
2019-12-12 00:00:00+08:00,11766.98,11875.98,11766.98,11836.42,2486200
2019-12-13 00:00:00+08:00,11937.9,11990.78,11913.02,11927.73,2969000
2019-12-16 00:00:00+08:00,11915.61,11975.73,11915.61,11939.77,2643500
2019-12-17 00:00:00+08:00,11939.62,12097.01,11939.62,12097.01,2495800
2019-12-18 00:00:00+08:00,12061.1,12125.9,12059.92,12122.45,0
2019-12-19 00:00:00+08:00,12082.98,12111.77,12008.16,12018.9,2236200
2019-12-20 00:00:00+08:00,12001.56,12028.22,11937.45,11959.08,2649800
2019-12-23 00:00:00+08:00,11969.14,12022.23,11960.21,12022.23,1907900
2019-12-24 00:00:00+08:00,12023.79,12027.6,11976.38,11976.38,1724100
2019-12-25 00:00:00+08:00,11978.94,12032.37,11973.95,12008.13,1518600
2019-12-26 00:00:00+08:00,12018.38,12030.66,11982.64,12001.01,1618300
2019-12-27 00:00:00+08:00,12032.72,12093.02,12032.72,12091.59,1868500
2019-12-30 00:00:00+08:00,12094.81,12114.89,12046.22,12053.37,1890200
2019-12-31 00:00:00+08:00,12019.19,12047.75,11997.14,11997.14,1742700
2020-01-02 00:00:00+08:00,12026.5,12110.74,12026.23,12100.48,2023800
2020-01-03 00:00:00+08:00,12167.44,12197.64,12023.6,12110.43,2572900
2020-01-06 00:00:00+08:00,12035.71,12040.08,11953.36,11953.36,2345200
2020-01-07 00:00:00+08:00,11961.97,11986.03,11822.4,11880.32,2338400
2020-01-08 00:00:00+08:00,11818.76,11899.67,11777.45,11817.1,2428800
2020-01-09 00:00:00+08:00,11889.46,11992.55,11889.46,11970.63,2036900
2020-01-10 00:00:00+08:00,12009.27,12038.21,11959.06,12024.65,1869000
2020-01-13 00:00:00+08:00,12069.61,12113.42,12037.24,12113.42,2292300
2020-01-14 00:00:00+08:00,12161.73,12186.62,12140.27,12179.81,2255300
2020-01-15 00:00:00+08:00,12169.92,12169.92,12048.01,12091.88,1943800
2020-01-16 00:00:00+08:00,12006.08,12075.54,12006.08,12066.93,2049000
2020-01-17 00:00:00+08:00,12080.72,12117.55,12055.91,12090.29,2009700
2020-01-20 00:00:00+08:00,12107.56,12151.42,12101.55,12118.71,2095100
2020-01-30 00:00:00+08:00,11933.23,11933.23,11418.22,11421.74,4917300
2020-01-31 00:00:00+08:00,11494.03,11594.21,11436.95,11495.1,3130700
2020-02-03 00:00:00+08:00,11365.9,11365.9,11138.03,11354.92,3472200
2020-02-04 00:00:00+08:00,11399.46,11581.36,11393.03,11555.92,2731100
2020-02-05 00:00:00+08:00,11601.55,11620.42,11512.71,11573.62,2624400
2020-02-06 00:00:00+08:00,11605.11,11749.68,11605.11,11749.68,2305400
2020-02-07 00:00:00+08:00,11712.71,11712.71,11592.09,11612.81,2182700
2020-02-10 00:00:00+08:00,11514.72,11598.03,11423.34,11574.07,2328300
2020-02-11 00:00:00+08:00,11614.25,11678.58,11614.25,11664.04,1845400
2020-02-12 00:00:00+08:00,11693.4,11801.52,11693.4,11774.19,2120500
2020-02-13 00:00:00+08:00,11813.5,11854.98,11784.94,11791.78,2132400
2020-02-14 00:00:00+08:00,11806.52,11840.79,11788.87,11815.7,1697100
2020-02-17 00:00:00+08:00,11770.3,11775.56,11724.82,11763.51,1837200
2020-02-18 00:00:00+08:00,11700.91,11717.1,11642.95,11648.98,1882600
2020-02-19 00:00:00+08:00,11655.37,11783.43,11654.16,11758.84,2169000
2020-02-20 00:00:00+08:00,11785.78,11827.83,11714.15,11725.09,2035400
2020-02-21 00:00:00+08:00,11721.16,11755.17,11661.63,11686.35,1952700
2020-02-24 00:00:00+08:00,11615.28,11615.28,11512.08,11534.87,2347100
2020-02-25 00:00:00+08:00,11506.74,11567.09,11415.47,11540.23,2158400
2020-02-26 00:00:00+08:00,11468.6,11494.22,11408.06,11433.62,2640000
2020-02-27 00:00:00+08:00,11436.96,11470.23,11274.52,11292.17,3360600
2020-03-02 00:00:00+08:00,11184.66,11282.05,11049.85,11170.46,3204100
2020-03-03 00:00:00+08:00,11279.86,11390.24,11279.86,11327.72,2572300
2020-03-04 00:00:00+08:00,11368.25,11392.35,11297.81,11392.35,2245300
2020-03-05 00:00:00+08:00,11454.65,11525.32,11454.65,11514.82,2291000
2020-03-06 00:00:00+08:00,11471.36,11471.36,11310.32,11321.81,2518500
2020-03-09 00:00:00+08:00,11221.76,11221.76,10977.64,10977.64,3897400
2020-03-10 00:00:00+08:00,10907.62,11032.47,10830.22,11003.54,3544100
2020-03-11 00:00:00+08:00,11022.82,11088.23,10885.91,10893.75,2804700
2020-03-12 00:00:00+08:00,10845.39,10845.39,10359.67,10422.32,4844200
2020-03-13 00:00:00+08:00,10091.03,10171.2,9636.15,10128.87,5906200
2020-03-16 00:00:00+08:00,10069.42,10130.8,9717.77,9717.77,3783600
2020-03-17 00:00:00+08:00,9538.64,9677.07,9371.35,9439.63,4504100
2020-03-18 00:00:00+08:00,9453.98,9509.61,9218.67,9218.67,3991000
2020-03-19 00:00:00+08:00,9085.28,9085.28,8523.63,8681.34,5702600
2020-03-20 00:00:00+08:00,8816.86,9264.42,8816.86,9234.09,4683400
2020-03-23 00:00:00+08:00,9025.55,9029.52,8750.14,8890.03,136500
2020-03-24 00:00:00+08:00,9083.78,9415.64,9083.78,9285.62,2920600
2020-03-25 00:00:00+08:00,9426.43,9722.37,9426.43,9644.75,3565400
2020-03-26 00:00:00+08:00,9667.14,9739.73,9565.02,9736.36,2795400
2020-03-27 00:00:00+08:00,9807.9,9954.86,9691.14,9698.92,3349400
2020-03-30 00:00:00+08:00,9571.22,9655.7,9415.52,9629.43,2274000
2020-03-31 00:00:00+08:00,9689.62,9789.81,9630.3,9708.06,2882300
2020-04-01 00:00:00+08:00,9726.2,9736.0,9663.63,9663.63,2434800
2020-04-06 00:00:00+08:00,9707.75,9818.74,9651.52,9818.74,2987300
2020-04-07 00:00:00+08:00,9928.16,10039.15,9928.16,9996.39,3205000
2020-04-08 00:00:00+08:00,10010.64,10149.76,9984.66,10137.47,3117000
2020-04-09 00:00:00+08:00,10173.26,10246.84,10092.36,10119.43,3058700
2020-04-10 00:00:00+08:00,10105.43,10165.12,10103.77,10157.61,2365200
2020-04-13 00:00:00+08:00,10147.56,10179.4,10080.65,10099.22,2456300
2020-04-14 00:00:00+08:00,10130.65,10344.13,10130.65,10332.94,2847000
2020-04-15 00:00:00+08:00,10366.77,10461.84,10366.77,10447.21,3333800
2020-04-16 00:00:00+08:00,10385.78,10425.29,10317.13,10375.48,2770300
2020-04-17 00:00:00+08:00,10554.55,10710.15,10552.58,10597.04,3725200
2020-04-20 00:00:00+08:00,10612.45,10637.64,10542.96,10586.71,2298700
2020-04-21 00:00:00+08:00,10544.8,10544.8,10278.95,10288.42,3392700
2020-04-22 00:00:00+08:00,10256.11,10310.85,10140.09,10307.74,2531000
2020-04-23 00:00:00+08:00,10370.13,10462.7,10294.88,10366.51,2633300
2020-04-24 00:00:00+08:00,10367.97,10386.93,10324.2,10347.36,2400100
2020-04-27 00:00:00+08:00,10407.49,10578.96,10407.49,10567.27,3281100
2020-04-28 00:00:00+08:00,10580.25,10620.52,10537.71,10616.06,3260300
2020-04-29 00:00:00+08:00,10656.4,10794.83,10656.4,10772.22,3529100
2020-04-30 00:00:00+08:00,10826.26,11012.78,10826.26,10992.14,3909100
2020-05-04 00:00:00+08:00,10781.51,10781.51,10658.5,10720.48,3113100
2020-05-05 00:00:00+08:00,10756.95,10833.53,10735.01,10774.61,2817200
2020-05-06 00:00:00+08:00,10771.09,10828.73,10708.1,10774.98,3137600
2020-05-07 00:00:00+08:00,10778.53,10890.87,10775.16,10842.92,2849600
2020-05-08 00:00:00+08:00,10883.22,10970.7,10883.22,10901.42,3169900
2020-05-11 00:00:00+08:00,10942.18,11039.11,10942.18,11013.26,3370600
2020-05-12 00:00:00+08:00,10974.51,10974.51,10854.51,10879.47,3047800
2020-05-13 00:00:00+08:00,10861.01,10938.27,10828.93,10938.27,2677400
2020-05-14 00:00:00+08:00,10894.17,10894.17,10777.46,10780.88,3054300
2020-05-15 00:00:00+08:00,10833.16,10904.01,10730.55,10814.92,2749400
2020-05-18 00:00:00+08:00,10753.21,10812.87,10730.7,10740.55,2716100
2020-05-19 00:00:00+08:00,10812.79,10924.79,10812.79,10860.44,3048200
2020-05-20 00:00:00+08:00,10892.76,10933.98,10860.15,10907.8,2731300
2020-05-21 00:00:00+08:00,10933.21,11021.66,10933.21,11008.31,2787700
2020-05-22 00:00:00+08:00,10977.55,10977.55,10804.56,10811.15,2923700
2020-05-25 00:00:00+08:00,10812.94,10874.54,10719.25,10871.18,2222100
2020-05-26 00:00:00+08:00,10903.32,11046.22,10903.32,10997.21,2886300
2020-05-27 00:00:00+08:00,11023.93,11069.72,10972.25,11014.66,2794500
2020-05-28 00:00:00+08:00,11040.62,11087.53,10915.3,10944.19,3122300
2020-05-29 00:00:00+08:00,10921.16,10965.03,10861.9,10942.16,3589800
2020-06-01 00:00:00+08:00,10971.4,11109.29,10971.4,11079.02,2655700
2020-06-02 00:00:00+08:00,11109.27,11170.49,11102.97,11127.93,2754300
2020-06-03 00:00:00+08:00,11182.52,11330.52,11182.52,11320.16,3776100
2020-06-04 00:00:00+08:00,11373.94,11425.42,11341.58,11393.23,3539700
2020-06-05 00:00:00+08:00,11418.01,11482.36,11411.94,11479.4,3400800
2020-06-08 00:00:00+08:00,11539.0,11631.89,11528.44,11610.32,3822500
2020-06-09 00:00:00+08:00,11600.61,11640.45,11537.38,11637.11,3023600
2020-06-10 00:00:00+08:00,11635.99,11740.9,11621.02,11720.16,3477600
2020-06-11 00:00:00+08:00,11738.49,11771.12,11516.59,11535.77,4457500
2020-06-12 00:00:00+08:00,11406.54,11442.3,11244.64,11429.94,3367500
2020-06-15 00:00:00+08:00,11436.28,11469.84,11299.45,11306.26,3034000
2020-06-16 00:00:00+08:00,11380.67,11542.25,11380.67,11511.64,2915500
2020-06-17 00:00:00+08:00,11525.5,11550.32,11482.32,11534.59,3138800
2020-06-18 00:00:00+08:00,11534.2,11567.42,11485.39,11548.33,3404900
2020-06-19 00:00:00+08:00,11557.27,11584.88,11542.37,11549.86,4580400
2020-06-22 00:00:00+08:00,11553.91,11632.88,11553.91,11572.93,2950700
2020-06-23 00:00:00+08:00,11618.42,11679.4,11530.85,11612.36,3057500
2020-06-24 00:00:00+08:00,11647.86,11701.23,11637.79,11660.67,2861900
2020-06-29 00:00:00+08:00,11608.8,11608.8,11500.65,11542.62,2922300
2020-06-30 00:00:00+08:00,11563.6,11638.0,11563.6,11621.24,2935300
2020-07-01 00:00:00+08:00,11622.64,11736.39,11622.64,11703.42,2868400
2020-07-02 00:00:00+08:00,11694.1,11805.21,11690.95,11805.14,3060100
2020-07-03 00:00:00+08:00,11857.9,11933.59,11857.9,11909.16,3536100
2020-07-06 00:00:00+08:00,11941.84,12116.7,11941.84,12116.7,4451500
2020-07-07 00:00:00+08:00,12176.79,12249.95,12028.57,12092.97,4263000
2020-07-08 00:00:00+08:00,12086.13,12190.27,12083.84,12170.19,3598500
2020-07-09 00:00:00+08:00,12222.9,12273.43,12181.34,12192.69,3882900
2020-07-10 00:00:00+08:00,12250.44,12253.58,12030.2,12073.68,4166700
2020-07-13 00:00:00+08:00,12109.61,12216.24,12109.61,12211.56,3558300
2020-07-14 00:00:00+08:00,12202.89,12228.31,12143.91,12209.01,3333000
2020-07-15 00:00:00+08:00,12233.99,12320.48,12162.52,12202.85,3905800
2020-07-16 00:00:00+08:00,12173.04,12220.93,12107.04,12157.74,3196600
2020-07-17 00:00:00+08:00,12195.72,12266.93,12144.62,12181.56,3396200
2020-07-20 00:00:00+08:00,12205.25,12221.33,12065.8,12174.54,2819300
2020-07-21 00:00:00+08:00,12242.32,12450.16,12242.32,12397.55,3529000
2020-07-22 00:00:00+08:00,12389.76,12486.95,12389.4,12473.27,3424000
2020-07-23 00:00:00+08:00,12423.02,12429.76,12347.86,12413.04,3426700
2020-07-24 00:00:00+08:00,12467.43,12502.84,12266.55,12304.04,3996200
2020-07-27 00:00:00+08:00,12618.69,12686.36,12586.91,12588.3,3687300
2020-07-28 00:00:00+08:00,12951.72,13031.7,12533.19,12586.73,4457700
2020-07-29 00:00:00+08:00,12530.74,12660.87,12488.01,12540.97,3067000
2020-07-30 00:00:00+08:00,12691.86,12769.47,12616.83,12722.92,3244900
2020-07-31 00:00:00+08:00,12653.46,12733.48,12635.71,12664.8,3171700
2020-08-03 00:00:00+08:00,12642.73,12673.02,12506.59,12513.03,3391600
2020-08-04 00:00:00+08:00,12577.88,12709.92,12577.88,12709.92,3465700
2020-08-05 00:00:00+08:00,12762.34,12816.39,12739.99,12802.3,3917200
2020-08-06 00:00:00+08:00,12894.24,12971.87,12851.2,12913.5,4098100
2020-08-07 00:00:00+08:00,12901.43,12912.63,12791.18,12828.87,3831300
2020-08-10 00:00:00+08:00,12786.8,12933.16,12786.8,12894.0,3952000
2020-08-11 00:00:00+08:00,12856.46,12906.01,12780.19,12780.19,3726400
2020-08-12 00:00:00+08:00,12713.63,12730.96,12625.54,12670.35,3440300
2020-08-13 00:00:00+08:00,12758.87,12812.8,12717.13,12763.13,3631900
2020-08-14 00:00:00+08:00,12709.97,12801.31,12679.19,12795.46,3896200
2020-08-17 00:00:00+08:00,12813.94,12956.11,12800.69,12956.11,4310300
2020-08-18 00:00:00+08:00,12974.96,12981.58,12840.25,12872.14,3911700
2020-08-19 00:00:00+08:00,12904.84,12950.11,12778.64,12778.64,4459400
2020-08-20 00:00:00+08:00,12764.75,12764.75,12144.76,12362.64,6063400
2020-08-21 00:00:00+08:00,12462.52,12638.65,12462.52,12607.84,3778800
2020-08-24 00:00:00+08:00,12629.78,12702.94,12567.95,12647.13,3397300
2020-08-25 00:00:00+08:00,12706.4,12814.56,12698.85,12758.25,3891600
2020-08-26 00:00:00+08:00,12768.96,12833.29,12734.69,12833.29,3413200
2020-08-27 00:00:00+08:00,12888.65,12960.68,12786.45,12797.31,4956500
2020-08-28 00:00:00+08:00,12759.3,12799.16,12674.57,12728.85,3774200
2020-08-31 00:00:00+08:00,12763.44,12831.38,12591.45,12591.45,4820400
2020-09-01 00:00:00+08:00,12617.39,12703.28,12565.83,12703.28,4070500
2020-09-02 00:00:00+08:00,12772.43,12802.61,12646.47,12699.5,3968600
2020-09-03 00:00:00+08:00,12774.97,12857.79,12732.32,12757.97,5711400
2020-09-04 00:00:00+08:00,12645.92,12655.67,12559.78,12637.95,5122000
2020-09-07 00:00:00+08:00,12645.93,12725.05,12575.36,12601.4,5406000
2020-09-08 00:00:00+08:00,12637.42,12702.55,12614.72,12663.56,4243200
2020-09-09 00:00:00+08:00,12592.18,12616.57,12480.5,12608.58,4223700
2020-09-10 00:00:00+08:00,12665.74,12708.64,12650.4,12691.75,4738300
2020-09-11 00:00:00+08:00,12697.46,12701.79,12616.68,12675.95,4644800
2020-09-14 00:00:00+08:00,12680.41,12793.07,12680.41,12787.82,3515300
2020-09-15 00:00:00+08:00,12787.42,12857.73,12773.23,12845.65,3475900
2020-09-16 00:00:00+08:00,12989.81,13021.68,12948.72,12976.76,3609400
2020-09-17 00:00:00+08:00,12920.15,12972.52,12851.52,12872.74,3259900
2020-09-18 00:00:00+08:00,12858.6,12927.81,12841.09,12875.62,3858100
2020-09-21 00:00:00+08:00,12874.61,12952.31,12795.09,12795.12,3612600
2020-09-22 00:00:00+08:00,12786.91,12786.91,12632.74,12645.51,3420700
2020-09-23 00:00:00+08:00,12656.3,12700.89,12548.07,12583.88,3552700
2020-09-24 00:00:00+08:00,12487.48,12487.48,12264.38,12264.38,4698500
2020-09-25 00:00:00+08:00,12312.94,12385.81,12149.81,12232.91,4286100
2020-09-28 00:00:00+08:00,12282.36,12462.76,12282.36,12462.76,3002400
2020-09-29 00:00:00+08:00,12488.1,12571.34,12429.72,12467.73,2887800
2020-09-30 00:00:00+08:00,12483.65,12568.68,12466.58,12515.61,2462100
2020-10-05 00:00:00+08:00,12567.88,12637.62,12519.12,12548.28,2876800
2020-10-06 00:00:00+08:00,12644.09,12706.39,12644.09,12704.23,3064800
2020-10-07 00:00:00+08:00,12667.51,12774.36,12619.81,12746.37,2873000
2020-10-08 00:00:00+08:00,12832.54,12887.19,12818.01,12887.19,3427200
2020-10-12 00:00:00+08:00,12959.15,12997.79,12898.89,12955.91,3714400
2020-10-13 00:00:00+08:00,12988.44,12994.66,12857.1,12947.13,3354400
2020-10-14 00:00:00+08:00,12927.09,12960.0,12895.79,12919.31,3672900
2020-10-15 00:00:00+08:00,12892.29,12909.11,12786.26,12827.82,3580300
2020-10-16 00:00:00+08:00,12814.16,12896.3,12750.37,12750.37,3718400
2020-10-19 00:00:00+08:00,12803.32,12911.41,12803.32,12908.34,2971300
2020-10-20 00:00:00+08:00,12889.99,12917.75,12862.37,12862.37,2623800
2020-10-21 00:00:00+08:00,12889.88,12942.12,12846.42,12877.25,3419400
2020-10-22 00:00:00+08:00,12854.97,12917.03,12827.4,12917.03,3683000
2020-10-23 00:00:00+08:00,12945.12,12963.26,12875.23,12898.82,3531700
2020-10-26 00:00:00+08:00,12923.55,12971.58,12894.18,12909.03,4288700
2020-10-27 00:00:00+08:00,12867.77,12884.32,12821.07,12875.01,3583700
2020-10-28 00:00:00+08:00,12853.76,12879.98,12761.33,12793.75,3657900
2020-10-29 00:00:00+08:00,12687.64,12699.82,12583.37,12662.91,3741600
2020-10-30 00:00:00+08:00,12651.35,12656.29,12546.34,12546.34,3918600
2020-11-02 00:00:00+08:00,12565.32,12594.34,12480.66,12591.31,2950900
2020-11-03 00:00:00+08:00,12641.28,12760.14,12641.28,12736.01,2946900
2020-11-04 00:00:00+08:00,12766.86,12885.28,12736.02,12867.9,3335500
2020-11-05 00:00:00+08:00,12878.01,12918.8,12840.4,12918.8,2946300
2020-11-06 00:00:00+08:00,12952.49,12999.16,12927.3,12973.53,3215100
2020-11-09 00:00:00+08:00,13053.98,13149.9,13048.67,13127.47,3696600
2020-11-10 00:00:00+08:00,13090.65,13142.22,13022.92,13081.72,4774300
2020-11-11 00:00:00+08:00,13067.04,13262.19,13067.04,13262.19,5109800
2020-11-12 00:00:00+08:00,13324.86,13324.86,13193.74,13221.78,3935700
2020-11-13 00:00:00+08:00,13221.8,13273.33,13170.12,13273.33,3526400
2020-11-16 00:00:00+08:00,13356.74,13551.83,13356.74,13551.83,3858000
2020-11-17 00:00:00+08:00,13723.77,13780.12,13593.01,13593.01,4123400
2020-11-18 00:00:00+08:00,13628.42,13773.29,13608.72,13773.29,4140300
2020-11-19 00:00:00+08:00,13775.26,13785.92,13700.04,13722.43,3973800
2020-11-20 00:00:00+08:00,13702.59,13726.22,13666.07,13716.44,3869400
2020-11-23 00:00:00+08:00,13793.55,13921.16,13793.55,13878.01,4442800
2020-11-24 00:00:00+08:00,13918.84,13951.17,13798.32,13807.13,5153400
2020-11-25 00:00:00+08:00,13860.95,13893.2,13731.81,13738.83,5163800
2020-11-26 00:00:00+08:00,13763.79,13856.76,13763.79,13845.66,4596800
2020-11-27 00:00:00+08:00,13833.21,13885.01,13811.81,13867.09,4863800
2020-11-30 00:00:00+08:00,13917.65,13969.39,13722.89,13722.89,7445200
2020-12-01 00:00:00+08:00,13810.55,13885.67,13749.71,13885.67,6561000
2020-12-02 00:00:00+08:00,13970.51,13995.7,13894.7,13989.14,6589100
2020-12-03 00:00:00+08:00,13988.49,14049.58,13940.07,13977.09,6081000
2020-12-04 00:00:00+08:00,14010.17,14149.56,14010.17,14132.44,6852600
2020-12-07 00:00:00+08:00,14230.0,14306.87,14142.02,14256.6,8157200
2020-12-08 00:00:00+08:00,14251.94,14367.0,14184.58,14360.4,6401000
2020-12-09 00:00:00+08:00,14336.69,14427.41,14336.69,14390.14,6287100
2020-12-10 00:00:00+08:00,14295.15,14319.38,14191.85,14249.49,6332100
2020-12-11 00:00:00+08:00,14298.59,14353.17,14081.42,14261.69,6398300
2020-12-14 00:00:00+08:00,14238.92,14270.34,14182.25,14211.05,5733400
2020-12-15 00:00:00+08:00,14206.33,14256.55,14053.35,14068.52,6314600
2020-12-16 00:00:00+08:00,14145.24,14339.5,14145.24,14304.46,4861300
2020-12-17 00:00:00+08:00,14326.16,14338.4,14213.49,14258.93,4300900
2020-12-18 00:00:00+08:00,14268.13,14329.12,14245.6,14249.96,5686900
2020-12-21 00:00:00+08:00,14273.79,14384.96,14166.89,14384.96,6280700
2020-12-22 00:00:00+08:00,14348.11,14411.93,14175.69,14177.46,8023200
2020-12-23 00:00:00+08:00,14180.7,14247.79,14134.87,14223.09,5537300
2020-12-24 00:00:00+08:00,14256.29,14324.42,14256.29,14280.28,5380500
2020-12-25 00:00:00+08:00,14306.98,14400.83,14296.97,14331.42,5375300
2020-12-28 00:00:00+08:00,14363.45,14483.07,14363.45,14483.07,6279800
2020-12-29 00:00:00+08:00,14500.91,14547.07,14435.03,14472.05,7396000
2020-12-30 00:00:00+08:00,14485.97,14695.44,14476.69,14687.7,6211900
2020-12-31 00:00:00+08:00,14704.53,14760.06,14646.33,14732.53,5881100
2021-01-04 00:00:00+08:00,14720.25,14937.13,14720.25,14902.03,6487600
2021-01-05 00:00:00+08:00,14913.64,15000.03,14861.99,15000.03,6302200
2021-01-06 00:00:00+08:00,15145.85,15197.68,14837.0,14983.13,7787000
2021-01-07 00:00:00+08:00,15059.52,15270.4,15049.86,15214.0,5878900
2021-01-08 00:00:00+08:00,15365.13,15463.95,15275.38,15463.95,6192800
2021-01-11 00:00:00+08:00,15425.58,15557.3,15395.73,15557.3,5319100
2021-01-12 00:00:00+08:00,15549.53,15642.03,15421.23,15500.7,6399400
2021-01-13 00:00:00+08:00,15550.16,15778.52,15550.16,15769.98,5900400
2021-01-14 00:00:00+08:00,15651.2,15760.15,15620.96,15707.19,5571500
2021-01-15 00:00:00+08:00,15987.16,16041.59,15615.11,15616.39,6418300
2021-01-18 00:00:00+08:00,15676.45,15676.45,15320.97,15612.0,5431000
2021-01-19 00:00:00+08:00,15716.64,15928.14,15716.64,15877.37,5516500
2021-01-20 00:00:00+08:00,15934.85,16004.32,15745.48,15806.18,7303000
2021-01-21 00:00:00+08:00,15775.73,16238.46,15775.73,16153.77,5268500
2021-01-22 00:00:00+08:00,15984.89,16138.04,15973.02,16019.03,5023800
2021-01-25 00:00:00+08:00,16006.21,16014.96,15772.63,15946.54,4667900
2021-01-26 00:00:00+08:00,15955.16,16023.87,15589.21,15658.85,4526600
2021-01-27 00:00:00+08:00,15711.76,15837.47,15642.12,15701.45,4293000
2021-01-28 00:00:00+08:00,15519.85,15557.02,15367.45,15415.88,5142300
2021-01-29 00:00:00+08:00,15544.36,15603.41,15138.31,15138.31,5546700
2021-02-01 00:00:00+08:00,15176.56,15429.98,15089.96,15410.09,4413200
2021-02-02 00:00:00+08:00,15546.69,15838.15,15546.69,15760.05,4965800
2021-02-03 00:00:00+08:00,15828.64,15896.4,15741.16,15771.32,5015900
2021-02-04 00:00:00+08:00,15697.75,15801.37,15606.74,15706.22,4217800
2021-02-05 00:00:00+08:00,15805.76,15938.09,15774.34,15802.4,4311100
2021-02-17 00:00:00+08:00,16197.45,16406.78,16197.45,16362.29,5847800
2021-02-18 00:00:00+08:00,16366.23,16517.73,16323.22,16424.51,5808600
2021-02-19 00:00:00+08:00,16376.91,16382.7,16211.25,16341.38,5567600
2021-02-22 00:00:00+08:00,16445.87,16579.17,16410.16,16410.16,6377000
2021-02-23 00:00:00+08:00,16320.88,16467.75,16211.75,16443.4,6508000
2021-02-24 00:00:00+08:00,16329.54,16456.94,16212.53,16212.53,6503200
2021-02-25 00:00:00+08:00,16376.8,16474.05,16322.27,16452.18,6958100
2021-02-26 00:00:00+08:00,16190.04,16190.04,15953.8,15953.8,7625000
2021-03-02 00:00:00+08:00,16127.87,16262.91,15946.88,15946.88,6314300
2021-03-03 00:00:00+08:00,15992.32,16211.73,15884.55,16211.73,5473300
2021-03-04 00:00:00+08:00,16091.75,16091.75,15840.99,15906.41,5822900
2021-03-05 00:00:00+08:00,15759.58,15934.43,15636.43,15855.23,4705600
2021-03-08 00:00:00+08:00,15943.37,16074.97,15816.5,15820.11,4746800
2021-03-09 00:00:00+08:00,15715.07,15864.26,15657.92,15853.09,5441900
2021-03-10 00:00:00+08:00,15921.45,15986.07,15857.32,15911.67,4340600
2021-03-11 00:00:00+08:00,15947.21,16216.22,15947.21,16179.56,5113400
2021-03-12 00:00:00+08:00,16241.55,16298.03,16166.35,16255.18,4907000
2021-03-15 00:00:00+08:00,16256.58,16281.91,16194.91,16249.33,4681700
2021-03-16 00:00:00+08:00,16253.93,16340.66,16244.99,16313.16,5049000
2021-03-17 00:00:00+08:00,16312.98,16349.21,16166.35,16215.82,4911400
2021-03-18 00:00:00+08:00,16264.61,16410.02,16264.61,16287.84,5694800
2021-03-19 00:00:00+08:00,16186.46,16186.46,16022.17,16070.24,6753400
2021-03-22 00:00:00+08:00,16065.5,16235.63,15983.77,16189.22,7093200
2021-03-23 00:00:00+08:00,16250.2,16351.38,16166.29,16177.59,7291400
2021-03-24 00:00:00+08:00,15994.96,16125.54,15967.95,16032.12,5549900
2021-03-25 00:00:00+08:00,16010.54,16146.58,15944.96,16060.14,5947800
2021-03-26 00:00:00+08:00,16140.37,16325.62,16140.37,16305.88,5404200
2021-03-29 00:00:00+08:00,16411.67,16520.89,16411.67,16475.97,6897800
2021-03-30 00:00:00+08:00,16490.31,16556.19,16438.4,16554.9,5851100
2021-03-31 00:00:00+08:00,16529.23,16550.2,16427.2,16431.13,5865500
2021-04-01 00:00:00+08:00,16538.28,16602.47,16496.16,16571.28,5687600
2021-04-07 00:00:00+08:00,16771.35,16816.34,16715.32,16815.36,6682200
2021-04-08 00:00:00+08:00,16786.56,16926.72,16735.78,16926.44,7382600
2021-04-09 00:00:00+08:00,16974.28,17016.13,16815.59,16854.1,8624700
2021-04-12 00:00:00+08:00,16908.55,16979.35,16793.54,16859.7,9009000
2021-04-13 00:00:00+08:00,16872.4,17041.37,16802.22,16824.91,10350300
2021-04-14 00:00:00+08:00,16869.78,16935.39,16559.57,16865.97,10140000
2021-04-15 00:00:00+08:00,16851.06,17076.73,16851.06,17076.73,7006700
2021-04-16 00:00:00+08:00,17028.35,17158.81,16998.91,17158.81,7912900
2021-04-19 00:00:00+08:00,17141.25,17294.15,17135.52,17263.28,10158100
2021-04-20 00:00:00+08:00,17231.58,17323.87,17175.02,17323.87,9165400
2021-04-21 00:00:00+08:00,17282.76,17282.76,17167.39,17202.11,9427000
2021-04-22 00:00:00+08:00,17302.73,17428.15,17066.17,17096.97,14999500
2021-04-23 00:00:00+08:00,17117.49,17300.27,17055.48,17300.27,9329900
2021-04-26 00:00:00+08:00,17378.36,17572.29,17378.36,17572.29,9298000
2021-04-27 00:00:00+08:00,17586.02,17630.19,17489.71,17595.9,9687900
2021-04-28 00:00:00+08:00,17610.72,17628.81,17497.74,17567.53,10510700
2021-04-29 00:00:00+08:00,17646.93,17709.23,17548.3,17566.66,10991600
2021-05-03 00:00:00+08:00,17505.52,17546.94,17222.35,17222.35,11037100
2021-05-04 00:00:00+08:00,17249.56,17328.55,16647.61,16933.78,12968600
2021-05-05 00:00:00+08:00,16968.75,17052.2,16843.44,16843.44,8435500
2021-05-06 00:00:00+08:00,16925.52,17088.73,16764.71,16994.36,9028200
2021-05-07 00:00:00+08:00,17032.23,17285.0,17032.23,17285.0,8356000
2021-05-10 00:00:00+08:00,17274.23,17304.47,17188.15,17235.61,9059300
2021-05-11 00:00:00+08:00,17137.19,17137.19,16460.87,16583.13,12909700
2021-05-12 00:00:00+08:00,16515.88,16552.63,15165.27,15902.37,13913300
2021-05-13 00:00:00+08:00,15668.33,16031.93,15368.54,15670.1,10615100
2021-05-14 00:00:00+08:00,15819.24,16075.48,15702.1,15827.09,9406800
2021-05-17 00:00:00+08:00,15554.99,15719.74,15159.86,15353.89,9443500
2021-05-18 00:00:00+08:00,15564.96,16153.77,15564.96,16145.98,7546900
2021-05-19 00:00:00+08:00,16112.21,16273.98,16009.76,16132.66,8707800
2021-05-20 00:00:00+08:00,16122.52,16154.08,15943.45,16042.36,8178100
2021-05-21 00:00:00+08:00,16136.86,16431.14,16136.86,16302.06,7531400
2021-05-24 00:00:00+08:00,16246.52,16397.59,16136.97,16338.29,7333500
2021-05-25 00:00:00+08:00,16444.75,16657.6,16444.75,16595.67,9038500
2021-05-26 00:00:00+08:00,16645.17,16706.29,16523.23,16643.69,6816100
2021-05-27 00:00:00+08:00,16591.7,16601.61,16419.42,16601.61,8532000
2021-05-28 00:00:00+08:00,16690.04,16889.01,16690.04,16870.86,8549300
2021-05-31 00:00:00+08:00,16948.47,17113.33,16939.91,17068.43,9490500
2021-06-01 00:00:00+08:00,17098.49,17184.3,17060.45,17162.38,7821200
2021-06-02 00:00:00+08:00,17192.91,17274.66,17056.42,17165.04,9368700
2021-06-03 00:00:00+08:00,17201.3,17311.28,17198.89,17246.16,8355400
2021-06-04 00:00:00+08:00,17225.06,17225.06,17084.49,17147.41,8595000
2021-06-07 00:00:00+08:00,17176.09,17189.23,16775.85,17083.91,8683700
2021-06-08 00:00:00+08:00,17094.34,17181.52,17056.53,17076.21,5658700
2021-06-09 00:00:00+08:00,17082.52,17082.52,16907.43,16966.22,6310000
2021-06-10 00:00:00+08:00,17024.54,17159.22,16978.01,17159.22,6582700
2021-06-11 00:00:00+08:00,17200.45,17278.55,17193.61,17213.52,6154800
2021-06-15 00:00:00+08:00,17279.7,17371.29,17279.7,17371.29,6317500
2021-06-16 00:00:00+08:00,17357.37,17398.22,17275.02,17307.86,7962000
2021-06-17 00:00:00+08:00,17254.84,17390.61,17150.52,17390.61,6398800
2021-06-18 00:00:00+08:00,17384.74,17417.5,17318.54,17318.54,7976600
2021-06-21 00:00:00+08:00,17305.49,17305.49,17023.31,17062.98,7503200
2021-06-22 00:00:00+08:00,17162.71,17270.47,17075.55,17075.55,8917000
2021-06-23 00:00:00+08:00,17127.59,17375.79,17127.59,17336.71,8083500
2021-06-24 00:00:00+08:00,17358.57,17439.63,17319.89,17407.96,6453900
2021-06-25 00:00:00+08:00,17471.07,17597.33,17471.07,17502.99,6766700
2021-06-28 00:00:00+08:00,17531.82,17595.51,17481.23,17590.97,7091900
2021-06-29 00:00:00+08:00,17621.15,17713.24,17541.14,17598.19,8437900
2021-06-30 00:00:00+08:00,17648.25,17797.27,17648.25,17755.46,7979400
2021-07-01 00:00:00+08:00,17801.19,17863.9,17644.36,17713.94,9647200
2021-07-02 00:00:00+08:00,17745.69,17795.88,17676.98,17710.15,8973200
2021-07-05 00:00:00+08:00,17783.8,17945.52,17783.8,17919.33,7425200
2021-07-06 00:00:00+08:00,17929.22,18008.37,17895.78,17913.07,6634400
2021-07-07 00:00:00+08:00,17901.25,17933.62,17756.82,17850.69,6893400
2021-07-08 00:00:00+08:00,17880.9,17935.11,17742.08,17866.09,8078500
2021-07-09 00:00:00+08:00,17778.12,17778.12,17597.46,17661.48,6565500
2021-07-12 00:00:00+08:00,17843.3,17947.9,17759.9,17814.33,6898800
2021-07-13 00:00:00+08:00,17931.47,18018.04,17786.76,17847.52,8913100
2021-07-14 00:00:00+08:00,17892.51,17940.86,17716.44,17845.75,7380100
2021-07-15 00:00:00+08:00,17878.78,18034.19,17878.78,18034.19,5697300
2021-07-16 00:00:00+08:00,17839.58,17926.38,17779.61,17895.25,6709700
2021-07-19 00:00:00+08:00,17854.35,17854.35,17708.15,17789.25,5948000
2021-07-20 00:00:00+08:00,17724.92,17724.92,17500.69,17528.74,6263700
2021-07-21 00:00:00+08:00,17593.6,17707.56,17352.24,17458.79,7703300
2021-07-22 00:00:00+08:00,17482.81,17667.38,17482.81,17572.33,6900500
2021-07-23 00:00:00+08:00,17603.95,17672.6,17511.86,17572.92,6686500
2021-07-26 00:00:00+08:00,17554.93,17637.36,17403.56,17403.56,5927200
2021-07-27 00:00:00+08:00,17394.77,17459.35,17264.5,17269.87,6079500
2021-07-28 00:00:00+08:00,17252.87,17252.87,16893.7,17135.22,6728900
2021-07-29 00:00:00+08:00,17216.58,17402.81,17190.48,17402.81,5660700
2021-07-30 00:00:00+08:00,17414.77,17429.01,17237.67,17247.41,6577000
2021-08-02 00:00:00+08:00,17256.61,17503.28,17231.22,17503.28,5186900
2021-08-03 00:00:00+08:00,17489.12,17553.76,17456.2,17553.76,4533200
2021-08-04 00:00:00+08:00,17588.64,17636.11,17557.18,17623.89,5817500
2021-08-05 00:00:00+08:00,17624.82,17643.97,17566.72,17603.12,6348300
2021-08-06 00:00:00+08:00,17593.85,17593.85,17469.68,17526.28,5686300
2021-08-09 00:00:00+08:00,17505.01,17510.09,17350.15,17485.15,5189400
2021-08-10 00:00:00+08:00,17492.45,17524.91,17305.06,17323.64,4788400
2021-08-11 00:00:00+08:00,17308.62,17327.2,17090.25,17227.18,5654700
2021-08-12 00:00:00+08:00,17221.35,17233.11,17139.21,17219.94,4227200
2021-08-13 00:00:00+08:00,17216.34,17216.34,16978.11,16982.11,5206300
2021-08-16 00:00:00+08:00,16941.33,16983.59,16773.57,16858.77,4958100
2021-08-17 00:00:00+08:00,16841.62,16870.55,16657.63,16661.36,4136900
2021-08-18 00:00:00+08:00,16630.99,16826.27,16418.54,16826.27,5284900
2021-08-19 00:00:00+08:00,16777.78,16777.78,16375.4,16375.4,5329700
2021-08-20 00:00:00+08:00,16426.98,16507.11,16248.08,16341.94,4562600
2021-08-23 00:00:00+08:00,16459.13,16785.29,16459.13,16741.84,4379900
2021-08-24 00:00:00+08:00,16830.63,16904.3,16779.9,16818.73,5515800
2021-08-25 00:00:00+08:00,16821.08,17045.86,16821.08,17045.86,4501500
2021-08-26 00:00:00+08:00,17177.39,17201.42,16984.69,17066.96,4595100
2021-08-27 00:00:00+08:00,17061.1,17229.89,17000.26,17209.93,4252800
2021-08-30 00:00:00+08:00,17244.62,17396.52,17244.62,17396.52,3860100
2021-08-31 00:00:00+08:00,17384.61,17490.29,17207.57,17490.29,4900300
2021-09-01 00:00:00+08:00,17463.8,17503.93,17415.52,17473.99,4520700
2021-09-02 00:00:00+08:00,17455.92,17523.16,17319.76,17319.76,4558000
2021-09-03 00:00:00+08:00,17380.52,17540.78,17380.52,17516.92,4494700
2021-09-06 00:00:00+08:00,17534.05,17633.67,17461.07,17495.3,5068400
2021-09-07 00:00:00+08:00,17534.38,17559.21,17388.37,17428.87,4347400
2021-09-08 00:00:00+08:00,17411.53,17447.58,17167.08,17270.49,4088600
2021-09-09 00:00:00+08:00,17175.04,17319.09,17122.95,17304.33,3138500
2021-09-10 00:00:00+08:00,17270.28,17474.57,17270.28,17474.57,3450400
2021-09-13 00:00:00+08:00,17452.16,17482.57,17387.57,17446.31,3675300
2021-09-14 00:00:00+08:00,17463.78,17529.47,17424.54,17434.9,3725300
2021-09-15 00:00:00+08:00,17434.02,17439.75,17316.52,17354.0,3839700
2021-09-16 00:00:00+08:00,17332.34,17411.37,17254.1,17278.7,3781900
2021-09-17 00:00:00+08:00,17279.29,17408.71,17235.45,17276.79,4564600
2021-09-22 00:00:00+08:00,17196.79,17196.79,16838.58,16925.82,4648700
2021-09-23 00:00:00+08:00,16998.07,17145.25,16998.07,17078.22,3706500
2021-09-24 00:00:00+08:00,17130.74,17273.59,17130.74,17260.19,3963900
2021-09-27 00:00:00+08:00,17278.11,17335.99,17235.68,17313.77,4368100
2021-09-28 00:00:00+08:00,17286.89,17286.89,17113.47,17181.44,3676400
2021-09-29 00:00:00+08:00,17127.86,17127.86,16801.78,16855.46,4613200
2021-09-30 00:00:00+08:00,16886.57,16994.21,16767.2,16934.77,4145900
2021-10-01 00:00:00+08:00,16883.0,16883.0,16503.74,16570.89,5034000
2021-10-04 00:00:00+08:00,16600.52,16680.29,16380.06,16408.35,4455400
2021-10-05 00:00:00+08:00,16362.27,16460.75,16162.17,16460.75,4344700
2021-10-06 00:00:00+08:00,16488.21,16568.21,16303.63,16393.16,3980200
2021-10-07 00:00:00+08:00,16465.57,16731.58,16465.57,16713.86,3979100
2021-10-08 00:00:00+08:00,16742.35,16771.71,16605.49,16640.43,3630500
2021-10-12 00:00:00+08:00,16589.72,16589.72,16349.49,16462.84,3840700
2021-10-13 00:00:00+08:00,16480.98,16543.33,16328.47,16347.99,3780500
2021-10-14 00:00:00+08:00,16392.51,16519.96,16347.88,16387.28,3823900
2021-10-15 00:00:00+08:00,16426.76,16781.19,16426.76,16781.19,3616300
2021-10-18 00:00:00+08:00,16816.94,16862.03,16695.89,16705.46,4145800
2021-10-19 00:00:00+08:00,16791.12,16916.72,16772.15,16900.67,3873500
2021-10-20 00:00:00+08:00,16936.2,16973.86,16855.81,16887.82,3633300
2021-10-21 00:00:00+08:00,16904.46,17026.89,16873.99,16889.51,4307800
2021-10-22 00:00:00+08:00,16900.32,16932.89,16800.49,16888.74,3796200
2021-10-25 00:00:00+08:00,16879.34,16930.98,16784.11,16894.24,3360900
2021-10-26 00:00:00+08:00,16909.32,17067.15,16909.32,17034.34,3828200
2021-10-27 00:00:00+08:00,17037.37,17079.6,16973.16,17074.55,3536400
2021-10-28 00:00:00+08:00,17081.17,17104.86,16994.37,17041.63,4615900
2021-10-29 00:00:00+08:00,17058.04,17073.97,16920.68,16987.41,4554900
2021-11-01 00:00:00+08:00,17021.77,17119.43,17021.77,17068.24,4505300
2021-11-02 00:00:00+08:00,17094.42,17237.09,17026.63,17065.97,5366000
2021-11-03 00:00:00+08:00,17087.89,17153.76,17080.51,17122.16,4649400
2021-11-04 00:00:00+08:00,17158.28,17219.65,17061.46,17078.86,4495000
2021-11-05 00:00:00+08:00,17097.16,17296.9,17097.16,17296.9,4755100
2021-11-08 00:00:00+08:00,17323.39,17415.3,17279.46,17415.3,5609900
2021-11-09 00:00:00+08:00,17433.1,17581.52,17433.1,17541.36,5480400
2021-11-10 00:00:00+08:00,17549.09,17575.44,17489.87,17559.65,5804300
2021-11-11 00:00:00+08:00,17527.18,17527.18,17403.48,17452.52,6146900
2021-11-12 00:00:00+08:00,17479.55,17602.05,17479.55,17518.13,5532600
2021-11-15 00:00:00+08:00,17560.52,17683.19,17560.52,17634.47,5366800
2021-11-16 00:00:00+08:00,17639.96,17708.1,17629.8,17693.13,6220100
2021-11-17 00:00:00+08:00,17705.29,17764.04,17669.58,17764.04,6399300
2021-11-18 00:00:00+08:00,17767.06,17841.37,17748.21,17841.37,6803100
2021-11-19 00:00:00+08:00,17864.19,17986.18,17786.05,17818.31,6246900
2021-11-22 00:00:00+08:00,17828.53,17857.73,17790.64,17803.54,4908200
2021-11-23 00:00:00+08:00,17797.9,17797.9,17650.07,17666.12,5002100
2021-11-24 00:00:00+08:00,17680.16,17722.89,17588.78,17642.52,4917100
2021-11-25 00:00:00+08:00,17686.12,17724.5,17609.51,17654.19,4708400
2021-11-26 00:00:00+08:00,17641.79,17641.79,17330.44,17369.39,5676100
2021-11-29 00:00:00+08:00,17320.01,17415.63,17167.24,17328.09,4887500
2021-11-30 00:00:00+08:00,17369.79,17535.23,17369.79,17427.76,6132900
2021-12-01 00:00:00+08:00,17428.61,17626.21,17374.59,17585.99,4219800
2021-12-02 00:00:00+08:00,17575.91,17741.55,17559.44,17724.88,4988600
2021-12-03 00:00:00+08:00,17720.93,17781.14,17670.32,17697.14,4400000
2021-12-06 00:00:00+08:00,17650.67,17763.42,17585.95,17688.21,3850100
2021-12-07 00:00:00+08:00,17734.19,17796.92,17642.32,17796.92,5417700
2021-12-08 00:00:00+08:00,17845.06,17988.88,17832.42,17832.42,5272600
2021-12-09 00:00:00+08:00,17880.41,17925.12,17807.12,17914.12,5266100
2021-12-10 00:00:00+08:00,17893.29,17893.29,17767.8,17826.26,4629000
2021-12-13 00:00:00+08:00,17841.03,17919.35,17767.6,17767.6,4799000
2021-12-14 00:00:00+08:00,17754.38,17754.38,17566.99,17599.37,4871000
2021-12-15 00:00:00+08:00,17592.87,17678.78,17556.87,17660.1,3773800
2021-12-16 00:00:00+08:00,17719.06,17814.32,17719.06,17785.74,4322400
2021-12-17 00:00:00+08:00,17744.54,17822.74,17718.27,17812.59,5154400
2021-12-20 00:00:00+08:00,17812.81,17812.81,17646.39,17669.11,3798200
2021-12-21 00:00:00+08:00,17686.84,17825.89,17652.32,17789.27,3555900
2021-12-22 00:00:00+08:00,17805.74,17870.16,17799.72,17826.83,3538900
2021-12-23 00:00:00+08:00,17855.78,17960.99,17855.78,17946.66,3851000
2021-12-24 00:00:00+08:00,17966.35,18039.85,17953.57,17961.64,3834800
2021-12-27 00:00:00+08:00,17975.41,18099.78,17975.41,18048.94,3701200
2021-12-28 00:00:00+08:00,18099.71,18197.36,18099.71,18196.81,3899900
2021-12-29 00:00:00+08:00,18209.14,18283.25,18192.86,18248.28,3983900
2021-12-30 00:00:00+08:00,18270.0,18291.25,18216.45,18218.84,4082900
2022-01-03 00:00:00+08:00,18260.23,18379.69,18238.47,18270.51,4309600
2022-01-04 00:00:00+08:00,18395.14,18526.35,18395.14,18526.35,4231400
2022-01-05 00:00:00+08:00,18598.13,18619.61,18446.52,18499.96,4261600
2022-01-06 00:00:00+08:00,18395.72,18427.15,18253.82,18367.92,3411400
2022-01-07 00:00:00+08:00,18388.16,18444.12,18134.41,18169.76,4727900
2022-01-10 00:00:00+08:00,18095.39,18243.26,18043.97,18239.38,3440300
2022-01-11 00:00:00+08:00,18266.54,18293.53,18135.43,18288.21,4694000
2022-01-12 00:00:00+08:00,18348.39,18394.7,18255.38,18375.4,4196200
2022-01-13 00:00:00+08:00,18356.21,18459.73,18346.81,18436.93,4599500
2022-01-14 00:00:00+08:00,18509.0,18509.0,18213.44,18403.33,4559700
2022-01-17 00:00:00+08:00,18512.15,18535.42,18435.02,18525.44,3172100
2022-01-18 00:00:00+08:00,18492.81,18575.41,18378.64,18378.64,3163500
2022-01-19 00:00:00+08:00,18275.18,18359.14,18199.35,18227.46,3422100
2022-01-20 00:00:00+08:00,18212.26,18292.14,18125.2,18218.28,3209300
2022-01-21 00:00:00+08:00,18113.94,18113.94,17851.39,17899.3,4160500
2022-01-24 00:00:00+08:00,17843.33,18004.45,17682.33,17989.04,3586500
2022-01-25 00:00:00+08:00,17890.71,17890.71,17645.66,17701.12,3506500
2022-01-26 00:00:00+08:00,17657.97,17776.42,17633.03,17674.4,2897700
2022-02-07 00:00:00+08:00,17750.7,17900.3,17712.35,17900.3,0
2022-02-08 00:00:00+08:00,17955.95,18063.55,17955.95,17966.56,4040800
2022-02-09 00:00:00+08:00,18060.33,18168.6,18039.23,18151.76,3901200
2022-02-10 00:00:00+08:00,18217.29,18338.05,18145.04,18338.05,3618700
2022-02-11 00:00:00+08:00,18258.81,18310.94,18191.75,18310.94,3541200
2022-02-14 00:00:00+08:00,18182.73,18182.73,17965.22,17997.67,3594200
2022-02-15 00:00:00+08:00,17978.44,18085.91,17942.68,17951.81,3611800
2022-02-16 00:00:00+08:00,18109.17,18233.79,18109.17,18231.47,3822800
2022-02-17 00:00:00+08:00,18213.3,18330.63,18190.24,18268.57,5115800
2022-02-18 00:00:00+08:00,18250.37,18262.96,18098.52,18232.35,4870600
2022-02-21 00:00:00+08:00,18196.4,18253.1,18129.65,18221.49,4487800
2022-02-22 00:00:00+08:00,18159.51,18159.51,17840.38,17969.29,5056200
2022-02-23 00:00:00+08:00,17954.75,18109.28,17954.75,18055.73,3709000
2022-02-24 00:00:00+08:00,17939.53,17939.53,17561.07,17594.55,6003200
2022-02-25 00:00:00+08:00,17617.36,17737.32,17554.97,17652.18,5029500
2022-03-01 00:00:00+08:00,17657.5,17944.5,17657.5,17898.25,4576900
2022-03-02 00:00:00+08:00,17864.11,17918.98,17784.64,17867.6,4013600
2022-03-03 00:00:00+08:00,17932.15,18026.03,17906.24,17934.4,4006800
2022-03-04 00:00:00+08:00,17845.01,17845.01,17710.54,17736.52,4422400
2022-03-07 00:00:00+08:00,17581.57,17581.57,17135.68,17178.69,5833800
2022-03-08 00:00:00+08:00,17000.0,17113.67,16764.78,16825.25,5875900
2022-03-09 00:00:00+08:00,16944.08,17072.74,16944.08,17015.36,3963600
2022-03-10 00:00:00+08:00,17224.73,17478.43,17224.73,17433.2,4493300
2022-03-11 00:00:00+08:00,17373.82,17373.9,17239.9,17264.74,3114900
2022-03-14 00:00:00+08:00,17287.9,17363.04,17217.58,17263.04,3432300
2022-03-15 00:00:00+08:00,17177.27,17177.27,16911.95,16926.06,4138100
2022-03-16 00:00:00+08:00,17007.58,17085.77,16808.43,16940.83,4846600
2022-03-17 00:00:00+08:00,17172.81,17472.95,17172.81,17448.22,5028900
2022-03-18 00:00:00+08:00,17439.91,17472.38,17359.5,17456.52,4984000
2022-03-21 00:00:00+08:00,17503.95,17603.99,17503.95,17560.36,3703600
2022-03-22 00:00:00+08:00,17512.41,17573.29,17468.55,17559.71,3448800
2022-03-23 00:00:00+08:00,17581.62,17738.69,17581.62,17731.37,3950500
2022-03-24 00:00:00+08:00,17711.17,17711.17,17603.22,17699.06,3883600
2022-03-25 00:00:00+08:00,17695.8,17747.13,17633.86,17676.95,3872300
2022-03-28 00:00:00+08:00,17510.15,17527.15,17368.66,17520.01,3202100
2022-03-29 00:00:00+08:00,17568.32,17585.91,17493.01,17548.66,3429900
2022-03-30 00:00:00+08:00,17572.9,17770.07,17572.9,17740.56,3739000
2022-03-31 00:00:00+08:00,17754.1,17767.81,17682.53,17693.47,3422500
2022-04-01 00:00:00+08:00,17657.76,17657.76,17465.61,17625.59,3396600
2022-04-06 00:00:00+08:00,17484.19,17528.99,17381.07,17522.5,4241200
2022-04-07 00:00:00+08:00,17430.13,17438.6,17178.63,17178.63,4863100
2022-04-08 00:00:00+08:00,17210.4,17316.69,17210.4,17284.54,3538700
2022-04-11 00:00:00+08:00,17273.05,17316.35,17046.67,17048.37,4584600
2022-04-12 00:00:00+08:00,17005.84,17100.85,16905.13,16990.91,4100800
2022-04-13 00:00:00+08:00,17080.4,17333.21,17080.4,17301.65,4058700
2022-04-14 00:00:00+08:00,17353.25,17374.14,17245.65,17245.65,4429600
2022-04-15 00:00:00+08:00,17139.34,17141.33,17004.18,17004.18,4078400
2022-04-18 00:00:00+08:00,16958.66,16999.36,16845.51,16898.87,4020900
2022-04-19 00:00:00+08:00,16926.34,17106.26,16926.34,16993.4,3514900
2022-04-20 00:00:00+08:00,17057.13,17148.88,16983.55,17148.88,4801300
2022-04-21 00:00:00+08:00,17159.88,17213.66,17106.37,17127.95,3952000
2022-04-22 00:00:00+08:00,17088.76,17088.76,16923.87,17025.09,4322500
2022-04-25 00:00:00+08:00,16912.3,16912.3,16579.89,16620.9,4528800
2022-04-26 00:00:00+08:00,16677.84,16729.47,16582.11,16644.79,3941900
2022-04-27 00:00:00+08:00,16427.32,16427.32,16219.41,16303.35,4261400
2022-04-28 00:00:00+08:00,16350.72,16455.57,16256.88,16419.38,3635500
2022-04-29 00:00:00+08:00,16599.84,16663.66,16521.94,16592.18,3416300
2022-05-03 00:00:00+08:00,16593.21,16604.87,16465.99,16498.9,2457700
2022-05-04 00:00:00+08:00,16531.37,16617.06,16514.3,16565.83,2630000
2022-05-05 00:00:00+08:00,16689.98,16783.78,16650.81,16696.12,3215900
2022-05-06 00:00:00+08:00,16491.11,16491.11,16312.17,16408.2,3186200
2022-05-09 00:00:00+08:00,16345.84,16345.84,16048.92,16048.92,3742000
2022-05-10 00:00:00+08:00,15891.4,16071.5,15734.44,16061.7,3489400
2022-05-11 00:00:00+08:00,16053.75,16081.15,15953.27,16006.25,2938300
2022-05-12 00:00:00+08:00,15943.62,15943.62,15616.68,15616.68,4040900
2022-05-13 00:00:00+08:00,15687.15,15860.69,15687.15,15832.54,3216400
2022-05-16 00:00:00+08:00,15943.69,16032.85,15847.46,15901.04,3298100
2022-05-17 00:00:00+08:00,15915.93,16085.85,15915.93,16056.09,2799500
2022-05-18 00:00:00+08:00,16174.78,16316.58,16172.8,16296.86,3405600
2022-05-19 00:00:00+08:00,16111.49,16111.49,15892.73,16020.32,3423100
2022-05-20 00:00:00+08:00,16061.92,16181.66,16058.2,16144.85,2836000
2022-05-23 00:00:00+08:00,16193.92,16249.45,16125.45,16156.41,3295600
2022-05-24 00:00:00+08:00,16166.57,16219.8,15963.63,15963.63,2961400
2022-05-25 00:00:00+08:00,15987.74,16169.18,15980.9,16104.03,3107300
2022-05-26 00:00:00+08:00,16128.21,16179.01,15949.61,15968.83,3062100
2022-05-27 00:00:00+08:00,16075.91,16266.22,16075.91,16266.22,2951400
2022-05-30 00:00:00+08:00,16368.93,16610.62,16368.93,16610.62,3342400
2022-05-31 00:00:00+08:00,16561.68,16807.77,16493.07,16807.77,5523600
2022-06-01 00:00:00+08:00,16718.91,16811.04,16649.91,16675.09,3097600
2022-06-02 00:00:00+08:00,16605.46,16617.26,16540.55,16552.57,2638200
2022-06-06 00:00:00+08:00,16570.89,16654.12,16509.01,16605.96,2873700
2022-06-07 00:00:00+08:00,16593.75,16593.75,16465.87,16512.88,2437900
2022-06-08 00:00:00+08:00,16538.67,16702.99,16538.67,16670.51,2409700
2022-06-09 00:00:00+08:00,16643.95,16643.95,16557.54,16621.34,2366400
2022-06-10 00:00:00+08:00,16581.81,16581.81,16403.33,16460.12,2373300
2022-06-13 00:00:00+08:00,16295.07,16295.07,16055.89,16070.98,3106700
2022-06-14 00:00:00+08:00,15975.17,16067.8,15869.06,16047.37,3086200
2022-06-15 00:00:00+08:00,16025.84,16106.75,15981.56,15999.25,2967000
2022-06-16 00:00:00+08:00,16098.29,16209.25,15838.29,15838.61,3636900
2022-06-17 00:00:00+08:00,15794.16,15794.16,15573.38,15641.26,4373500
2022-06-20 00:00:00+08:00,15649.2,15667.68,15367.58,15367.58,3998700
2022-06-21 00:00:00+08:00,15427.33,15728.64,15427.33,15728.64,3553500
2022-06-22 00:00:00+08:00,15687.46,15687.46,15346.95,15347.75,3950300
2022-06-23 00:00:00+08:00,15305.51,15380.28,15102.4,15176.44,3916600
2022-06-24 00:00:00+08:00,15232.34,15424.37,15232.34,15303.32,3081400
2022-06-27 00:00:00+08:00,15409.08,15656.35,15409.08,15548.01,3120800
2022-06-28 00:00:00+08:00,15519.56,15533.34,15375.65,15439.92,3094700
2022-06-29 00:00:00+08:00,15365.54,15365.54,15218.07,15240.13,3239700
2022-06-30 00:00:00+08:00,15146.92,15147.77,14825.73,14825.73,3673000
2022-07-01 00:00:00+08:00,14812.13,14812.13,14336.03,14343.08,4290300
2022-07-04 00:00:00+08:00,14237.83,14412.47,14167.1,14217.06,3244400
2022-07-05 00:00:00+08:00,14345.54,14488.8,14100.89,14349.2,3468200
2022-07-06 00:00:00+08:00,14289.67,14319.32,13985.51,13985.51,3688700
2022-07-07 00:00:00+08:00,14052.18,14355.15,13951.81,14336.27,3460100
2022-07-08 00:00:00+08:00,14462.5,14552.42,14373.84,14464.53,3508600
2022-07-11 00:00:00+08:00,14478.31,14525.03,14313.94,14340.53,2620100
2022-07-12 00:00:00+08:00,14235.63,14235.63,13928.66,13950.62,3120000
2022-07-13 00:00:00+08:00,14194.94,14403.51,14194.94,14324.68,3342700
2022-07-14 00:00:00+08:00,14252.02,14450.47,14159.39,14438.52,2947600
2022-07-15 00:00:00+08:00,14483.96,14579.73,14378.33,14550.62,3025600
2022-07-18 00:00:00+08:00,14589.1,14719.64,14589.1,14719.64,3117300
2022-07-19 00:00:00+08:00,14638.45,14720.13,14598.99,14694.08,2964100
2022-07-20 00:00:00+08:00,14810.4,14906.95,14694.2,14733.22,3539900
2022-07-21 00:00:00+08:00,14744.17,14937.7,14716.02,14937.7,3418100
2022-07-22 00:00:00+08:00,14953.27,14996.24,14902.32,14949.36,3674900
2022-07-25 00:00:00+08:00,14902.25,14968.23,14851.37,14936.33,2629600
2022-07-26 00:00:00+08:00,14912.41,14912.41,14750.71,14806.78,2617400
2022-07-27 00:00:00+08:00,14791.71,14921.59,14717.02,14921.59,2569700
2022-07-28 00:00:00+08:00,14978.95,15031.99,14849.94,14891.9,2911200
2022-07-29 00:00:00+08:00,14950.18,15035.27,14929.49,15000.07,3117200
2022-08-01 00:00:00+08:00,14982.27,14994.36,14886.81,14981.69,2658300
2022-08-02 00:00:00+08:00,14860.94,14860.94,14663.46,14747.23,3161000
2022-08-03 00:00:00+08:00,14757.51,14777.02,14673.35,14777.02,2649100
2022-08-04 00:00:00+08:00,14741.47,14766.57,14545.69,14702.2,2766400
2022-08-05 00:00:00+08:00,14802.34,15041.41,14802.34,15036.04,2749400
2022-08-08 00:00:00+08:00,14972.21,15034.87,14908.17,15020.41,2558700
2022-08-09 00:00:00+08:00,14965.12,15077.63,14905.23,15050.28,2854300
2022-08-10 00:00:00+08:00,14940.76,14982.33,14890.55,14939.02,2863700
2022-08-11 00:00:00+08:00,15087.59,15204.79,15087.59,15197.85,3417400
2022-08-12 00:00:00+08:00,15203.91,15298.42,15198.93,15288.97,2921300
2022-08-15 00:00:00+08:00,15332.92,15437.23,15315.12,15417.35,3136600
2022-08-16 00:00:00+08:00,15435.04,15451.83,15392.49,15420.57,3045100
2022-08-17 00:00:00+08:00,15423.44,15475.89,15390.84,15465.45,3108600
2022-08-18 00:00:00+08:00,15384.73,15396.76,15311.22,15396.76,2635800
2022-08-19 00:00:00+08:00,15394.36,15458.45,15346.26,15408.78,3252400
2022-08-22 00:00:00+08:00,15375.2,15375.2,15229.36,15245.14,2782000
2022-08-23 00:00:00+08:00,15225.17,15225.17,15086.43,15095.89,2405400
2022-08-24 00:00:00+08:00,15112.15,15183.96,15053.52,15069.19,2665500
2022-08-25 00:00:00+08:00,15105.31,15244.06,15105.31,15200.04,2502900
2022-08-26 00:00:00+08:00,15221.5,15337.25,15221.5,15278.44,3192200
2022-08-29 00:00:00+08:00,15197.19,15197.19,14843.72,14926.19,2973800
2022-08-30 00:00:00+08:00,14919.67,15027.5,14911.97,14953.63,2729600
2022-08-31 00:00:00+08:00,14912.12,15095.44,14874.33,15095.44,3006200
2022-09-01 00:00:00+08:00,14981.0,14981.0,14773.19,14801.86,3009700
2022-09-02 00:00:00+08:00,14790.28,14817.4,14673.04,14673.04,3003400
2022-09-05 00:00:00+08:00,14670.18,14753.03,14632.79,14661.1,2643200
2022-09-06 00:00:00+08:00,14705.16,14789.31,14623.22,14677.2,2642400
2022-09-07 00:00:00+08:00,14557.86,14557.86,14397.12,14410.05,2439500
2022-09-08 00:00:00+08:00,14447.09,14583.42,14447.09,14583.42,2349200
2022-09-12 00:00:00+08:00,14711.34,14856.23,14711.34,14807.43,2620300
2022-09-13 00:00:00+08:00,14895.87,14949.56,14856.98,14894.41,2535400
2022-09-14 00:00:00+08:00,14695.19,14699.78,14522.7,14658.31,2515900
2022-09-15 00:00:00+08:00,14647.0,14750.28,14624.55,14670.04,2703700
2022-09-16 00:00:00+08:00,14602.16,14602.16,14521.65,14561.76,3637300
2022-09-19 00:00:00+08:00,14567.27,14585.06,14424.33,14425.68,2314800
2022-09-20 00:00:00+08:00,14474.95,14558.72,14461.39,14549.3,2436500
2022-09-21 00:00:00+08:00,14517.34,14525.46,14384.11,14424.52,2716200
2022-09-22 00:00:00+08:00,14325.67,14325.67,14151.8,14284.63,3106100
2022-09-23 00:00:00+08:00,14231.03,14277.53,14109.71,14118.38,2584800
2022-09-26 00:00:00+08:00,13993.42,13993.42,13743.19,13778.19,3149000
2022-09-27 00:00:00+08:00,13812.99,13862.84,13732.32,13826.59,2722800
2022-09-28 00:00:00+08:00,13816.7,13854.09,13466.07,13466.07,3481100
2022-09-29 00:00:00+08:00,13550.7,13651.29,13462.57,13534.26,2992600
2022-09-30 00:00:00+08:00,13409.65,13466.82,13274.72,13424.58,2822000
2022-10-03 00:00:00+08:00,13359.26,13440.23,13273.48,13300.48,2183300
2022-10-04 00:00:00+08:00,13447.36,13586.96,13447.36,13576.52,2392400
2022-10-05 00:00:00+08:00,13727.3,13902.02,13727.3,13801.43,2785100
2022-10-06 00:00:00+08:00,13865.45,13899.23,13814.33,13892.05,2151900
2022-10-07 00:00:00+08:00,13847.52,13847.52,13684.21,13702.28,1873700
2022-10-11 00:00:00+08:00,13394.12,13394.12,13106.03,13106.03,2847100
2022-10-12 00:00:00+08:00,13076.91,13130.73,12991.59,13081.24,2438200
2022-10-13 00:00:00+08:00,13108.4,13111.39,12809.43,12810.73,3440400
2022-10-14 00:00:00+08:00,13023.71,13221.87,13023.71,13128.12,2967500
2022-10-17 00:00:00+08:00,12988.83,12988.83,12814.82,12966.05,3036700
2022-10-18 00:00:00+08:00,13075.05,13143.15,12978.13,13124.68,2610300
2022-10-19 00:00:00+08:00,13096.35,13155.62,12976.76,12976.76,2470600
2022-10-20 00:00:00+08:00,12912.93,12946.1,12698.91,12946.1,3533700
2022-10-21 00:00:00+08:00,12931.2,12954.02,12813.6,12819.2,2220400
2022-10-24 00:00:00+08:00,12913.58,13027.84,12856.77,12856.98,2281500
2022-10-25 00:00:00+08:00,12830.29,12843.31,12629.48,12666.12,2289400
2022-10-26 00:00:00+08:00,12666.42,12791.97,12635.52,12729.05,2218400
2022-10-27 00:00:00+08:00,12807.69,12954.32,12807.69,12926.37,2373300
2022-10-28 00:00:00+08:00,12874.83,12891.38,12723.98,12788.42,2112200
2022-10-31 00:00:00+08:00,12862.37,12977.61,12826.34,12949.75,2003500
2022-11-01 00:00:00+08:00,12933.12,13062.9,12907.61,13037.21,2030700
2022-11-02 00:00:00+08:00,13033.15,13100.17,13014.04,13100.17,2032900
2022-11-03 00:00:00+08:00,12985.55,12991.37,12905.35,12986.6,2009100
2022-11-04 00:00:00+08:00,12941.78,13029.94,12868.25,13026.71,2354400
2022-11-07 00:00:00+08:00,13109.35,13246.59,13103.35,13223.73,2750000
2022-11-08 00:00:00+08:00,13274.91,13389.25,13274.91,13347.76,3009500
2022-11-09 00:00:00+08:00,13410.19,13638.81,13410.19,13638.81,2981300
2022-11-10 00:00:00+08:00,13556.51,13559.4,13463.85,13503.76,2335900
2022-11-11 00:00:00+08:00,13878.95,14045.51,13878.95,14007.56,3988800
2022-11-14 00:00:00+08:00,14080.91,14217.3,14076.94,14174.9,3396800
2022-11-15 00:00:00+08:00,14325.49,14568.51,14278.53,14546.31,3441500
2022-11-16 00:00:00+08:00,14637.85,14657.66,14481.06,14537.35,3356100
2022-11-17 00:00:00+08:00,14489.41,14545.89,14383.55,14535.23,2707100
2022-11-18 00:00:00+08:00,14584.31,14669.98,14470.48,14504.99,2787500
2022-11-21 00:00:00+08:00,14514.71,14530.76,14421.65,14449.39,2186300
2022-11-22 00:00:00+08:00,14404.08,14542.79,14371.09,14542.2,2281400
2022-11-23 00:00:00+08:00,14595.5,14647.98,14573.41,14608.54,2345700
2022-11-24 00:00:00+08:00,14649.8,14784.0,14649.8,14784.0,2615600
2022-11-25 00:00:00+08:00,14764.94,14835.66,14756.01,14778.51,2808900
2022-11-28 00:00:00+08:00,14636.9,14638.19,14503.12,14556.87,2567800
2022-11-29 00:00:00+08:00,14503.79,14716.58,14449.05,14709.64,3143000
2022-11-30 00:00:00+08:00,14678.23,14879.55,14678.23,14879.55,4457700
2022-12-01 00:00:00+08:00,15059.92,15152.38,14998.03,15012.8,3771700
2022-12-02 00:00:00+08:00,14933.2,15021.73,14921.06,14970.68,2999500
2022-12-05 00:00:00+08:00,14972.17,15088.06,14969.97,14980.74,3216700
2022-12-06 00:00:00+08:00,14955.29,14957.82,14728.88,14728.88,3221700
2022-12-07 00:00:00+08:00,14708.08,14823.15,14630.01,14630.01,3266900
2022-12-08 00:00:00+08:00,14631.21,14634.16,14464.2,14553.04,2428500
2022-12-09 00:00:00+08:00,14620.27,14742.79,14620.27,14705.43,2543200
2022-12-12 00:00:00+08:00,14658.46,14658.46,14538.66,14612.59,2221600
2022-12-13 00:00:00+08:00,14617.86,14658.7,14515.74,14522.96,2730600
2022-12-14 00:00:00+08:00,14557.56,14739.36,14557.56,14739.36,2640200
2022-12-15 00:00:00+08:00,14692.92,14756.38,14649.54,14734.13,2570800
2022-12-16 00:00:00+08:00,14554.21,14568.31,14447.77,14528.55,4451200
2022-12-19 00:00:00+08:00,14478.45,14493.72,14411.81,14433.32,3207500
2022-12-20 00:00:00+08:00,14410.75,14451.91,14157.99,14170.03,3679200
2022-12-21 00:00:00+08:00,14205.06,14291.98,14197.86,14234.4,3230800
2022-12-22 00:00:00+08:00,14323.04,14442.94,14323.04,14442.94,3258800
2022-12-23 00:00:00+08:00,14318.12,14318.12,14192.98,14271.63,1979800
2022-12-26 00:00:00+08:00,14271.2,14301.11,14253.2,14285.13,1574600
2022-12-27 00:00:00+08:00,14310.19,14410.24,14310.19,14328.43,1821100
2022-12-28 00:00:00+08:00,14249.83,14249.83,14119.3,14173.1,1958900
2022-12-29 00:00:00+08:00,14097.51,14120.57,13981.63,14085.02,1839200
2022-12-30 00:00:00+08:00,14183.52,14248.9,14137.69,14137.69,1748100
2023-01-03 00:00:00+08:00,14108.16,14237.94,14001.97,14224.12,1816400
2023-01-04 00:00:00+08:00,14186.95,14257.45,14177.97,14199.13,2073800
2023-01-05 00:00:00+08:00,14285.12,14357.6,14270.93,14301.05,2086500
2023-01-06 00:00:00+08:00,14278.52,14384.92,14278.52,14373.34,1741200
2023-01-09 00:00:00+08:00,14504.47,14752.21,14504.47,14752.21,2581100
2023-01-10 00:00:00+08:00,14796.27,14816.13,14728.56,14802.96,2069800
2023-01-11 00:00:00+08:00,14822.86,14842.74,14734.44,14751.44,1986800
2023-01-12 00:00:00+08:00,14780.58,14813.31,14700.73,14731.64,1812900
2023-01-13 00:00:00+08:00,14923.05,14962.31,14822.15,14824.13,1786500
2023-01-16 00:00:00+08:00,14895.26,14960.92,14895.26,14927.01,1611600
2023-01-17 00:00:00+08:00,14922.34,14945.23,14884.78,14932.93,1772600
2023-01-30 00:00:00+08:00,15291.53,15493.82,15291.53,15493.82,3697500
2023-01-31 00:00:00+08:00,15419.21,15441.98,15265.2,15265.2,3357200
2023-02-01 00:00:00+08:00,15346.35,15420.13,15291.68,15420.13,3009800
2023-02-02 00:00:00+08:00,15508.83,15602.09,15496.52,15595.16,3248500
2023-02-03 00:00:00+08:00,15591.95,15617.73,15504.03,15602.66,2647300
2023-02-06 00:00:00+08:00,15514.8,15514.8,15392.82,15392.82,2320600
2023-02-07 00:00:00+08:00,15376.12,15462.1,15363.65,15400.91,2251800
2023-02-08 00:00:00+08:00,15538.71,15631.22,15520.05,15618.17,2514500
2023-02-09 00:00:00+08:00,15590.0,15617.34,15553.84,15598.71,2236100
2023-02-10 00:00:00+08:00,15627.33,15628.3,15546.11,15586.65,2483000
2023-02-13 00:00:00+08:00,15564.76,15569.99,15465.56,15544.28,2184300
2023-02-14 00:00:00+08:00,15584.74,15669.63,15584.74,15654.48,2077800
2023-02-15 00:00:00+08:00,15497.67,15553.68,15388.85,15432.89,2438100
2023-02-16 00:00:00+08:00,15474.46,15585.48,15474.46,15550.5,2883000
2023-02-17 00:00:00+08:00,15503.75,15503.75,15418.43,15479.7,2528300
2023-02-20 00:00:00+08:00,15452.01,15575.32,15436.66,15551.23,2994900
2023-02-21 00:00:00+08:00,15535.64,15567.74,15496.73,15563.0,2997300
2023-02-22 00:00:00+08:00,15541.17,15541.17,15345.93,15418.77,2881300
2023-02-23 00:00:00+08:00,15463.46,15657.63,15463.46,15615.41,3012200
2023-02-24 00:00:00+08:00,15669.88,15717.96,15503.79,15503.79,2717600
2023-03-01 00:00:00+08:00,15435.38,15617.03,15387.38,15598.49,3062600
2023-03-02 00:00:00+08:00,15580.28,15618.06,15492.37,15598.72,2664900
2023-03-03 00:00:00+08:00,15621.36,15713.42,15606.85,15608.42,3025100
2023-03-06 00:00:00+08:00,15675.28,15818.88,15675.28,15763.51,3095600
2023-03-07 00:00:00+08:00,15763.87,15879.16,15749.04,15857.89,2944000
2023-03-08 00:00:00+08:00,15819.18,15821.49,15740.98,15818.2,3091600
2023-03-09 00:00:00+08:00,15827.98,15878.75,15770.66,15770.66,3556200
2023-03-10 00:00:00+08:00,15729.29,15729.29,15488.71,15526.2,3932200
2023-03-13 00:00:00+08:00,15514.03,15571.17,15349.67,15560.49,3141600
2023-03-14 00:00:00+08:00,15517.74,15517.74,15348.12,15360.42,3097800
2023-03-15 00:00:00+08:00,15425.99,15526.73,15387.59,15387.59,2998000
2023-03-16 00:00:00+08:00,15334.25,15334.25,15186.74,15221.12,3443900
2023-03-17 00:00:00+08:00,15337.97,15452.96,15337.97,15452.96,3434700
2023-03-20 00:00:00+08:00,15454.75,15488.98,15399.07,15419.97,2433600
2023-03-21 00:00:00+08:00,15437.95,15547.97,15437.95,15513.45,2773500
2023-03-22 00:00:00+08:00,15535.17,15760.46,15535.17,15760.46,2773200
2023-03-23 00:00:00+08:00,15711.6,15882.75,15680.84,15863.95,2652800
2023-03-24 00:00:00+08:00,15869.84,15921.97,15845.99,15914.7,2914300
2023-03-27 00:00:00+08:00,15873.67,15902.06,15821.63,15830.31,2706800
2023-03-28 00:00:00+08:00,15790.7,15846.54,15685.59,15701.48,2545400
2023-03-29 00:00:00+08:00,15766.29,15811.2,15681.1,15769.76,2376300
2023-03-30 00:00:00+08:00,15824.65,15885.21,15791.75,15849.43,2266900
2023-03-31 00:00:00+08:00,15874.19,15951.8,15857.19,15868.06,2440300
2023-04-06 00:00:00+08:00,15838.07,15838.07,15733.29,15810.77,2513500
2023-04-07 00:00:00+08:00,15856.19,15877.99,15811.19,15836.5,2199900
2023-04-10 00:00:00+08:00,15850.94,15919.76,15850.94,15876.17,2220400
2023-04-11 00:00:00+08:00,15886.46,15945.63,15838.1,15913.88,2744200
2023-04-12 00:00:00+08:00,15914.15,15944.32,15867.02,15932.97,3138100
2023-04-13 00:00:00+08:00,15888.63,15913.2,15800.42,15804.76,3825100
2023-04-14 00:00:00+08:00,15854.25,15973.82,15854.25,15929.43,3492400
2023-04-17 00:00:00+08:00,15934.64,15963.55,15894.77,15963.55,3396900
2023-04-18 00:00:00+08:00,15967.89,15967.89,15851.71,15869.44,3344600
2023-04-19 00:00:00+08:00,15874.65,15915.39,15756.75,15770.47,3554800
2023-04-20 00:00:00+08:00,15771.45,15804.38,15686.54,15707.52,3170900
2023-04-21 00:00:00+08:00,15776.54,15802.93,15592.96,15602.99,3512500
2023-04-24 00:00:00+08:00,15555.1,15643.86,15529.39,15626.87,2474500
2023-04-25 00:00:00+08:00,15606.83,15639.49,15353.22,15370.73,3449300
2023-04-26 00:00:00+08:00,15352.03,15398.4,15284.46,15374.63,2745800
2023-04-27 00:00:00+08:00,15374.39,15455.88,15306.69,15411.49,2616700
2023-04-28 00:00:00+08:00,15477.34,15580.63,15477.34,15579.18,2999300
2023-05-02 00:00:00+08:00,15588.68,15651.23,15532.63,15636.48,2915700
2023-05-03 00:00:00+08:00,15629.51,15629.51,15530.79,15553.41,2511600
2023-05-04 00:00:00+08:00,15548.02,15622.41,15523.5,15609.03,2461600
2023-05-05 00:00:00+08:00,15627.93,15673.62,15578.67,15626.07,2294100
2023-05-08 00:00:00+08:00,15648.54,15757.8,15648.54,15699.57,2829600
2023-05-09 00:00:00+08:00,15702.26,15744.27,15635.9,15727.7,2864700
2023-05-10 00:00:00+08:00,15708.48,15711.39,15579.49,15641.76,2366700
2023-05-11 00:00:00+08:00,15666.49,15675.37,15501.58,15514.64,2769100
2023-05-12 00:00:00+08:00,15477.12,15545.99,15424.42,15502.36,2711900
2023-05-15 00:00:00+08:00,15489.18,15510.09,15434.52,15475.05,2444700
2023-05-16 00:00:00+08:00,15550.57,15723.95,15550.57,15673.9,2617800
2023-05-17 00:00:00+08:00,15702.74,15961.97,15698.63,15925.29,3099200
2023-05-18 00:00:00+08:00,16060.26,16128.72,16015.62,16101.88,3379800
2023-05-19 00:00:00+08:00,16146.29,16189.81,16099.9,16174.92,3955600
2023-05-22 00:00:00+08:00,16168.74,16202.92,16131.55,16180.89,3311200
2023-05-23 00:00:00+08:00,16186.15,16239.5,16121.45,16188.03,3041900
2023-05-24 00:00:00+08:00,16186.62,16186.62,16070.16,16159.32,2938400
2023-05-25 00:00:00+08:00,16163.95,16323.77,16163.95,16292.0,3551900
2023-05-26 00:00:00+08:00,16509.14,16537.79,16457.74,16505.05,3981600
2023-05-29 00:00:00+08:00,16610.86,16683.76,16597.38,16636.3,3879200
2023-05-30 00:00:00+08:00,16648.77,16681.19,16579.13,16622.74,3645500
2023-05-31 00:00:00+08:00,16593.53,16636.65,16491.9,16578.96,5023700
2023-06-01 00:00:00+08:00,16511.0,16555.5,16477.43,16512.65,3888600
2023-06-02 00:00:00+08:00,16525.0,16752.2,16525.0,16706.91,4585600
2023-06-05 00:00:00+08:00,16714.48,16781.19,16703.6,16714.43,4575100
2023-06-06 00:00:00+08:00,16712.98,16793.81,16699.83,16761.66,3861900
2023-06-07 00:00:00+08:00,16771.76,16922.48,16771.76,16922.48,3721800
2023-06-08 00:00:00+08:00,16864.18,16899.51,16694.21,16733.69,3859300
2023-06-09 00:00:00+08:00,16775.92,16895.99,16775.92,16886.4,3598000
2023-06-12 00:00:00+08:00,16899.49,16999.72,16899.49,16955.37,3731500
2023-06-13 00:00:00+08:00,17135.84,17254.96,17129.23,17216.6,3764800
2023-06-14 00:00:00+08:00,17190.7,17259.23,17182.18,17238.14,4290400
2023-06-15 00:00:00+08:00,17259.37,17346.32,17259.37,17334.98,4893200
2023-06-16 00:00:00+08:00,17342.86,17342.86,17250.79,17288.91,6203100
2023-06-19 00:00:00+08:00,17274.07,17306.81,17210.87,17274.56,4654400
2023-06-20 00:00:00+08:00,17233.8,17247.16,17121.59,17184.91,4185300
2023-06-21 00:00:00+08:00,17186.72,17246.77,17131.45,17202.4,4354900
2023-06-26 00:00:00+08:00,17182.48,17182.48,17011.28,17059.24,3970000
2023-06-27 00:00:00+08:00,17022.15,17035.49,16887.9,16887.9,4028700
2023-06-28 00:00:00+08:00,16906.23,17011.12,16903.71,16935.63,3256100
2023-06-29 00:00:00+08:00,16930.41,17077.44,16911.38,16942.3,3357100
2023-06-30 00:00:00+08:00,16870.27,16919.95,16792.34,16915.54,3542500
2023-07-03 00:00:00+08:00,16915.54,17103.73,16915.54,17084.2,3930600
2023-07-04 00:00:00+08:00,17084.2,17154.1,17042.6,17140.77,4436200
2023-07-05 00:00:00+08:00,17140.77,17153.17,17020.01,17056.43,4153400
2023-07-06 00:00:00+08:00,17056.43,17056.43,16749.29,16762.17,4369600
2023-07-07 00:00:00+08:00,16762.17,16762.39,16593.84,16664.21,3783700
2023-07-10 00:00:00+08:00,16664.21,16798.81,16635.83,16652.8,3379500
2023-07-11 00:00:00+08:00,16675.69,16898.91,16675.69,16898.91,3940800
2023-07-12 00:00:00+08:00,16903.25,16962.03,16864.01,16962.03,4067700
2023-07-13 00:00:00+08:00,16994.59,17223.86,16994.59,17061.4,4859500
2023-07-14 00:00:00+08:00,17152.81,17287.4,17128.07,17283.71,4457500
2023-07-17 00:00:00+08:00,17279.11,17346.66,17235.92,17334.29,4827400
2023-07-18 00:00:00+08:00,17368.36,17401.59,17164.92,17227.91,6165200
2023-07-19 00:00:00+08:00,17265.38,17340.82,17082.54,17116.44,4897100
2023-07-20 00:00:00+08:00,17104.91,17214.41,17098.65,17164.89,3659100
2023-07-21 00:00:00+08:00,17106.29,17106.29,16859.13,17030.7,4256500
2023-07-24 00:00:00+08:00,17036.79,17098.73,16941.15,17033.61,4044800
2023-07-25 00:00:00+08:00,17061.88,17270.2,17061.88,17198.89,3822600
2023-07-26 00:00:00+08:00,17205.47,17247.02,17121.99,17162.55,4140400
2023-07-27 00:00:00+08:00,17189.3,17282.86,17189.3,17241.82,4509600
2023-07-28 00:00:00+08:00,17244.51,17328.21,17179.94,17292.93,4184900
2023-07-31 00:00:00+08:00,17341.04,17463.76,17081.48,17145.43,5016000
2023-08-01 00:00:00+08:00,17141.97,17252.32,17095.86,17212.87,3848500
2023-08-02 00:00:00+08:00,17207.22,17212.55,16844.57,16893.73,4905400
2023-08-04 00:00:00+08:00,16847.24,16887.38,16748.51,16843.68,3836700
2023-08-07 00:00:00+08:00,16870.81,17032.32,16868.74,16996.0,3358800
2023-08-08 00:00:00+08:00,17006.46,17043.56,16812.59,16877.07,3689000
2023-08-09 00:00:00+08:00,16836.64,16956.73,16798.5,16870.94,3230500
2023-08-10 00:00:00+08:00,16827.11,16827.11,16601.17,16634.7,3822300
2023-08-11 00:00:00+08:00,16644.65,16766.84,16601.25,16601.25,3143400
2023-08-14 00:00:00+08:00,16585.41,16585.41,16307.28,16393.66,3754700
2023-08-15 00:00:00+08:00,16438.63,16546.01,16437.63,16454.8,3164800
2023-08-16 00:00:00+08:00,16422.2,16446.78,16304.44,16446.78,3521200
2023-08-17 00:00:00+08:00,16411.63,16550.11,16264.65,16516.66,3718500
2023-08-18 00:00:00+08:00,16508.46,16583.95,16344.29,16381.31,3834000
2023-08-21 00:00:00+08:00,16414.14,16485.25,16347.77,16381.49,2647300
2023-08-22 00:00:00+08:00,16429.69,16535.07,16407.83,16437.61,2929100
2023-08-23 00:00:00+08:00,16440.39,16588.51,16440.39,16576.9,3025900
2023-08-24 00:00:00+08:00,16651.03,16822.36,16651.03,16770.87,3988000
2023-08-25 00:00:00+08:00,16708.53,16708.53,16481.58,16481.58,3217200
2023-08-28 00:00:00+08:00,16498.86,16582.96,16498.86,16509.26,3052400
2023-08-29 00:00:00+08:00,16528.49,16627.7,16495.76,16623.65,2649500
2023-08-30 00:00:00+08:00,16666.33,16780.42,16666.33,16719.82,2979300
2023-08-31 00:00:00+08:00,16707.35,16712.22,16630.67,16634.51,3812000
2023-09-01 00:00:00+08:00,16640.92,16730.13,16619.23,16644.94,3194100
2023-09-04 00:00:00+08:00,16649.67,16789.69,16648.51,16789.69,2734900
2023-09-05 00:00:00+08:00,16784.12,16791.61,16727.44,16791.61,2626500
2023-09-06 00:00:00+08:00,16796.37,16841.19,16732.69,16738.16,3123200
2023-09-07 00:00:00+08:00,16715.45,16715.45,16609.94,16619.14,2727400
2023-09-08 00:00:00+08:00,16609.93,16609.93,16505.64,16576.02,2492600
2023-09-11 00:00:00+08:00,16579.83,16600.03,16398.3,16432.95,3098400
2023-09-12 00:00:00+08:00,16433.82,16579.86,16422.91,16572.71,2744800
2023-09-13 00:00:00+08:00,16578.13,16653.3,16542.72,16581.51,2656800
2023-09-14 00:00:00+08:00,16581.62,16807.56,16581.62,16807.56,3031000
2023-09-15 00:00:00+08:00,16809.74,16920.92,16787.74,16920.92,4307600
2023-09-18 00:00:00+08:00,16893.97,16893.97,16698.24,16698.24,2642300
2023-09-19 00:00:00+08:00,16706.48,16762.52,16636.32,16636.32,2872700
2023-09-20 00:00:00+08:00,16626.61,16665.27,16522.38,16534.75,2959400
2023-09-21 00:00:00+08:00,16475.42,16475.42,16300.54,16316.67,2823600
2023-09-22 00:00:00+08:00,16267.32,16360.96,16202.43,16344.48,2268200
2023-09-25 00:00:00+08:00,16345.78,16498.38,16345.78,16452.23,2049400
2023-09-26 00:00:00+08:00,16440.26,16440.26,16276.07,16276.07,2412200
2023-09-27 00:00:00+08:00,16273.84,16324.22,16212.86,16310.36,2187900
2023-09-28 00:00:00+08:00,16330.71,16411.28,16311.41,16353.74,2477900
2023-10-02 00:00:00+08:00,16382.96,16575.31,16382.96,16557.31,2669600
2023-10-03 00:00:00+08:00,16520.24,16571.66,16453.8,16454.34,2697100
2023-10-04 00:00:00+08:00,16419.48,16419.48,16203.34,16273.38,2624800
2023-10-05 00:00:00+08:00,16313.89,16477.61,16313.89,16453.52,2503200
2023-10-06 00:00:00+08:00,16482.93,16539.13,16482.93,16520.57,2296800
2023-10-11 00:00:00+08:00,16567.43,16729.5,16567.43,16672.03,3635100
2023-10-12 00:00:00+08:00,16698.85,16825.91,16684.43,16825.91,2917100
2023-10-13 00:00:00+08:00,16815.91,16815.91,16726.43,16782.57,2955800
2023-10-16 00:00:00+08:00,16712.93,16712.93,16614.1,16652.24,2843500
2023-10-17 00:00:00+08:00,16678.28,16770.64,16618.3,16642.55,2965400
2023-10-18 00:00:00+08:00,16608.02,16612.25,16398.76,16440.91,3844900
2023-10-19 00:00:00+08:00,16416.54,16479.35,16382.4,16452.73,2608200
2023-10-20 00:00:00+08:00,16434.43,16462.56,16271.82,16440.72,3035200
2023-10-23 00:00:00+08:00,16391.41,16391.41,16245.84,16251.36,2273100
2023-10-24 00:00:00+08:00,16257.8,16318.77,16163.0,16309.76,2642000
2023-10-25 00:00:00+08:00,16320.71,16459.34,16320.71,16358.89,2667800
2023-10-26 00:00:00+08:00,16305.16,16305.16,16073.74,16073.74,2572100
2023-10-27 00:00:00+08:00,16112.75,16200.3,16112.75,16134.61,2142800
2023-10-30 00:00:00+08:00,16142.06,16203.33,16101.24,16149.68,2250800
2023-10-31 00:00:00+08:00,16176.58,16215.35,15975.91,16001.27,2703600
2023-11-01 00:00:00+08:00,16027.72,16099.03,15978.26,16038.56,2183800
2023-11-02 00:00:00+08:00,16094.26,16396.95,16094.26,16396.95,2464200
2023-11-03 00:00:00+08:00,16412.54,16520.1,16412.54,16507.65,2809400
2023-11-06 00:00:00+08:00,16572.56,16720.56,16572.56,16649.36,2709700
2023-11-07 00:00:00+08:00,16650.14,16684.95,16608.1,16684.95,2180100
2023-11-08 00:00:00+08:00,16691.32,16775.23,16665.4,16740.83,2664300
2023-11-09 00:00:00+08:00,16741.16,16759.43,16680.91,16745.65,2433800
2023-11-10 00:00:00+08:00,16725.94,16725.94,16651.23,16682.67,2157500
2023-11-13 00:00:00+08:00,16711.53,16961.02,16711.53,16839.29,2512400
2023-11-14 00:00:00+08:00,16884.52,16946.38,16884.52,16915.71,2619800
2023-11-15 00:00:00+08:00,17039.62,17143.88,17034.95,17128.78,3950300
2023-11-16 00:00:00+08:00,17136.52,17194.32,17089.4,17171.18,3308400
2023-11-17 00:00:00+08:00,17155.86,17253.47,17147.56,17208.95,3186300
2023-11-20 00:00:00+08:00,17197.82,17219.76,17151.82,17210.47,3044800
2023-11-21 00:00:00+08:00,17239.94,17421.17,17239.94,17416.7,3727100
2023-11-22 00:00:00+08:00,17325.6,17344.53,17264.95,17310.26,3167500
2023-11-23 00:00:00+08:00,17291.33,17343.61,17228.45,17294.55,3179200
2023-11-24 00:00:00+08:00,17304.65,17336.13,17268.38,17287.42,3037300
2023-11-27 00:00:00+08:00,17291.23,17351.93,17133.76,17137.42,3164500
2023-11-28 00:00:00+08:00,17150.3,17360.38,17145.2,17341.25,3435400
2023-11-29 00:00:00+08:00,17352.11,17441.79,17323.27,17370.56,3414100
2023-11-30 00:00:00+08:00,17389.2,17433.85,17313.3,17433.85,4478400
2023-12-01 00:00:00+08:00,17422.35,17450.13,17355.89,17438.35,3399000
2023-12-04 00:00:00+08:00,17450.64,17516.61,17398.1,17421.48,3929200
2023-12-05 00:00:00+08:00,17401.59,17401.59,17252.57,17328.01,3623500
2023-12-06 00:00:00+08:00,17340.82,17439.85,17337.47,17360.72,3307100
2023-12-07 00:00:00+08:00,17356.92,17387.94,17273.71,17278.74,3368200
2023-12-08 00:00:00+08:00,17309.36,17465.35,17309.36,17383.99,3155300
2023-12-11 00:00:00+08:00,17416.96,17451.82,17372.82,17418.34,3003300
2023-12-12 00:00:00+08:00,17429.61,17528.72,17404.88,17450.63,3356500
2023-12-13 00:00:00+08:00,17447.51,17507.92,17438.69,17468.93,3410000
2023-12-14 00:00:00+08:00,17482.38,17668.35,17482.38,17653.11,4072600
2023-12-15 00:00:00+08:00,17693.33,17743.54,17642.79,17673.87,5019300
2023-12-18 00:00:00+08:00,17637.86,17665.91,17586.88,17652.03,3975400
2023-12-19 00:00:00+08:00,17669.84,17669.84,17497.32,17576.55,3914800
2023-12-20 00:00:00+08:00,17608.35,17657.65,17597.48,17635.2,4182900
2023-12-21 00:00:00+08:00,17531.45,17552.9,17442.76,17543.74,4021800
2023-12-22 00:00:00+08:00,17586.16,17618.17,17567.55,17596.63,3700300
2023-12-25 00:00:00+08:00,17596.27,17663.35,17595.27,17604.84,3027400
2023-12-26 00:00:00+08:00,17619.09,17751.73,17619.09,17751.73,2900000
2023-12-27 00:00:00+08:00,17766.73,17897.16,17766.73,17891.5,3378000
2023-12-28 00:00:00+08:00,17900.76,17928.14,17841.76,17910.37,3289700
2023-12-29 00:00:00+08:00,17893.63,17945.7,17864.23,17930.81,2868000
2024-01-02 00:00:00+08:00,17939.79,17956.74,17784.97,17853.76,3254000
2024-01-03 00:00:00+08:00,17829.28,17829.28,17518.19,17559.31,3095000
2024-01-04 00:00:00+08:00,17574.39,17609.89,17515.73,17549.65,3096700
2024-01-05 00:00:00+08:00,17559.4,17606.79,17495.39,17519.14,3084900
2024-01-08 00:00:00+08:00,17534.52,17688.11,17534.52,17572.66,3044600
2024-01-09 00:00:00+08:00,17585.4,17694.26,17517.55,17535.49,3213400
2024-01-10 00:00:00+08:00,17495.67,17499.43,17439.27,17465.63,2843300
2024-01-11 00:00:00+08:00,17477.88,17574.92,17476.87,17545.32,2880100
2024-01-12 00:00:00+08:00,17536.05,17570.63,17469.87,17512.83,2596200
2024-01-15 00:00:00+08:00,17541.26,17632.77,17532.98,17546.82,0
2024-01-16 00:00:00+08:00,17523.78,17523.78,17337.58,17346.87,3415100
2024-01-17 00:00:00+08:00,17341.58,17361.05,17151.58,17161.79,3977500
2024-01-18 00:00:00+08:00,17169.1,17300.29,17169.1,17227.79,3027100
2024-01-19 00:00:00+08:00,17546.51,17682.97,17499.85,17681.52,3364900
2024-01-22 00:00:00+08:00,17770.78,17869.07,17765.13,17815.1,3480100
2024-01-23 00:00:00+08:00,17840.28,17893.73,17801.89,17874.59,3182700
2024-01-24 00:00:00+08:00,17883.62,17944.98,17856.34,17875.83,2687500
2024-01-25 00:00:00+08:00,17894.83,18014.26,17894.83,18002.62,2496500
2024-01-26 00:00:00+08:00,17985.44,18029.85,17943.65,17995.03,2484900
2024-01-29 00:00:00+08:00,18001.24,18119.63,17995.11,18119.63,2167700
2024-01-30 00:00:00+08:00,18083.45,18138.74,18034.63,18034.63,2422700
2024-01-31 00:00:00+08:00,17970.41,17996.33,17874.95,17889.56,2303000
2024-02-01 00:00:00+08:00,17871.27,17968.11,17832.95,17968.11,2620500
2024-02-02 00:00:00+08:00,18016.35,18059.93,17985.89,18059.93,2697800
2024-02-05 00:00:00+08:00,18047.4,18115.8,17992.17,18096.07,2575800
2024-02-15 00:00:00+08:00,18664.45,18725.47,18550.86,18644.57,3727500
2024-02-16 00:00:00+08:00,18639.66,18715.69,18585.14,18607.25,3658600
2024-02-19 00:00:00+08:00,18561.04,18663.74,18561.04,18635.8,3839600
2024-02-20 00:00:00+08:00,18610.21,18756.33,18610.21,18753.16,3375300
2024-02-21 00:00:00+08:00,18673.49,18729.03,18645.27,18676.31,3295300
2024-02-22 00:00:00+08:00,18826.85,18881.77,18758.15,18852.78,3580200
2024-02-23 00:00:00+08:00,18950.07,19012.38,18889.19,18889.19,3696800
2024-02-26 00:00:00+08:00,18899.39,18974.08,18854.71,18948.05,3220600
2024-02-27 00:00:00+08:00,18964.49,19023.01,18752.53,18854.41,3784600
2024-02-29 00:00:00+08:00,18796.54,19019.69,18794.62,18966.77,3892000
2024-03-01 00:00:00+08:00,19021.35,19041.92,18923.46,18935.93,3350500
2024-03-04 00:00:00+08:00,18952.69,19333.39,18952.69,19305.31,4014800
2024-03-05 00:00:00+08:00,19398.97,19453.85,19332.73,19386.92,3826500
2024-03-06 00:00:00+08:00,19283.61,19532.3,19246.3,19499.45,3886200
2024-03-07 00:00:00+08:00,19678.36,19794.57,19630.79,19693.52,4581400
2024-03-08 00:00:00+08:00,19966.49,20065.5,19638.13,19785.32,4903500
2024-03-11 00:00:00+08:00,19671.9,19828.7,19649.67,19726.08,3536700
2024-03-12 00:00:00+08:00,19672.76,19917.06,19664.71,19914.55,4044500
2024-03-13 00:00:00+08:00,20024.83,20112.81,19866.73,19928.51,4854900
2024-03-14 00:00:00+08:00,19920.63,19995.51,19775.5,19937.92,4476200
2024-03-15 00:00:00+08:00,19845.45,19888.13,19682.5,19682.5,5186200
2024-03-18 00:00:00+08:00,19706.11,19879.86,19706.11,19879.85,3761200
2024-03-19 00:00:00+08:00,19798.12,19921.25,19762.16,19857.2,4061600
2024-03-20 00:00:00+08:00,19879.25,19994.42,19728.43,19784.45,4499200
2024-03-21 00:00:00+08:00,19843.8,20199.3,19843.8,20199.09,4424400
2024-03-22 00:00:00+08:00,20232.06,20296.1,20084.31,20228.43,4690300
2024-03-25 00:00:00+08:00,20228.64,20285.38,20172.8,20192.25,3611700
2024-03-26 00:00:00+08:00,20208.88,20397.07,19977.4,20126.49,4582900
2024-03-27 00:00:00+08:00,20158.07,20255.1,20108.96,20200.12,3865800
2024-03-28 00:00:00+08:00,20213.34,20222.2,20065.93,20146.55,4294000
2024-03-29 00:00:00+08:00,20156.34,20335.92,20156.34,20294.45,4231500
2024-04-01 00:00:00+08:00,20319.73,20387.23,20217.58,20222.33,3144500
2024-04-02 00:00:00+08:00,20359.81,20466.57,20359.81,20466.57,3410300
2024-04-03 00:00:00+08:00,20388.84,20403.73,20269.66,20337.6,3449300
2024-04-08 00:00:00+08:00,20395.05,20487.83,20379.83,20417.7,3597800
2024-04-09 00:00:00+08:00,20521.56,20820.81,20521.56,20796.2,4638900
2024-04-10 00:00:00+08:00,20789.42,20883.69,20763.53,20763.53,4529300
2024-04-11 00:00:00+08:00,20713.25,20770.83,20651.88,20753.22,4546200
2024-04-12 00:00:00+08:00,20772.79,20825.04,20713.87,20736.57,4725000
2024-04-15 00:00:00+08:00,20586.53,20623.77,20449.77,20449.77,4754200
2024-04-16 00:00:00+08:00,20365.11,20365.11,19844.54,19901.96,5377200
2024-04-17 00:00:00+08:00,19986.62,20264.99,19986.62,20213.33,3987800
2024-04-18 00:00:00+08:00,20126.57,20363.09,20057.81,20301.2,4862300
2024-04-19 00:00:00+08:00,19992.06,19992.06,19291.88,19527.12,7130900
2024-04-22 00:00:00+08:00,19466.44,19695.49,19395.31,19411.22,5729000
2024-04-23 00:00:00+08:00,19564.38,19709.0,19509.74,19599.28,4097700
2024-04-24 00:00:00+08:00,19770.46,20165.77,19770.46,20131.74,4696300
2024-04-25 00:00:00+08:00,20003.0,20003.0,19848.57,19857.42,3809400
2024-04-26 00:00:00+08:00,20094.17,20226.29,20087.61,20120.51,4713100
2024-04-29 00:00:00+08:00,20235.93,20495.52,20235.93,20495.52,5508500
2024-04-30 00:00:00+08:00,20508.48,20559.97,20396.6,20396.6,4326200
2024-05-02 00:00:00+08:00,20360.67,20360.67,20222.44,20222.44,4720400
2024-05-03 00:00:00+08:00,20381.98,20521.49,20272.34,20330.32,4752500
2024-05-06 00:00:00+08:00,20479.8,20639.9,20479.8,20523.31,4590100
2024-05-07 00:00:00+08:00,20634.62,20689.19,20493.8,20653.53,4547600
2024-05-08 00:00:00+08:00,20604.18,20700.51,20547.48,20700.51,4479700
2024-05-09 00:00:00+08:00,20710.05,20754.61,20560.77,20560.77,4326400
2024-05-10 00:00:00+08:00,20582.12,20765.82,20574.01,20708.84,5206400
2024-05-13 00:00:00+08:00,20905.16,20933.28,20816.42,20857.71,4809000
2024-05-14 00:00:00+08:00,20835.95,20994.53,20816.77,20985.85,5002300
2024-05-15 00:00:00+08:00,20984.7,21308.32,20984.7,21147.21,5100000
2024-05-16 00:00:00+08:00,21319.02,21515.52,21249.88,21304.26,5601100
2024-05-17 00:00:00+08:00,21346.75,21346.75,21218.34,21258.47,5081300
2024-05-20 00:00:00+08:00,21278.38,21338.35,21102.18,21271.63,5277600
2024-05-21 00:00:00+08:00,21239.26,21307.08,21131.62,21236.75,4601200
2024-05-22 00:00:00+08:00,21248.99,21567.48,21248.99,21551.83,5382400
2024-05-23 00:00:00+08:00,21668.84,21668.84,21475.99,21607.43,5498400
2024-05-24 00:00:00+08:00,21442.67,21608.72,21381.25,21565.34,4233200
2024-05-27 00:00:00+08:00,21699.98,21871.34,21699.98,21803.77,4877400
2024-05-28 00:00:00+08:00,21812.2,21937.4,21812.2,21858.41,4906000
2024-05-29 00:00:00+08:00,21846.41,21906.1,21662.5,21662.5,5223800
2024-05-30 00:00:00+08:00,21481.39,21558.36,21364.24,21364.48,4495700
2024-05-31 00:00:00+08:00,21400.83,21539.03,21174.22,21174.22,7171300
2024-06-03 00:00:00+08:00,21388.71,21612.54,21372.08,21536.76,4756500
2024-06-04 00:00:00+08:00,21513.85,21529.98,21308.97,21356.62,4858900
2024-06-05 00:00:00+08:00,21385.0,21510.86,21264.63,21484.88,4124900
2024-06-06 00:00:00+08:00,21856.13,21970.63,21847.68,21902.7,4777500
2024-06-07 00:00:00+08:00,21823.62,21920.85,21823.62,21858.38,4981400
2024-06-11 00:00:00+08:00,21984.42,22003.71,21792.12,21792.12,5291900
2024-06-12 00:00:00+08:00,21841.81,22094.94,21841.81,22048.96,4372000
2024-06-13 00:00:00+08:00,22217.64,22440.1,22211.08,22312.04,4207100
2024-06-14 00:00:00+08:00,22311.93,22504.72,22252.02,22504.72,4357100
2024-06-17 00:00:00+08:00,22468.11,22567.34,22431.26,22496.53,4253400
2024-06-18 00:00:00+08:00,22690.34,22787.67,22642.94,22757.43,4284500
2024-06-19 00:00:00+08:00,22858.45,23275.3,22858.45,23209.54,5033100
2024-06-20 00:00:00+08:00,23196.69,23406.1,23180.7,23406.1,4446000
2024-06-21 00:00:00+08:00,23193.9,23351.17,23151.15,23253.39,6457400
2024-06-24 00:00:00+08:00,23124.31,23131.68,22813.7,22813.7,5094100
2024-06-25 00:00:00+08:00,22695.15,22875.97,22503.0,22875.97,4386700
2024-06-26 00:00:00+08:00,22938.57,23074.74,22893.75,22986.69,4289300
2024-06-27 00:00:00+08:00,22859.93,22922.56,22765.16,22905.98,4535700
2024-06-28 00:00:00+08:00,22896.72,23142.4,22896.72,23032.25,4348300
2024-07-01 00:00:00+08:00,23042.7,23187.88,23015.17,23058.57,4294900
2024-07-02 00:00:00+08:00,23012.74,23041.9,22833.78,22879.37,5034500
2024-07-03 00:00:00+08:00,23009.82,23172.43,22994.28,23172.43,5720700
2024-07-04 00:00:00+08:00,23360.88,23571.82,23360.88,23522.53,5361000
2024-07-05 00:00:00+08:00,23532.01,23628.86,23491.79,23556.59,5319900
2024-07-08 00:00:00+08:00,23550.64,24011.64,23505.86,23878.15,5644800
2024-07-09 00:00:00+08:00,23888.2,24126.66,23607.92,23900.08,6353500
2024-07-10 00:00:00+08:00,23744.88,24040.61,23682.49,24007.08,5510500
2024-07-11 00:00:00+08:00,24242.03,24416.67,24151.8,24390.03,5761800
2024-07-12 00:00:00+08:00,23955.67,24045.73,23774.22,23916.93,6056600
2024-07-15 00:00:00+08:00,23927.91,24018.31,23759.51,23879.36,5209800
2024-07-16 00:00:00+08:00,23880.33,24174.18,23861.77,23997.25,4762100
2024-07-17 00:00:00+08:00,23827.27,23993.68,23650.94,23769.82,6025100
2024-07-18 00:00:00+08:00,23373.01,23450.91,23148.74,23398.47,5618700
2024-07-19 00:00:00+08:00,23228.04,23235.82,22865.84,22869.26,5435600
2024-07-22 00:00:00+08:00,22818.86,22818.86,22130.88,22256.99,5194300
2024-07-23 00:00:00+08:00,22514.75,22871.84,22514.75,22871.84,3915800
2024-07-26 00:00:00+08:00,22206.93,22206.93,21889.61,22119.21,4132300
2024-07-29 00:00:00+08:00,22321.37,22471.4,22128.14,22164.49,3920300
2024-07-30 00:00:00+08:00,22040.04,22276.39,21833.85,22223.57,3659100
2024-07-31 00:00:00+08:00,22088.78,22315.31,22046.29,22199.35,3673200
2024-08-01 00:00:00+08:00,22546.4,22652.21,22465.06,22642.1,4149100
2024-08-02 00:00:00+08:00,22141.2,22141.2,21636.22,21638.09,4570100
2024-08-05 00:00:00+08:00,20982.92,20982.92,19783.5,19830.88,6413800
2024-08-06 00:00:00+08:00,20344.39,20751.5,19662.74,20501.02,6051700
2024-08-07 00:00:00+08:00,20638.28,21306.23,20638.28,21295.28,3982300
2024-08-08 00:00:00+08:00,21047.16,21074.19,20723.26,20870.1,3746500
2024-08-09 00:00:00+08:00,21212.0,21613.76,21212.0,21469.0,4426600
2024-08-12 00:00:00+08:00,21598.93,21897.98,21598.93,21773.26,3821500
2024-08-13 00:00:00+08:00,21816.07,21866.63,21698.47,21796.57,3389300
2024-08-14 00:00:00+08:00,21952.03,22155.29,21942.22,22027.25,3955900
2024-08-15 00:00:00+08:00,22005.69,22089.04,21895.17,21895.17,3151800
2024-08-16 00:00:00+08:00,22114.72,22374.94,22114.72,22349.33,3855200
2024-08-19 00:00:00+08:00,22338.83,22485.91,22307.17,22409.63,3122100
2024-08-20 00:00:00+08:00,22464.07,22545.89,22369.25,22429.1,3871600
2024-08-21 00:00:00+08:00,22316.78,22358.88,22165.82,22237.89,4134900
2024-08-22 00:00:00+08:00,22254.59,22315.92,22096.26,22148.83,3019700
2024-08-23 00:00:00+08:00,22042.59,22159.27,21935.98,22158.05,4275900
2024-08-26 00:00:00+08:00,22250.49,22449.45,22164.53,22240.12,4880500
2024-08-27 00:00:00+08:00,22179.21,22205.11,22059.51,22185.0,3660500
2024-08-28 00:00:00+08:00,22210.57,22370.66,22108.86,22370.66,3293800
2024-08-29 00:00:00+08:00,22136.31,22273.62,22010.89,22201.85,3416000
2024-08-30 00:00:00+08:00,22230.07,22342.25,22230.07,22268.09,4245800
2024-09-02 00:00:00+08:00,22341.9,22439.31,22178.04,22235.1,2928000
2024-09-03 00:00:00+08:00,22240.11,22303.5,22092.21,22092.21,2936800
2024-09-04 00:00:00+08:00,21574.65,21574.65,20922.17,21092.75,4571100
2024-09-05 00:00:00+08:00,21271.09,21488.81,21150.99,21187.71,3353700
2024-09-06 00:00:00+08:00,21255.45,21461.71,21125.14,21435.19,2587200
2024-09-09 00:00:00+08:00,21127.81,21163.91,20922.51,21144.44,2944600
2024-09-10 00:00:00+08:00,21252.57,21324.43,20977.0,21064.08,3118200
2024-09-11 00:00:00+08:00,21089.18,21134.05,21031.0,21031.0,2863800
2024-09-12 00:00:00+08:00,21373.64,21706.85,21373.64,21653.25,3050300
2024-09-13 00:00:00+08:00,21754.36,21796.39,21643.22,21759.65,2514700
2024-09-16 00:00:00+08:00,21800.0,21854.74,21736.7,21850.08,2823700
2024-09-18 00:00:00+08:00,21813.54,21859.16,21584.63,21678.84,3989100
2024-09-19 00:00:00+08:00,21675.4,22042.69,21656.66,22042.69,3393700
2024-09-20 00:00:00+08:00,22246.24,22354.54,22136.53,22159.42,5085000
2024-09-23 00:00:00+08:00,22170.94,22307.46,22170.94,22285.53,3582300
2024-09-24 00:00:00+08:00,22273.79,22431.78,22154.55,22431.78,3517800
2024-09-25 00:00:00+08:00,22569.29,22785.32,22569.29,22761.6,4014100
2024-09-26 00:00:00+08:00,22841.42,22961.77,22769.24,22858.81,3923400
2024-09-27 00:00:00+08:00,22978.97,23079.21,22806.83,22822.79,4104100
2024-09-30 00:00:00+08:00,22643.91,22691.23,22224.54,22224.54,3569300
2024-10-01 00:00:00+08:00,22329.65,22446.86,22311.33,22390.39,2789600
2024-10-04 00:00:00+08:00,22459.1,22493.05,22193.5,22302.71,3632200
2024-10-07 00:00:00+08:00,22479.24,22719.07,22479.24,22702.56,3508600
2024-10-08 00:00:00+08:00,22691.32,22691.32,22418.38,22611.39,3557200
2024-10-09 00:00:00+08:00,22637.17,22885.95,22637.17,22659.08,3670800
2024-10-11 00:00:00+08:00,22726.19,23011.11,22726.19,22901.64,3012500
2024-10-14 00:00:00+08:00,22947.32,23015.55,22799.14,22975.29,2706500
2024-10-15 00:00:00+08:00,23083.7,23353.91,23082.06,23292.04,3579700
2024-10-16 00:00:00+08:00,22990.64,23258.52,22866.73,23010.98,3698000
2024-10-17 00:00:00+08:00,23114.21,23191.79,22950.7,23053.84,3263300
2024-10-18 00:00:00+08:00,23620.57,23713.7,23378.36,23487.27,3775600
2024-10-21 00:00:00+08:00,23602.98,23678.51,23480.06,23542.53,3005000
2024-10-22 00:00:00+08:00,23428.11,23535.43,23269.86,23535.43,3046700
2024-10-23 00:00:00+08:00,23402.24,23486.45,23318.84,23334.76,3039000
2024-10-24 00:00:00+08:00,23446.64,23446.64,23150.77,23192.52,3322300
2024-10-25 00:00:00+08:00,23255.07,23388.53,23222.77,23348.45,2744200
2024-10-28 00:00:00+08:00,23455.69,23547.12,23164.42,23198.07,2880000
2024-10-29 00:00:00+08:00,23048.45,23056.57,22711.1,22926.59,2933400
2024-10-30 00:00:00+08:00,22985.13,23116.33,22801.45,22820.43,2981400
2024-11-01 00:00:00+08:00,22438.93,22828.98,22231.94,22780.08,3569900
2024-11-04 00:00:00+08:00,22839.18,23020.99,22792.77,22965.39,2715900
2024-11-05 00:00:00+08:00,22870.11,23178.8,22849.83,23106.79,2872200
2024-11-06 00:00:00+08:00,23112.95,23439.39,23035.3,23217.38,3163400
2024-11-07 00:00:00+08:00,23180.01,23518.63,23132.94,23408.82,3751300
2024-11-08 00:00:00+08:00,23608.11,23699.7,23509.13,23553.89,3635500
2024-11-11 00:00:00+08:00,23477.75,23563.8,23306.66,23529.64,3158800
2024-11-12 00:00:00+08:00,23276.76,23276.76,22981.77,22981.77,3983600
2024-11-13 00:00:00+08:00,22894.91,23046.47,22860.23,22860.23,3491500
2024-11-14 00:00:00+08:00,22821.04,22893.82,22619.71,22715.38,3593400
2024-11-15 00:00:00+08:00,22767.11,22940.8,22690.77,22742.77,3823100
2024-11-18 00:00:00+08:00,22693.96,22781.77,22503.69,22546.54,3431100
2024-11-19 00:00:00+08:00,22614.74,22906.69,22578.75,22848.8,3689400
2024-11-20 00:00:00+08:00,22872.91,22977.56,22622.47,22688.36,3757700
2024-11-21 00:00:00+08:00,22671.66,22708.57,22490.28,22555.66,3395800
2024-11-22 00:00:00+08:00,22799.53,23019.04,22799.53,22904.32,3505100
2024-11-25 00:00:00+08:00,22996.05,23172.43,22948.37,22948.37,5048900
2024-11-26 00:00:00+08:00,22789.6,22832.11,22645.13,22678.76,2985600
2024-11-27 00:00:00+08:00,22665.58,22743.99,22334.78,22334.78,3577000
2024-11-28 00:00:00+08:00,22380.45,22413.25,22124.31,22298.9,3123400
2024-11-29 00:00:00+08:00,22202.28,22429.86,22055.38,22262.5,2801000
2024-12-02 00:00:00+08:00,22456.5,22802.53,22456.5,22736.93,2812700
2024-12-03 00:00:00+08:00,22972.3,23144.78,22972.3,23027.46,3099500
2024-12-04 00:00:00+08:00,23126.08,23255.33,23034.7,23255.33,2836900
2024-12-05 00:00:00+08:00,23308.29,23387.17,23225.31,23267.94,2847600
2024-12-06 00:00:00+08:00,23278.68,23361.12,23137.62,23193.27,2954100
2024-12-09 00:00:00+08:00,23287.79,23325.99,23172.22,23273.25,3209600
2024-12-10 00:00:00+08:00,23228.26,23329.01,23071.43,23125.08,2908900
2024-12-11 00:00:00+08:00,23108.36,23108.36,22880.57,22903.63,2760300
2024-12-12 00:00:00+08:00,23050.64,23189.29,23030.48,23046.8,3059200
2024-12-13 00:00:00+08:00,23002.37,23097.52,22920.84,23020.48,3046000
2024-12-16 00:00:00+08:00,23207.21,23264.4,22959.91,23039.9,3188400
2024-12-17 00:00:00+08:00,23131.57,23223.51,23018.01,23018.01,3429100
2024-12-18 00:00:00+08:00,23014.43,23211.17,22934.59,23168.67,3298300
2024-12-19 00:00:00+08:00,22947.56,22947.56,22743.3,22932.25,3445900
2024-12-20 00:00:00+08:00,22798.39,22845.59,22510.25,22510.25,4683900
2024-12-23 00:00:00+08:00,22811.56,23132.25,22811.56,23104.54,3504100
2024-12-24 00:00:00+08:00,23260.74,23326.25,23120.24,23120.24,3344300
2024-12-25 00:00:00+08:00,23226.35,23296.36,23159.36,23220.13,3073700
2024-12-26 00:00:00+08:00,23276.08,23320.62,23241.94,23246.94,2941300
2024-12-27 00:00:00+08:00,23251.28,23335.66,23204.35,23275.68,2416800
2024-12-30 00:00:00+08:00,23274.26,23331.67,23159.7,23190.2,2483600
2024-12-31 00:00:00+08:00,23094.07,23123.96,22972.99,23035.1,2572400
2025-01-02 00:00:00+08:00,22975.71,23038.08,22713.63,22832.06,3148600
2025-01-03 00:00:00+08:00,23018.56,23092.07,22905.4,22908.3,2828200
2025-01-06 00:00:00+08:00,23131.79,23553.29,23131.79,23547.71,2957500
2025-01-07 00:00:00+08:00,23824.72,23943.95,23651.27,23651.27,3207900
2025-01-08 00:00:00+08:00,23522.29,23671.28,23388.63,23407.33,2606700
2025-01-09 00:00:00+08:00,23406.72,23463.96,23081.13,23081.13,3399500
2025-01-10 00:00:00+08:00,23067.46,23202.25,22989.67,23011.86,2979400
2025-01-13 00:00:00+08:00,23070.32,23070.32,22458.22,22488.33,3544500
2025-01-14 00:00:00+08:00,22573.96,22797.52,22542.93,22797.52,2319000
2025-01-15 00:00:00+08:00,22757.46,22777.34,22509.65,22514.57,2359800
2025-01-16 00:00:00+08:00,22817.52,23147.69,22817.52,23025.1,2497000
2025-01-17 00:00:00+08:00,23190.12,23209.88,22905.53,23148.08,2465000
2025-01-20 00:00:00+08:00,23203.47,23346.64,23176.43,23266.82,2168200
2025-01-21 00:00:00+08:00,23266.82,23377.64,23174.02,23300.01,0
2025-01-22 00:00:00+08:00,23472.67,23642.08,23472.67,23525.41,2695000
2025-02-03 00:00:00+08:00,22796.71,22796.71,22502.2,22694.71,3428900
2025-02-04 00:00:00+08:00,22836.27,22934.31,22720.62,22793.96,2990000
2025-02-05 00:00:00+08:00,22916.38,23249.33,22916.38,23161.58,2482200
2025-02-06 00:00:00+08:00,23226.5,23348.42,23216.65,23316.6,2400700
2025-02-07 00:00:00+08:00,23289.97,23478.27,23254.17,23478.27,2672200
2025-02-10 00:00:00+08:00,23421.77,23448.16,23163.85,23252.14,2706000
2025-02-11 00:00:00+08:00,23321.92,23485.51,23289.76,23384.05,2956500
2025-02-12 00:00:00+08:00,23449.31,23528.61,23289.75,23289.75,3159400
2025-02-13 00:00:00+08:00,23263.28,23413.1,23206.45,23399.41,3604700
2025-02-14 00:00:00+08:00,23198.39,23276.24,23142.95,23152.61,3818900
2025-02-17 00:00:00+08:00,23258.17,23510.68,23242.84,23505.33,3408200
2025-02-18 00:00:00+08:00,23550.5,23666.11,23454.09,23666.11,3038600
2025-02-19 00:00:00+08:00,23589.44,23683.46,23550.99,23604.08,3534600
2025-02-20 00:00:00+08:00,23530.97,23576.71,23400.75,23487.46,3563200
2025-02-21 00:00:00+08:00,23526.13,23732.58,23488.42,23730.25,3518400
2025-02-24 00:00:00+08:00,23573.8,23605.22,23461.43,23565.31,3211200
2025-02-25 00:00:00+08:00,23376.42,23376.42,23209.53,23285.72,3717900
2025-02-26 00:00:00+08:00,23221.84,23431.24,23156.02,23402.55,3362900
2025-02-27 00:00:00+08:00,23446.46,23487.73,23053.18,23053.18,5093000
2025-03-03 00:00:00+08:00,22734.05,22775.02,22611.1,22756.25,3324900
2025-03-04 00:00:00+08:00,22508.8,22700.94,22359.5,22596.88,3100900
2025-03-05 00:00:00+08:00,22778.86,22948.3,22757.22,22871.9,3075000
2025-03-06 00:00:00+08:00,22930.11,22979.97,22715.43,22715.43,2851500
2025-03-07 00:00:00+08:00,22696.23,22747.11,22542.08,22576.07,2987500
2025-03-10 00:00:00+08:00,22548.98,22641.25,22407.57,22459.15,3078100
2025-03-11 00:00:00+08:00,22126.06,22140.39,21769.57,22071.09,3604700
2025-03-12 00:00:00+08:00,22171.1,22391.47,22153.61,22278.36,3159800
2025-03-13 00:00:00+08:00,22403.34,22552.43,21961.68,21961.68,3666300
2025-03-14 00:00:00+08:00,21986.81,22074.03,21895.9,21968.05,3373300
2025-03-17 00:00:00+08:00,22137.53,22306.83,22110.08,22118.63,2961500
2025-03-18 00:00:00+08:00,22204.62,22327.1,22186.42,22271.67,2652000
2025-03-19 00:00:00+08:00,22245.42,22247.66,21942.69,21960.83,2916300
2025-03-20 00:00:00+08:00,22171.0,22377.26,22171.0,22377.26,2626000
2025-03-21 00:00:00+08:00,22362.38,22366.95,22200.23,22209.1,3597700
2025-03-24 00:00:00+08:00,22348.38,22380.73,22106.64,22106.64,2651400
2025-03-25 00:00:00+08:00,22269.37,22414.02,22228.68,22273.19,2553000
2025-03-26 00:00:00+08:00,22327.61,22398.12,22235.89,22260.29,2295800
2025-03-27 00:00:00+08:00,22093.2,22093.2,21919.4,21951.76,2674800
2025-03-28 00:00:00+08:00,21836.16,21836.16,21525.05,21602.89,3242700
2025-03-31 00:00:00+08:00,21254.63,21254.63,20695.9,20695.9,4034100
2025-04-01 00:00:00+08:00,20884.53,21315.52,20884.53,21280.17,2753300
2025-04-02 00:00:00+08:00,21313.77,21390.52,21235.99,21298.22,2300200
2025-04-07 00:00:00+08:00,20153.57,20153.57,19212.02,19232.35,1558900
2025-04-08 00:00:00+08:00,19064.47,19064.47,18180.48,18459.95,5839900
2025-04-09 00:00:00+08:00,18337.44,18371.52,17306.97,17391.76,6177900
2025-04-10 00:00:00+08:00,18256.47,19024.47,18256.47,19000.03,2659600
2025-04-11 00:00:00+08:00,18772.5,19528.77,18418.2,19528.77,4766500
2025-04-14 00:00:00+08:00,19686.68,20023.63,19508.93,19513.09,4176300
2025-04-15 00:00:00+08:00,19609.9,19895.43,19576.15,19857.67,2866400
2025-04-16 00:00:00+08:00,19737.09,19737.09,19453.14,19468.0,2805300
2025-04-17 00:00:00+08:00,19389.52,19478.0,19196.47,19338.73,2300500
2025-04-18 00:00:00+08:00,19423.98,19499.28,19376.35,19395.03,2123700
2025-04-21 00:00:00+08:00,19321.14,19359.96,19080.6,19106.2,2325500
2025-04-22 00:00:00+08:00,18990.86,19059.65,18793.43,18793.43,2526000
2025-04-23 00:00:00+08:00,19163.61,19639.14,19163.61,19639.14,2694600
2025-04-24 00:00:00+08:00,19752.59,19752.59,19433.37,19478.81,2418200
2025-04-25 00:00:00+08:00,19861.24,20012.27,19861.24,19872.73,2674500
2025-04-28 00:00:00+08:00,19972.07,20073.75,19972.07,20034.41,2131000
2025-04-29 00:00:00+08:00,20018.32,20232.63,20007.3,20232.63,2538500
2025-04-30 00:00:00+08:00,20215.39,20331.89,20185.31,20235.03,2806300
2025-05-02 00:00:00+08:00,20534.08,20787.64,20534.08,20787.64,2779300
2025-05-05 00:00:00+08:00,20839.04,20885.54,20320.8,20532.99,3929000
2025-05-06 00:00:00+08:00,20353.88,20623.85,20349.56,20522.59,3091500
2025-05-07 00:00:00+08:00,20575.15,20685.28,20418.03,20546.49,2681400
2025-05-08 00:00:00+08:00,20559.65,20747.28,20543.4,20543.4,2348100
2025-05-09 00:00:00+08:00,20690.8,20915.04,20643.56,20915.04,2744700
2025-05-12 00:00:00+08:00,20996.95,21176.13,20996.95,21129.54,2687300
2025-05-13 00:00:00+08:00,21474.02,21626.28,21330.14,21330.14,3601900
2025-05-14 00:00:00+08:00,21552.42,21782.87,21552.42,21782.87,3656500
2025-05-15 00:00:00+08:00,21776.65,21821.01,21674.32,21730.25,3543000
2025-05-16 00:00:00+08:00,21731.88,21854.5,21697.85,21843.69,3714600
2025-05-19 00:00:00+08:00,21786.33,21786.33,21496.69,21523.83,3401200
2025-05-20 00:00:00+08:00,21631.61,21746.56,21517.1,21526.03,2908900
2025-05-21 00:00:00+08:00,21603.58,21879.24,21603.58,21803.91,3078500
2025-05-22 00:00:00+08:00,21733.82,21733.82,21585.31,21670.96,3137400
2025-05-23 00:00:00+08:00,21766.24,21798.88,21559.78,21652.24,3065000
2025-05-26 00:00:00+08:00,21577.64,21688.45,21536.57,21536.57,3105400
2025-05-27 00:00:00+08:00,21491.65,21558.47,21310.0,21336.54,3512400
2025-05-28 00:00:00+08:00,21539.15,21634.37,21305.73,21357.72,3647300
2025-05-29 00:00:00+08:00,21531.29,21605.26,21347.3,21347.3,5081700
2025-06-02 00:00:00+08:00,21253.97,21256.1,20940.98,21002.71,3805400
2025-06-03 00:00:00+08:00,21126.7,21303.21,21110.63,21126.93,3739600
2025-06-04 00:00:00+08:00,21341.44,21618.09,21341.44,21618.09,4061200
2025-06-05 00:00:00+08:00,21695.93,21738.93,21626.74,21674.43,3521900
2025-06-06 00:00:00+08:00,21637.77,21702.46,21606.7,21660.66,2964300
2025-06-09 00:00:00+08:00,21773.45,21866.27,21717.52,21790.29,3035200
2025-06-10 00:00:00+08:00,21921.24,22294.86,21921.24,22242.14,3534000
2025-06-11 00:00:00+08:00,22376.37,22470.1,22294.6,22470.1,3669800
2025-06-12 00:00:00+08:00,22362.67,22390.17,22253.64,22287.82,3060300
2025-06-13 00:00:00+08:00,22215.5,22228.01,21984.36,22072.95,3285000
2025-06-16 00:00:00+08:00,22058.57,22094.6,21936.38,22049.9,2521300
2025-06-17 00:00:00+08:00,22172.59,22331.69,22118.46,22211.59,3044000
2025-06-18 00:00:00+08:00,22135.83,22370.25,22104.68,22356.73,3214600
2025-06-19 00:00:00+08:00,22238.1,22249.4,21973.04,22003.5,3057900
2025-06-20 00:00:00+08:00,21960.51,22089.48,21779.55,22045.74,4418300
2025-06-23 00:00:00+08:00,21750.7,21801.32,21551.58,21732.02,3015300
2025-06-24 00:00:00+08:00,22001.48,22201.05,22001.48,22188.76,3767600
2025-06-25 00:00:00+08:00,22341.87,22444.51,22284.52,22430.61,3405900
2025-06-26 00:00:00+08:00,22425.39,22587.67,22391.27,22492.34,3685100
2025-06-27 00:00:00+08:00,22503.85,22580.08,22388.59,22580.08,3454100
2025-06-30 00:00:00+08:00,22508.33,22558.95,22256.02,22256.02,3443500
2025-07-01 00:00:00+08:00,22419.74,22730.76,22401.58,22553.72,3676400
2025-07-02 00:00:00+08:00,22463.55,22577.74,22396.26,22577.74,2897200
2025-07-03 00:00:00+08:00,22707.41,22816.2,22700.86,22712.97,3368000
2025-07-04 00:00:00+08:00,22756.55,22842.75,22500.97,22547.5,3270200
2025-07-07 00:00:00+08:00,22550.14,22550.5,22294.11,22428.72,2570300
2025-07-08 00:00:00+08:00,22375.65,22375.65,22190.46,22362.27,2661400
2025-07-09 00:00:00+08:00,22253.17,22527.01,22211.1,22527.01,2907300
2025-07-10 00:00:00+08:00,22566.51,22699.29,22513.35,22693.25,2829400
2025-07-11 00:00:00+08:00,22602.81,22770.01,22601.95,22751.03,4446700
2025-07-14 00:00:00+08:00,22679.18,22735.23,22525.66,22614.97,2557300
2025-07-15 00:00:00+08:00,22618.43,22888.23,22588.26,22835.94,2696000
2025-07-16 00:00:00+08:00,22967.51,23106.43,22923.12,23042.9,3171200
2025-07-17 00:00:00+08:00,23042.97,23159.54,22923.37,23113.28,3078000
2025-07-18 00:00:00+08:00,23345.72,23468.21,23276.02,23383.13,2995200
2025-07-21 00:00:00+08:00,23314.29,23403.83,23243.79,23340.56,2784300
2025-07-22 00:00:00+08:00,23301.66,23486.08,22985.9,22987.92,3764700
2025-07-23 00:00:00+08:00,23063.57,23318.67,23063.57,23318.67,3346500
2025-07-24 00:00:00+08:00,23373.67,23455.09,23295.31,23373.73,3659600
2025-07-25 00:00:00+08:00,23454.59,23485.56,23308.45,23364.38,2946900
2025-07-28 00:00:00+08:00,23477.1,23564.44,23350.73,23412.98,3255000
2025-07-29 00:00:00+08:00,23414.36,23422.17,23094.67,23201.52,3565200
2025-07-30 00:00:00+08:00,23288.72,23461.72,23264.64,23461.72,3352200
2025-07-31 00:00:00+08:00,23523.59,23631.11,23454.44,23542.52,3757100
2025-08-01 00:00:00+08:00,23318.37,23484.21,23168.27,23434.38,3402400
2025-08-04 00:00:00+08:00,23260.18,23378.94,23151.65,23378.94,3191500
2025-08-05 00:00:00+08:00,23498.4,23671.84,23498.4,23660.59,3421400
2025-08-06 00:00:00+08:00,23443.36,23557.49,23433.53,23447.36,3264600
2025-08-07 00:00:00+08:00,23717.35,24050.54,23717.35,24003.77,3487700
2025-08-08 00:00:00+08:00,24026.65,24131.46,23967.99,24021.26,3790600
2025-08-11 00:00:00+08:00,23980.39,24249.05,23887.25,24135.5,3851900
2025-08-12 00:00:00+08:00,24182.84,24263.92,24065.43,24158.36,4193700
2025-08-13 00:00:00+08:00,24232.04,24406.94,24172.19,24370.02,4867300
2025-08-14 00:00:00+08:00,24258.5,24389.51,24198.88,24238.1,4491700
2025-08-15 00:00:00+08:00,24266.23,24385.56,24164.43,24334.48,4491700
2025-08-18 00:00:00+08:00,24272.55,24515.65,24257.3,24482.52,4745200
2025-08-19 00:00:00+08:00,24493.92,24551.42,24324.29,24353.5,4734800
2025-08-20 00:00:00+08:00,24309.27,24309.27,23620.24,23625.44,4336000
2025-08-21 00:00:00+08:00,23739.83,24011.5,23739.83,23962.13,3924400
2025-08-22 00:00:00+08:00,24033.02,24071.65,23764.47,23764.47,3633100
2025-08-25 00:00:00+08:00,24108.81,24362.02,24108.75,24277.38,3818800
2025-08-26 00:00:00+08:00,24237.36,24382.42,24113.03,24305.1,5104500
2025-08-27 00:00:00+08:00,24449.81,24539.88,24410.08,24519.9,4022200
2025-08-28 00:00:00+08:00,24468.12,24502.37,24236.45,24236.45,4093700
2025-08-29 00:00:00+08:00,24438.03,24570.15,24233.1,24233.1,4230800
2025-09-01 00:00:00+08:00,24143.37,24312.83,23885.41,24071.73,3978800
2025-09-02 00:00:00+08:00,24113.9,24295.03,23890.33,24016.78,3621600
2025-09-03 00:00:00+08:00,24036.88,24103.23,23925.49,24100.3,3208300
2025-09-04 00:00:00+08:00,24235.27,24389.35,24168.16,24179.85,4098500
2025-09-05 00:00:00+08:00,24244.26,24494.58,24244.26,24494.58,3935800
2025-09-08 00:00:00+08:00,24610.85,24729.96,24547.38,24547.38,4221200
2025-09-09 00:00:00+08:00,24650.46,24880.07,24650.46,24855.18,4235300
2025-09-10 00:00:00+08:00,25032.88,25272.23,25032.88,25192.59,4503300
2025-09-11 00:00:00+08:00,25509.3,25541.44,25174.13,25215.71,5159400
2025-09-12 00:00:00+08:00,25349.7,25492.28,25349.7,25474.64,4362700
2025-09-15 00:00:00+08:00,25494.1,25519.94,25284.17,25357.16,3734300
2025-09-16 00:00:00+08:00,25335.46,25664.81,25335.46,25629.64,4224500
2025-09-17 00:00:00+08:00,25543.91,25632.07,25422.96,25438.25,4404600
2025-09-18 00:00:00+08:00,25543.17,25769.36,25475.25,25769.36,4746200
2025-09-19 00:00:00+08:00,25794.66,25864.01,25578.37,25578.37,6041400
2025-09-22 00:00:00+08:00,25599.6,25887.69,25599.6,25880.6,4316700
2025-09-23 00:00:00+08:00,26121.0,26307.3,26041.69,26247.37,4775000
2025-09-24 00:00:00+08:00,26389.16,26394.03,26045.47,26196.73,4309500
2025-09-25 00:00:00+08:00,26067.97,26247.85,26023.85,26023.85,5318500
2025-09-26 00:00:00+08:00,25998.28,25998.28,25469.04,25580.32,4370400
2025-09-30 00:00:00+08:00,25738.31,25975.84,25738.31,25820.54,3601000
2025-10-01 00:00:00+08:00,26078.29,26325.79,25982.91,25982.91,4127200
2025-10-02 00:00:00+08:00,26392.31,26489.79,26330.25,26378.39,4331900
2025-10-03 00:00:00+08:00,26435.1,26761.06,26410.03,26761.06,3947400
2025-10-07 00:00:00+08:00,27029.28,27301.42,27017.08,27211.95,4714200
2025-10-08 00:00:00+08:00,26999.82,27110.43,26883.99,27063.68,4475000
2025-10-09 00:00:00+08:00,27301.61,27463.12,27253.07,27301.92,5551400
2025-10-13 00:00:00+08:00,26762.6,26965.72,26470.44,26923.42,4848200
2025-10-14 00:00:00+08:00,27282.1,27507.16,26764.06,26793.15,6407700
2025-10-15 00:00:00+08:00,26911.05,27275.71,26773.15,27275.71,4438300
2025-10-16 00:00:00+08:00,27337.32,27732.78,27337.32,27647.87,4657900
2025-10-17 00:00:00+08:00,27399.91,27513.09,27302.37,27302.37,4488400
2025-10-20 00:00:00+08:00,27480.44,27768.27,27412.45,27688.63,4283400
2025-10-21 00:00:00+08:00,27742.55,27969.05,27742.55,27752.41,4293000
2025-10-22 00:00:00+08:00,27614.11,27725.83,27490.89,27648.91,3944200
2025-10-23 00:00:00+08:00,27457.07,27586.85,27371.67,27532.26,3819800
2025-10-27 00:00:00+08:00,28029.88,28196.33,27993.63,27993.63,4954700
2025-10-28 00:00:00+08:00,28041.01,28087.93,27885.62,27949.11,5011300
2025-10-29 00:00:00+08:00,28157.91,28395.31,28139.65,28294.74,5040500
2025-10-30 00:00:00+08:00,28350.24,28527.68,28116.6,28287.53,5137600
2025-10-31 00:00:00+08:00,28280.47,28489.76,28233.35,28233.35,4459700
2025-11-03 00:00:00+08:00,28253.53,28494.99,28150.45,28334.59,3968500
2025-11-04 00:00:00+08:00,28364.76,28554.61,28033.62,28116.56,4218000
2025-11-05 00:00:00+08:00,27785.91,27799.09,27373.05,27717.06,4085800
2025-11-06 00:00:00+08:00,27906.44,28061.53,27879.7,27899.45,4125700
2025-11-07 00:00:00+08:00,27818.54,27818.54,27621.48,27651.41,4344700
2025-11-10 00:00:00+08:00,27805.47,27976.89,27680.51,27869.51,4157600
2025-11-11 00:00:00+08:00,28031.54,28187.7,27784.95,27784.95,5302400
2025-11-12 00:00:00+08:00,27853.47,28071.76,27799.92,27947.09,5291300
2025-11-13 00:00:00+08:00,27867.59,28038.24,27811.81,27903.56,6572900
2025-11-14 00:00:00+08:00,27816.45,27816.45,27383.34,27397.5,5171300
2025-11-17 00:00:00+08:00,27600.74,27723.77,27447.31,27447.31,4781900
2025-11-18 00:00:00+08:00,27310.4,27310.4,26756.12,26756.12,5433000
2025-11-19 00:00:00+08:00,26708.28,26902.97,26580.12,26580.12,4448000
2025-11-20 00:00:00+08:00,27212.91,27493.63,27183.03,27426.36,4862100
2025-11-21 00:00:00+08:00,26821.97,26821.97,26395.98,26434.94,4006000
2025-11-24 00:00:00+08:00,26596.03,26764.13,26482.33,26504.24,6156100
2025-11-25 00:00:00+08:00,26995.9,27118.02,26793.71,26912.17,3724900
2025-11-26 00:00:00+08:00,27063.17,27409.54,27063.17,27409.54,4016500
2025-11-27 00:00:00+08:00,27517.24,27659.06,27436.59,27554.53,3621100
2025-11-28 00:00:00+08:00,27566.12,27796.9,27566.12,27626.48,3953500
2025-12-01 00:00:00+08:00,27674.16,27697.06,27342.53,27342.53,3774100
2025-12-02 00:00:00+08:00,27550.35,27741.89,27477.1,27564.27,4210100
2025-12-03 00:00:00+08:00,27605.63,27847.67,27605.63,27793.04,3769000
2025-12-04 00:00:00+08:00,27773.42,27880.23,27636.63,27795.71,3599700
2025-12-05 00:00:00+08:00,27796.43,27980.89,27738.5,27980.89,3817000
2025-12-08 00:00:00+08:00,28034.0,28303.78,28026.39,28303.78,4068700
2025-12-09 00:00:00+08:00,28364.04,28390.24,28157.27,28182.6,4898300
2025-12-10 00:00:00+08:00,28190.76,28417.09,28190.76,28400.73,4773000
2025-12-11 00:00:00+08:00,28385.23,28568.02,27984.19,28024.75,4248000
2025-12-12 00:00:00+08:00,28097.54,28272.06,28071.34,28198.02,4802600
2025-12-15 00:00:00+08:00,28119.79,28119.79,27684.87,27866.94,4157000
2025-12-16 00:00:00+08:00,27721.1,27740.66,27355.67,27536.66,5140200
2025-12-17 00:00:00+08:00,27596.18,27780.69,27469.6,27525.17,5499500
2025-12-18 00:00:00+08:00,27447.45,27569.44,27350.77,27468.53,4799900
2025-12-19 00:00:00+08:00,27685.74,27869.78,27672.05,27696.35,5627700
2025-12-22 00:00:00+08:00,27986.66,28168.75,27986.66,28149.64,5026500
2025-12-23 00:00:00+08:00,28253.14,28350.37,28212.84,28310.47,4559700
2025-12-24 00:00:00+08:00,28383.61,28486.38,28280.59,28371.98,4612900
2025-12-26 00:00:00+08:00,28443.48,28590.91,28404.34,28556.02,4511200
2025-12-29 00:00:00+08:00,28662.79,28841.64,28595.35,28810.89,4440500
2025-12-30 00:00:00+08:00,28723.82,28833.03,28553.64,28707.13,5135300
